type,id,mac,rssi,rate,sig_mode,mcs,bandwidth,smoothing,not_sounding,aggregation,stbc,fec_coding,sgi,noise_floor,ampdu_cnt,channel,secondary_channel,local_timestamp,ant,sig_len,rx_state,len,first_word,data,user,position,environment
CSI_DATA,898966,b2:1f:e7:2b:79:66,-36,11,1,7,0,1,1,0,1,0,1,-97,0,1,0,-114281951,0,83,0,128,1,"[83,-80,4,0,-17,-1,-17,-1,-17,-1,-17,0,-16,0,-15,-1,-14,-1,-14,-1,-13,-2,-12,-3,-11,-4,-10,-5,-9,-6,-8,-7,-7,-8,-6,-9,-5,-10,-4,-11,-4,-11,-3,-11,-2,-11,-2,-11,-1,-10,-1,-10,-1,-9,0,-3,0,0,0,0,0,0,0,0,0,0,0,0,0,0,0,0,0,0,-1,-1,-2,-3,-1,-4,0,-4,1,-5,2,-6,3,-7,4,-7,5,-8,5,-8,6,-8,6,-9,6,-9,6,-9,5,-9,4,-9,3,-9,1,-9,0,-9,-2,-8,-4,-8,-6,-7,-8,-7,-9,-6,-11,-5,-13,-4,-14,-4]",giovani,unknown,unknown
CSI_DATA,898968,b2:1f:e7:2b:79:66,-36,11,1,7,0,1,1,0,1,0,1,-97,0,1,0,-114271014,0,83,0,128,1,"[83,-80,4,0,-3,16,-2,16,-2,16,-2,15,-2,15,-2,14,-2,13,-2,12,-3,11,-4,10,-5,9,-6,8,-7,7,-8,6,-9,5,-10,4,-10,3,-11,2,-11,1,-11,1,-11,0,-11,-1,-10,-1,-10,-1,-9,-2,-3,-1,0,0,0,0,0,0,0,0,0,0,0,0,0,0,0,0,0,0,-1,0,-3,1,-4,0,-5,-1,-5,-2,-6,-3,-6,-4,-7,-5,-7,-6,-8,-7,-8,-7,-8,-8,-9,-8,-9,-8,-9,-7,-9,-6,-9,-5,-9,-3,-9,-2,-8,0,-8,2,-8,4,-7,6,-7,8,-6,10,-5,11,-4,13]",giovani,unknown,unknown
CSI_DATA,898970,b2:1f:e7:2b:79:66,-36,11,1,7,0,1,1,0,1,0,1,-97,0,1,0,-114261994,0,83,0,128,1,"[83,-80,4,0,14,-8,14,-8,14,-8,14,-8,13,-8,13,-7,12,-7,12,-6,11,-5,10,-4,10,-2,10,-1,10,1,9,2,9,4,8,5,8,6,7,7,7,7,6,8,6,8,5,8,4,8,4,8,3,7,0,1,0,0,0,0,0,0,0,0,0,0,0,0,0,0,0,0,0,0,0,0,2,1,2,2,1,3,0,4,0,5,-1,6,-2,7,-2,8,-3,9,-3,10,-3,10,-3,10,-2,10,-2,10,-1,9,0,9,1,8,2,7,4,6,5,5,7,4,8,2,10,0,11,-1,12,-3,13,-4]",giovani,unknown,unknown
CSI_DATA,898972,b2:1f:e7:2b:79:66,-40,11,1,7,0,1,1,0,1,0,1,-97,0,1,0,-114251714,0,83,0,128,1,"[83,-80,4,0,32,-22,31,-23,30,-24,30,-23,29,-22,28,-21,27,-20,26,-17,25,-15,24,-12,24,-9,23,-5,23,-1,23,3,22,6,21,9,20,12,19,14,18,16,17,17,16,18,15,18,13,18,12,18,11,17,2,4,0,0,0,0,0,0,0,0,0,0,0,0,0,0,0,0,0,0,1,0,6,2,6,4,5,7,4,10,3,13,2,15,1,18,0,20,0,22,0,23,0,24,0,25,1,24,2,23,4,22,6,20,8,18,10,15,13,12,16,9,19,5,21,1,24,-3,27,-8,29,-12,30,-15]",giovani,unknown,unknown
CSI_DATA,898974,b2:1f:e7:2b:79:66,-36,11,1,7,0,1,1,0,1,0,1,-97,0,1,0,-114236116,0,83,0,128,1,"[83,-80,4,0,-11,-12,-12,-12,-12,-12,-11,-11,-11,-11,-11,-10,-10,-10,-9,-10,-8,-10,-7,-9,-5,-9,-4,-10,-2,-10,-1,-10,0,-10,2,-10,3,-10,4,-10,5,-9,5,-9,6,-9,6,-8,6,-8,6,-7,6,-7,1,-2,0,0,0,0,0,0,0,0,0,0,0,0,0,0,0,0,0,0,0,-1,0,-3,1,-3,2,-2,3,-2,5,-2,6,-2,7,-1,8,-1,9,-1,9,-1,10,-1,10,-1,10,-2,10,-2,9,-3,8,-4,7,-5,6,-6,4,-7,3,-7,1,-8,-1,-9,-2,-10,-4,-11,-6,-12,-7,-12]",giovani,unknown,unknown
CSI_DATA,898976,b2:1f:e7:2b:79:66,-36,11,1,7,0,1,1,0,1,0,1,-97,0,1,0,-114230625,0,83,0,128,1,"[83,-80,4,0,-16,7,-16,7,-15,7,-15,7,-14,7,-13,7,-13,6,-12,5,-12,4,-12,3,-11,2,-11,0,-11,-1,-11,-3,-10,-4,-10,-6,-9,-7,-9,-8,-8,-8,-8,-9,-8,-9,-7,-9,-6,-9,-6,-9,-5,-9,-2,-2,0,0,0,0,0,0,0,0,0,0,0,0,0,0,0,0,0,0,-1,-1,-3,-2,-3,-3,-2,-4,-1,-5,0,-6,0,-7,1,-8,1,-9,2,-10,2,-11,2,-11,2,-11,2,-11,1,-11,0,-11,-1,-10,-2,-9,-4,-8,-5,-7,-6,-6,-8,-4,-9,-3,-11,-1,-12,0,-13,2,-14,3]",giovani,unknown,unknown
CSI_DATA,898978,b2:1f:e7:2b:79:66,-40,11,1,7,0,1,1,0,1,0,1,-97,0,1,0,-114222025,0,83,0,128,1,"[83,-80,4,0,-39,-10,-40,-9,-39,-9,-38,-8,-37,-8,-36,-8,-34,-8,-32,-9,-29,-11,-26,-12,-23,-14,-20,-16,-17,-18,-15,-20,-11,-22,-8,-24,-6,-25,-3,-26,-1,-27,1,-27,2,-27,3,-26,4,-24,5,-23,6,-22,1,-6,0,0,0,0,0,0,0,0,0,0,0,0,0,0,0,0,0,0,-1,-2,-4,-7,-1,-8,2,-9,4,-10,7,-11,10,-12,13,-13,16,-14,17,-15,19,-16,20,-17,20,-17,18,-17,17,-18,14,-18,12,-19,9,-19,5,-19,1,-20,-4,-20,-9,-19,-14,-18,-19,-18,-24,-17,-28,-15,-31,-14]",giovani,unknown,unknown
CSI_DATA,898980,b2:1f:e7:2b:79:66,-36,11,1,7,0,1,1,0,1,0,1,-97,0,1,0,-114212057,0,83,0,128,1,"[83,-80,4,0,15,-5,15,-6,15,-6,15,-6,14,-6,14,-6,13,-5,13,-4,12,-4,11,-2,11,-1,10,0,10,2,9,3,9,5,8,6,8,7,7,8,7,8,6,9,6,9,5,9,4,9,3,8,3,8,0,2,0,0,0,0,0,0,0,0,0,0,0,0,0,0,0,0,0,0,0,0,2,2,1,2,0,3,-1,4,-2,5,-3,6,-4,7,-4,8,-5,8,-5,9,-5,9,-5,10,-5,10,-4,9,-3,9,-2,9,-1,8,1,8,2,7,4,6,6,5,8,3,9,2,11,1,13,0,14,-1]",giovani,unknown,unknown
CSI_DATA,900228,b2:1f:e7:2b:79:66,-42,11,1,7,0,1,1,0,1,0,1,-97,0,1,0,-108222009,0,83,0,128,1,"[83,-80,4,0,-27,31,-26,32,-25,31,-24,30,-23,29,-22,27,-21,25,-20,22,-19,19,-19,16,-19,12,-19,8,-19,4,-19,0,-19,-4,-18,-7,-18,-11,-17,-13,-16,-16,-15,-17,-14,-19,-13,-19,-12,-19,-10,-20,-9,-20,-3,-5,0,0,0,0,0,0,0,0,0,0,0,0,0,0,0,0,0,0,-2,2,-5,7,-6,5,-7,2,-7,-1,-8,-4,-8,-7,-9,-10,-9,-12,-10,-14,-10,-16,-11,-17,-12,-17,-12,-17,-13,-16,-14,-15,-15,-13,-17,-10,-18,-7,-19,-4,-21,0,-22,4,-23,8,-25,13,-26,17,-27,21,-27,25]",giovani,unknown,unknown
CSI_DATA,900230,b2:1f:e7:2b:79:66,-43,11,1,7,0,1,1,0,1,0,1,-97,0,1,0,-108209940,0,83,0,128,1,"[83,-80,4,0,25,-32,24,-33,23,-32,22,-31,21,-30,20,-28,19,-26,18,-24,18,-21,18,-17,18,-13,18,-10,18,-5,18,-1,18,3,17,6,16,9,16,12,15,14,14,16,13,17,12,18,11,18,9,18,8,18,2,4,0,0,0,0,0,0,0,0,0,0,0,0,0,0,0,0,0,0,0,-2,3,-8,4,-6,5,-3,6,0,7,3,7,5,8,8,8,10,9,13,9,14,10,15,10,15,11,15,12,15,13,13,14,11,15,8,17,5,18,2,19,-1,21,-6,22,-10,23,-15,24,-19,25,-23,25,-26]",giovani,unknown,unknown
CSI_DATA,900232,b2:1f:e7:2b:79:66,-43,11,1,7,0,1,1,0,1,0,1,-97,0,1,0,-108190677,0,83,0,128,1,"[83,-80,4,0,-35,29,-34,30,-33,30,-31,29,-30,28,-29,26,-27,24,-26,21,-25,17,-24,14,-23,10,-23,6,-22,1,-21,-3,-20,-8,-19,-11,-18,-15,-16,-18,-15,-20,-14,-22,-12,-23,-11,-23,-9,-23,-8,-23,-7,-23,-2,-6,0,0,0,0,0,0,0,0,0,0,0,0,0,0,0,0,0,0,-2,2,-6,7,-7,4,-7,1,-8,-2,-8,-5,-8,-9,-8,-12,-8,-14,-8,-17,-9,-19,-9,-20,-9,-21,-10,-21,-11,-20,-13,-18,-15,-16,-16,-14,-18,-11,-21,-7,-23,-4,-25,1,-27,5,-29,10,-31,15,-33,19,-34,22]",giovani,unknown,unknown
CSI_DATA,900234,b2:1f:e7:2b:79:66,-39,11,1,7,0,1,1,0,1,0,1,-97,0,1,0,-108182442,0,83,0,128,1,"[83,-80,4,0,-15,-10,-15,-9,-15,-9,-14,-8,-14,-8,-13,-8,-12,-7,-11,-7,-9,-7,-8,-7,-7,-7,-5,-8,-3,-8,-2,-8,0,-8,2,-8,3,-8,4,-8,5,-8,6,-8,6,-7,7,-7,7,-6,7,-6,7,-6,1,-2,0,0,0,0,0,0,0,0,0,0,0,0,0,0,0,0,0,0,-1,-1,-4,-2,-3,-3,-2,-3,0,-3,1,-4,2,-4,3,-4,4,-4,5,-4,6,-5,6,-5,6,-5,6,-6,6,-6,5,-6,5,-7,3,-7,2,-8,1,-8,-1,-8,-3,-9,-5,-9,-7,-9,-9,-10,-10,-10,-12,-10]",giovani,unknown,unknown
CSI_DATA,900236,b2:1f:e7:2b:79:66,-39,11,1,7,0,1,1,0,1,0,1,-97,0,1,0,-108175289,0,83,0,128,1,"[83,-80,4,0,-7,-16,-7,-16,-7,-15,-7,-15,-7,-14,-6,-13,-6,-13,-5,-12,-4,-11,-3,-10,-2,-10,0,-9,1,-8,3,-8,4,-7,5,-6,6,-5,7,-5,8,-4,9,-3,9,-3,9,-2,9,-2,8,-1,8,-1,2,-1,0,0,0,0,0,0,0,0,0,0,0,0,0,0,0,0,0,0,-1,-1,-2,-4,-1,-4,0,-3,1,-3,2,-2,3,-1,4,-1,5,0,6,0,7,0,7,1,8,0,8,0,8,-1,8,-1,7,-2,7,-3,6,-5,5,-6,4,-7,3,-8,1,-10,0,-11,-1,-12,-2,-14,-3,-15]",giovani,unknown,unknown
CSI_DATA,900238,b2:1f:e7:2b:79:66,-42,11,1,7,0,1,1,0,1,0,1,-97,0,1,0,-108168302,0,83,0,128,1,"[83,-80,4,0,25,-33,24,-34,23,-34,22,-33,21,-31,20,-29,19,-27,18,-24,17,-21,17,-18,18,-14,18,-10,18,-6,18,-2,18,2,18,5,18,9,17,11,16,14,16,15,15,17,13,18,12,18,11,18,10,18,2,4,0,0,0,0,0,0,0,0,0,0,0,0,0,0,0,0,0,0,1,-2,4,-8,5,-6,5,-3,6,0,7,3,7,6,8,9,8,11,9,13,9,15,10,16,10,17,11,16,12,15,13,14,14,12,16,9,17,6,18,3,20,-1,21,-6,22,-10,23,-15,24,-19,25,-23,26,-27]",giovani,unknown,unknown
CSI_DATA,900240,b2:1f:e7:2b:79:66,-42,11,1,7,0,1,1,0,1,0,1,-97,0,1,0,-108161623,0,83,0,128,1,"[83,-80,4,0,-34,-25,-34,-25,-34,-24,-33,-22,-32,-21,-30,-20,-27,-20,-25,-19,-21,-19,-18,-19,-14,-19,-10,-19,-6,-19,-2,-19,2,-19,6,-19,9,-18,11,-18,14,-17,16,-17,17,-16,18,-14,18,-13,18,-12,18,-11,4,-3,0,0,0,0,0,0,0,0,0,0,0,0,0,0,0,0,0,0,-3,-2,-8,-5,-6,-6,-3,-6,0,-7,3,-8,6,-9,9,-9,11,-10,13,-10,15,-11,16,-11,17,-12,16,-12,15,-13,14,-14,12,-16,9,-17,6,-18,2,-19,-2,-21,-6,-22,-10,-23,-15,-24,-19,-25,-24,-26,-27,-26]",giovani,unknown,unknown
CSI_DATA,900242,b2:1f:e7:2b:79:66,-42,11,1,7,0,1,1,0,1,0,1,-97,0,1,0,-108146786,0,83,0,128,1,"[83,-80,4,0,-16,37,-16,38,-15,37,-14,36,-13,34,-13,32,-12,30,-12,27,-13,24,-14,21,-15,17,-16,13,-17,9,-18,5,-19,1,-20,-2,-20,-5,-20,-8,-20,-10,-20,-12,-19,-14,-18,-15,-17,-15,-16,-16,-15,-16,-4,-4,0,0,0,0,0,0,0,0,0,0,0,0,0,0,0,0,0,0,-1,2,-3,8,-4,6,-6,4,-7,1,-9,-2,-10,-4,-11,-7,-12,-9,-14,-11,-15,-12,-15,-13,-16,-13,-17,-13,-17,-12,-18,-10,-19,-8,-19,-5,-19,-2,-19,2,-20,6,-20,10,-20,15,-20,20,-19,24,-19,28,-18,32]",giovani,unknown,unknown
CSI_DATA,900244,b2:1f:e7:2b:79:66,-42,11,1,7,0,1,1,0,1,0,1,-97,0,1,0,-108138957,0,83,0,128,1,"[83,-80,4,0,-24,-40,-25,-40,-25,-39,-24,-37,-23,-35,-22,-34,-20,-32,-18,-30,-15,-28,-11,-27,-7,-25,-3,-24,1,-22,6,-21,10,-19,14,-17,17,-15,19,-13,21,-12,23,-10,24,-9,24,-7,24,-6,23,-5,23,-4,5,-1,0,0,0,0,0,0,0,0,0,0,0,0,0,0,0,0,0,0,-2,-3,-6,-8,-4,-8,0,-8,3,-7,7,-7,10,-6,13,-5,15,-5,18,-4,20,-4,22,-4,22,-5,22,-5,22,-7,20,-9,19,-11,17,-13,14,-16,11,-19,7,-22,3,-25,-1,-28,-5,-31,-10,-34,-14,-37,-17,-39]",giovani,unknown,unknown
CSI_DATA,900246,b2:1f:e7:2b:79:66,-42,11,1,7,0,1,1,0,1,0,1,-97,0,1,0,-108137723,0,83,0,128,1,"[83,-80,4,0,23,-34,22,-34,21,-34,20,-33,19,-31,18,-30,18,-28,17,-25,17,-22,17,-19,17,-15,17,-11,17,-7,18,-3,18,0,18,4,18,7,18,10,17,12,17,14,16,15,15,16,14,16,12,17,11,16,2,4,0,0,0,0,0,0,0,0,0,0,0,0,0,0,0,0,0,0,1,-2,4,-8,5,-6,6,-3,6,0,7,3,7,6,7,9,8,11,8,13,9,15,9,16,10,16,10,16,12,15,13,14,14,11,15,9,17,6,18,2,19,-1,21,-6,22,-10,23,-15,24,-19,25,-23,25,-27]",giovani,unknown,unknown
CSI_DATA,900248,b2:1f:e7:2b:79:66,-43,11,1,7,0,1,1,0,1,0,1,-97,0,1,0,-108123348,0,83,0,128,1,"[83,-80,4,0,-32,26,-31,26,-30,26,-29,26,-27,24,-26,23,-25,21,-23,19,-22,15,-21,12,-21,8,-20,5,-19,1,-19,-3,-18,-7,-17,-10,-16,-13,-14,-16,-13,-18,-12,-20,-11,-21,-10,-21,-8,-21,-7,-21,-6,-20,-2,-5,0,0,0,0,0,0,0,0,0,0,0,0,0,0,0,0,0,0,-2,1,-6,6,-6,3,-7,1,-7,-2,-7,-5,-7,-8,-7,-11,-6,-13,-7,-15,-7,-17,-7,-18,-7,-19,-8,-19,-9,-18,-11,-17,-12,-15,-14,-13,-16,-10,-18,-7,-20,-4,-22,0,-24,4,-26,9,-28,12,-30,16,-31,19]",giovani,unknown,unknown
CSI_DATA,900250,b2:1f:e7:2b:79:66,-42,11,1,7,0,1,1,0,1,0,1,-97,0,1,0,-108121934,0,83,0,128,1,"[83,-80,4,0,10,44,11,44,12,42,12,41,11,39,11,37,9,35,7,32,5,30,2,27,-2,25,-5,22,-9,19,-12,17,-16,14,-19,11,-21,9,-23,6,-24,4,-26,2,-26,0,-26,-1,-25,-2,-24,-3,-24,-4,-6,-1,0,0,0,0,0,0,0,0,0,0,0,0,0,0,0,0,0,0,0,2,3,9,0,8,-3,6,-6,5,-9,3,-12,2,-15,0,-17,-1,-19,-2,-21,-3,-22,-3,-23,-3,-23,-2,-23,-1,-22,1,-22,4,-20,7,-18,10,-16,13,-13,17,-11,21,-8,26,-5,30,-1,34,2,37,5,40]",giovani,unknown,unknown
CSI_DATA,900252,b2:1f:e7:2b:79:66,-39,11,1,7,0,1,1,0,1,0,1,-97,0,1,0,-108121736,0,83,0,128,1,"[83,-80,4,0,7,-15,6,-15,6,-15,6,-14,5,-14,5,-13,5,-12,5,-11,5,-10,5,-9,5,-7,6,-6,6,-4,6,-3,7,-1,7,0,8,1,8,3,8,3,8,4,7,5,7,5,7,5,6,5,6,5,1,1,0,0,0,0,0,0,0,0,0,0,0,0,0,0,0,0,0,0,0,-1,1,-3,2,-3,2,-1,2,0,3,1,3,2,3,3,3,4,3,5,4,6,4,6,4,6,4,6,5,6,5,5,5,4,6,3,6,2,7,0,7,-1,7,-3,8,-5,8,-7,8,-9,8,-10,8,-12]",giovani,unknown,unknown
CSI_DATA,900254,b2:1f:e7:2b:79:66,-43,11,1,7,0,1,1,0,1,0,1,-97,0,1,0,-108105903,0,83,0,128,1,"[83,-80,4,0,-23,-34,-24,-34,-24,-33,-24,-31,-22,-30,-21,-28,-19,-27,-17,-26,-14,-24,-11,-23,-8,-22,-4,-21,0,-20,3,-18,7,-17,11,-16,13,-15,16,-13,18,-12,19,-11,20,-10,20,-9,20,-7,20,-6,20,-5,5,-2,0,0,0,0,0,0,0,0,0,0,0,0,0,0,0,0,0,0,-2,-2,-6,-8,-3,-7,0,-7,3,-6,5,-6,8,-5,11,-5,13,-4,15,-4,17,-3,18,-4,19,-4,19,-5,18,-6,17,-8,16,-10,14,-12,12,-14,8,-17,5,-19,2,-22,-2,-25,-5,-27,-10,-30,-13,-32,-16,-34]",giovani,unknown,unknown
CSI_DATA,900256,b2:1f:e7:2b:79:66,-42,11,1,7,0,1,1,0,1,0,1,-97,0,1,0,-108086762,0,83,0,128,1,"[83,-80,4,0,-1,46,0,46,1,45,1,43,1,41,0,39,0,36,-1,33,-3,30,-5,26,-8,23,-11,19,-13,15,-16,12,-19,8,-21,4,-22,1,-24,-2,-24,-5,-25,-7,-25,-9,-24,-10,-23,-11,-22,-12,-21,-13,-5,-4,0,0,0,0,0,0,0,0,0,0,0,0,0,0,0,0,0,0,0,2,2,8,-1,7,-4,5,-7,3,-9,1,-12,-1,-14,-3,-16,-5,-19,-7,-20,-8,-22,-8,-22,-8,-23,-7,-23,-6,-23,-4,-22,-1,-22,2,-21,6,-19,10,-18,14,-16,19,-14,24,-12,29,-9,33,-7,38,-5,41]",giovani,unknown,unknown
CSI_DATA,900258,b2:1f:e7:2b:79:66,-39,11,1,7,0,1,1,0,1,0,1,-97,0,1,0,-108078581,0,83,0,128,1,"[83,-80,4,0,-10,-15,-10,-15,-10,-14,-10,-13,-9,-13,-9,-12,-8,-12,-7,-11,-6,-10,-5,-10,-4,-9,-2,-9,-1,-9,1,-8,3,-8,4,-7,5,-7,6,-6,7,-6,8,-5,8,-5,8,-5,8,-4,8,-4,8,-3,2,-1,0,0,0,0,0,0,0,0,0,0,0,0,0,0,0,0,0,0,-1,-1,-3,-4,-2,-4,-1,-3,1,-3,2,-3,3,-2,4,-2,5,-2,6,-2,7,-2,7,-2,8,-2,8,-2,8,-3,7,-3,7,-4,6,-5,5,-6,4,-7,2,-8,1,-9,-1,-10,-2,-11,-4,-12,-5,-14,-6,-14]",giovani,unknown,unknown
CSI_DATA,900260,b2:1f:e7:2b:79:66,-42,11,1,7,0,1,1,0,1,0,1,-97,0,1,0,-108070839,0,83,0,128,1,"[83,-80,4,0,-11,-46,-12,-45,-13,-44,-13,-42,-12,-40,-11,-38,-10,-36,-8,-34,-6,-31,-3,-29,0,-26,4,-23,8,-21,11,-18,15,-15,18,-12,20,-9,22,-7,24,-5,25,-3,26,-1,25,0,25,1,24,2,23,3,5,0,0,0,0,0,0,0,0,0,0,0,0,0,0,0,0,0,0,0,-1,-3,-4,-10,-1,-9,2,-7,5,-6,8,-4,11,-3,13,-1,16,0,18,1,20,2,22,2,22,2,23,1,23,0,22,-2,21,-5,20,-8,18,-11,15,-15,13,-19,10,-23,7,-27,4,-32,1,-36,-3,-39,-5,-42]",giovani,unknown,unknown
CSI_DATA,900262,b2:1f:e7:2b:79:66,-42,11,1,7,0,1,1,0,1,0,1,-97,0,1,0,-108068748,0,83,0,128,1,"[83,-80,4,0,-23,-35,-24,-35,-23,-34,-23,-32,-22,-30,-21,-29,-19,-28,-16,-26,-14,-25,-10,-24,-7,-22,-3,-21,1,-20,5,-19,8,-17,12,-16,14,-14,17,-13,19,-11,20,-10,21,-9,21,-7,21,-6,21,-5,20,-4,5,-1,0,0,0,0,0,0,0,0,0,0,0,0,0,0,0,0,0,0,-2,-2,-6,-7,-4,-7,-1,-7,2,-6,5,-6,8,-6,10,-6,13,-5,15,-5,17,-5,18,-5,19,-6,19,-6,18,-7,17,-9,16,-11,14,-13,11,-15,8,-18,5,-20,1,-23,-2,-25,-6,-28,-10,-30,-14,-32,-17,-34]",giovani,unknown,unknown
CSI_DATA,900264,b2:1f:e7:2b:79:66,-42,11,1,7,0,1,1,0,1,0,1,-97,0,1,0,-108059961,0,83,0,128,1,"[83,-80,4,0,-25,-34,-25,-34,-25,-32,-25,-31,-23,-29,-22,-28,-20,-27,-18,-25,-15,-24,-12,-23,-8,-22,-4,-21,-1,-20,3,-18,7,-17,11,-16,14,-15,16,-13,18,-12,20,-11,21,-10,21,-8,21,-7,21,-6,20,-5,5,-2,0,0,0,0,0,0,0,0,0,0,0,0,0,0,0,0,0,0,-2,-2,-6,-7,-4,-7,-1,-7,2,-6,5,-6,8,-6,11,-5,13,-5,15,-5,17,-5,18,-5,19,-6,19,-6,18,-8,17,-9,16,-11,14,-13,11,-15,8,-18,4,-20,1,-22,-3,-25,-7,-28,-11,-30,-15,-32,-18,-33]",giovani,unknown,unknown
CSI_DATA,900266,b2:1f:e7:2b:79:66,-42,11,1,7,0,1,1,0,1,0,1,-97,0,1,0,-108050265,0,83,0,128,1,"[83,-80,4,0,44,-13,43,-14,42,-15,41,-15,39,-14,37,-13,35,-12,32,-10,30,-7,27,-4,25,0,22,3,20,7,18,11,15,14,12,17,10,20,7,22,5,24,3,25,2,25,0,25,-1,25,-3,24,-4,23,-1,5,0,0,0,0,0,0,0,0,0,0,0,0,0,0,0,0,0,0,2,-2,9,-4,8,-2,6,1,5,4,4,7,2,10,1,13,0,16,-1,18,-2,20,-2,21,-2,22,-1,22,1,22,3,21,5,20,8,18,11,16,15,14,19,12,23,9,26,5,30,2,34,-1,38,-4,40,-7]",giovani,unknown,unknown
CSI_DATA,900268,b2:1f:e7:2b:79:66,-42,11,1,7,0,1,1,0,1,0,1,-97,0,1,0,-108042290,0,83,0,128,1,"[83,-80,4,0,41,-5,40,-6,39,-6,38,-6,36,-6,34,-6,32,-5,30,-3,27,-1,24,1,21,4,19,6,16,9,13,12,11,15,8,17,5,19,3,21,1,22,-1,22,-3,22,-4,22,-5,21,-6,20,-7,20,-2,4,0,0,0,0,0,0,0,0,0,0,0,0,0,0,0,0,0,0,2,-1,8,-2,7,0,5,2,4,4,2,7,0,10,-2,12,-3,14,-4,15,-5,17,-6,18,-6,19,-5,19,-4,19,-2,19,0,18,3,17,7,16,10,15,14,13,18,11,22,9,26,7,30,5,34,3,37,1]",giovani,unknown,unknown
CSI_DATA,900270,b2:1f:e7:2b:79:66,-42,11,1,7,0,1,1,0,1,0,1,-97,0,1,0,-108042023,0,83,0,128,1,"[83,-80,4,0,45,10,45,9,44,8,43,8,41,7,39,7,36,7,33,8,29,9,25,11,21,12,17,14,13,16,9,18,5,20,1,21,-3,22,-6,23,-8,23,-11,23,-12,22,-14,22,-15,20,-15,19,-16,18,-4,4,0,0,0,0,0,0,0,0,0,0,0,0,0,0,0,0,0,0,2,-1,9,0,7,2,5,4,2,6,0,8,-3,11,-5,12,-8,14,-10,16,-11,17,-12,18,-12,19,-12,19,-10,20,-8,20,-6,20,-3,20,2,20,6,20,11,20,16,19,20,18,25,17,31,16,36,15,39,13]",giovani,unknown,unknown
CSI_DATA,900272,b2:1f:e7:2b:79:66,-42,11,1,7,0,1,1,0,1,0,1,-97,0,1,0,-108030101,0,83,0,128,1,"[83,-80,4,0,42,-18,42,-19,41,-20,39,-19,37,-18,36,-17,33,-15,31,-13,29,-10,27,-7,25,-3,23,0,20,5,18,9,16,13,14,16,12,19,10,21,8,23,6,24,4,25,3,25,1,24,0,24,-1,23,-1,5,0,0,0,0,0,0,0,0,0,0,0,0,0,0,0,0,0,0,2,-2,8,-5,7,-3,7,0,6,3,5,7,4,10,3,13,2,15,1,18,1,20,1,21,1,22,2,22,4,21,5,20,7,19,10,17,13,15,17,12,20,10,24,6,27,2,31,-2,34,-5,38,-9,40,-12]",giovani,unknown,unknown
CSI_DATA,900274,b2:1f:e7:2b:79:66,-43,11,1,7,0,1,1,0,1,0,1,-97,0,1,0,-108029497,0,83,0,128,1,"[83,-80,4,0,38,12,38,11,38,10,37,9,35,9,33,9,31,9,28,9,25,10,21,10,18,12,14,13,11,15,7,16,3,18,0,19,-3,19,-6,20,-8,20,-10,20,-12,19,-13,18,-13,17,-14,16,-14,15,-4,3,0,0,0,0,0,0,0,0,0,0,0,0,0,0,0,0,0,0,2,0,8,1,6,2,4,4,1,6,-1,7,-4,9,-6,10,-8,11,-10,12,-11,13,-12,14,-12,15,-12,16,-11,16,-9,17,-7,17,-4,18,-1,18,3,18,7,18,12,18,16,17,21,16,25,16,30,15,33,15]",giovani,unknown,unknown
CSI_DATA,900276,b2:1f:e7:2b:79:66,-42,11,1,7,0,1,1,0,1,0,1,-97,0,1,0,-108028890,0,83,0,128,1,"[83,-80,4,0,38,13,38,12,37,11,36,10,35,10,33,9,31,9,28,10,24,10,21,11,17,12,14,14,10,15,6,17,3,18,-1,19,-4,19,-6,19,-9,20,-11,19,-12,19,-13,18,-14,17,-15,16,-15,15,-4,3,0,0,0,0,0,0,0,0,0,0,0,0,0,0,0,0,0,0,2,0,8,2,6,3,3,4,1,6,-2,7,-4,9,-7,10,-9,11,-11,12,-12,13,-13,14,-13,14,-13,15,-11,16,-10,16,-8,17,-5,17,-1,17,3,18,7,18,11,18,16,18,20,18,25,17,29,17,32,16]",giovani,unknown,unknown
CSI_DATA,900278,b2:1f:e7:2b:79:66,-42,11,1,7,0,1,1,0,1,0,1,-97,0,1,0,-108014539,0,83,0,128,1,"[83,-80,4,0,42,-19,42,-19,40,-20,39,-20,37,-19,35,-17,33,-16,31,-13,29,-10,26,-7,24,-3,22,0,20,4,18,9,16,12,14,16,11,19,9,21,7,23,6,24,4,25,3,25,1,24,0,24,-1,23,-1,5,0,0,0,0,0,0,0,0,0,0,0,0,0,0,0,0,0,0,2,-2,8,-5,7,-3,6,0,6,3,5,7,3,10,2,13,2,15,1,18,1,20,1,21,1,21,2,22,3,21,5,20,7,19,10,17,13,15,16,12,20,10,23,6,27,2,30,-2,34,-5,37,-9,39,-12]",giovani,unknown,unknown
CSI_DATA,900280,b2:1f:e7:2b:79:66,-39,11,1,7,0,1,1,0,1,0,1,-97,0,1,0,-108007620,0,83,0,128,1,"[83,-80,4,0,-14,9,-14,10,-13,10,-12,10,-12,9,-11,8,-11,8,-10,7,-10,5,-9,4,-9,3,-9,1,-8,0,-8,-2,-8,-4,-7,-5,-7,-6,-6,-7,-6,-8,-5,-9,-5,-9,-4,-9,-4,-9,-3,-9,-3,-9,-1,-3,0,0,0,0,0,0,0,0,0,0,0,0,0,0,0,0,0,0,-1,0,-3,2,-3,1,-3,-1,-3,-2,-3,-3,-2,-4,-2,-5,-2,-6,-2,-7,-2,-8,-2,-8,-2,-9,-2,-9,-3,-8,-3,-8,-4,-7,-5,-6,-6,-5,-7,-4,-8,-3,-9,-1,-10,0,-11,2,-12,4,-13,5,-13,6]",giovani,unknown,unknown
CSI_DATA,900282,b2:1f:e7:2b:79:66,-42,11,1,7,0,1,1,0,1,0,1,-97,0,1,0,-107984992,0,83,0,128,1,"[83,-80,4,0,-47,11,-46,12,-45,13,-43,13,-41,12,-39,11,-37,9,-34,7,-31,4,-29,1,-26,-2,-23,-6,-20,-9,-18,-13,-15,-16,-12,-19,-9,-22,-6,-24,-4,-26,-2,-27,0,-27,1,-27,2,-26,4,-25,4,-24,1,-6,0,0,0,0,0,0,0,0,0,0,0,0,0,0,0,0,0,0,-3,1,-10,3,-9,0,-7,-3,-6,-6,-5,-9,-3,-12,-1,-15,0,-18,1,-20,2,-22,2,-23,2,-24,1,-24,0,-24,-2,-23,-5,-22,-8,-21,-11,-19,-15,-17,-20,-14,-24,-11,-28,-8,-32,-4,-36,-1,-40,2,-42,5]",giovani,unknown,unknown
CSI_DATA,900284,b2:1f:e7:2b:79:66,-39,11,1,7,0,1,1,0,1,0,1,-97,0,1,0,-107976883,0,83,0,128,1,"[83,-80,4,0,-1,-17,-2,-17,-2,-17,-2,-16,-2,-15,-2,-15,-2,-14,-1,-13,-1,-12,0,-11,1,-10,2,-9,4,-8,5,-7,6,-6,7,-4,8,-3,8,-2,9,-1,9,-1,9,0,9,0,9,1,9,1,8,1,2,0,0,0,0,0,0,0,0,0,0,0,0,0,0,0,0,0,0,0,-1,-1,0,-4,0,-4,1,-3,2,-2,3,-1,4,0,4,1,5,1,6,2,7,3,7,3,7,3,7,3,7,2,7,2,7,0,7,-1,6,-2,6,-4,6,-5,5,-7,4,-9,3,-11,2,-12,1,-14,1,-15]",giovani,unknown,unknown
CSI_DATA,900286,b2:1f:e7:2b:79:66,-42,11,1,7,0,1,1,0,1,0,1,-97,0,1,0,-107976562,0,83,0,128,1,"[83,-80,4,0,10,-41,9,-41,8,-41,7,-39,7,-37,7,-35,7,-33,7,-30,8,-27,9,-24,11,-21,13,-17,14,-13,16,-10,18,-6,19,-3,20,0,21,3,21,5,21,7,21,9,20,10,19,11,18,11,17,11,4,3,0,0,0,0,0,0,0,0,0,0,0,0,0,0,0,0,0,0,0,-3,1,-10,2,-8,4,-5,6,-3,8,0,9,2,10,4,12,6,13,8,14,10,15,10,16,10,17,10,17,9,18,7,18,4,18,1,18,-2,18,-6,18,-10,17,-14,17,-19,16,-24,15,-28,14,-32,13,-36]",giovani,unknown,unknown
CSI_DATA,900288,b2:1f:e7:2b:79:66,-42,11,1,7,0,1,1,0,1,0,1,-97,0,1,0,-107962672,0,83,0,128,1,"[83,-80,4,0,-32,27,-31,27,-30,27,-28,27,-27,26,-26,24,-25,22,-23,20,-22,16,-22,13,-21,9,-21,6,-20,2,-19,-3,-19,-6,-18,-10,-17,-13,-16,-15,-15,-18,-14,-19,-13,-20,-11,-21,-10,-21,-9,-20,-8,-20,-2,-5,0,0,0,0,0,0,0,0,0,0,0,0,0,0,0,0,0,0,-2,1,-7,5,-7,3,-7,0,-7,-3,-7,-6,-6,-9,-6,-11,-6,-14,-6,-16,-6,-17,-7,-19,-7,-19,-8,-19,-9,-18,-10,-17,-12,-15,-14,-13,-16,-10,-18,-7,-20,-4,-23,0,-25,4,-27,9,-29,13,-30,17,-31,20]",giovani,unknown,unknown
CSI_DATA,900290,b2:1f:e7:2b:79:66,-39,11,1,7,0,1,1,0,1,0,1,-97,0,1,0,-107953928,0,83,0,128,1,"[83,-80,4,0,5,-16,5,-16,4,-16,4,-15,4,-15,3,-14,3,-13,3,-12,4,-11,4,-10,4,-8,5,-7,6,-5,6,-4,7,-3,8,-1,8,0,8,1,8,2,8,3,8,3,8,4,8,4,7,4,7,4,1,1,0,0,0,0,0,0,0,0,0,0,0,0,0,0,0,0,0,0,0,-1,1,-4,1,-3,2,-2,2,-1,3,0,3,2,3,3,4,4,4,5,4,5,5,6,5,6,5,6,5,5,6,4,6,3,6,2,7,1,7,-1,7,-2,7,-4,7,-6,7,-8,7,-10,7,-12,7,-13]",giovani,unknown,unknown
CSI_DATA,900292,b2:1f:e7:2b:79:66,-39,11,1,7,0,1,1,0,1,0,1,-97,0,1,0,-107947376,0,83,0,128,1,"[83,-80,4,0,-16,-7,-16,-7,-16,-6,-15,-6,-15,-5,-14,-5,-13,-5,-12,-5,-11,-5,-9,-6,-8,-6,-7,-7,-5,-7,-3,-8,-2,-8,0,-9,1,-9,2,-9,3,-9,4,-9,4,-9,5,-9,5,-8,5,-8,5,-7,1,-2,0,0,0,0,0,0,0,0,0,0,0,0,0,0,0,0,0,0,-1,-1,-4,-2,-3,-2,-2,-3,-1,-3,0,-4,2,-4,3,-4,4,-5,4,-5,5,-5,6,-6,6,-6,5,-6,5,-6,5,-7,4,-7,2,-7,1,-8,-1,-8,-2,-8,-4,-8,-6,-8,-8,-8,-10,-8,-12,-8,-13,-8]",giovani,unknown,unknown
CSI_DATA,900294,b2:1f:e7:2b:79:66,-42,11,1,7,0,1,1,0,1,0,1,-97,0,1,0,-107940456,0,83,0,128,1,"[83,-80,4,0,-31,28,-30,28,-28,28,-27,28,-26,26,-25,25,-24,23,-22,20,-21,17,-21,13,-21,10,-20,6,-20,2,-19,-2,-18,-6,-18,-10,-17,-13,-16,-15,-15,-17,-14,-19,-13,-20,-11,-21,-10,-21,-8,-20,-8,-20,-2,-5,0,0,0,0,0,0,0,0,0,0,0,0,0,0,0,0,0,0,-2,1,-6,6,-7,4,-7,1,-7,-2,-7,-5,-7,-8,-7,-11,-8,-13,-8,-15,-8,-17,-8,-18,-9,-19,-10,-19,-11,-18,-12,-17,-14,-15,-15,-12,-17,-9,-19,-6,-21,-3,-22,1,-24,6,-26,10,-27,14,-29,18,-30,22]",giovani,unknown,unknown
CSI_DATA,900296,b2:1f:e7:2b:79:66,-42,11,1,7,0,1,1,0,1,0,1,-97,0,1,0,-107940137,0,83,0,128,1,"[83,-80,4,0,-12,39,-11,39,-10,39,-10,37,-9,35,-9,33,-9,31,-10,28,-10,25,-12,22,-13,18,-15,15,-16,11,-17,7,-19,4,-20,0,-20,-3,-21,-6,-21,-8,-21,-10,-21,-12,-20,-13,-19,-13,-17,-14,-16,-14,-4,-4,0,0,0,0,0,0,0,0,0,0,0,0,0,0,0,0,0,0,-1,2,-2,8,-4,6,-6,4,-7,1,-9,-1,-10,-4,-12,-6,-13,-8,-14,-10,-15,-11,-16,-12,-17,-12,-18,-12,-18,-11,-18,-9,-19,-6,-19,-3,-19,0,-19,3,-19,8,-18,12,-18,17,-17,22,-17,26,-16,30,-15,33]",giovani,unknown,unknown
CSI_DATA,900298,b2:1f:e7:2b:79:66,-42,11,1,7,0,1,1,0,1,0,1,-97,0,1,0,-107926991,0,83,0,128,1,"[83,-80,4,0,-27,-32,-28,-32,-28,-31,-27,-29,-26,-28,-25,-26,-23,-25,-20,-24,-17,-23,-14,-22,-10,-22,-7,-21,-3,-20,1,-19,5,-19,9,-18,12,-17,14,-16,16,-15,18,-14,19,-13,19,-11,19,-10,19,-9,19,-8,4,-2,0,0,0,0,0,0,0,0,0,0,0,0,0,0,0,0,0,0,-2,-2,-7,-7,-4,-7,-1,-7,2,-7,5,-7,8,-6,10,-6,13,-6,15,-6,17,-6,18,-6,19,-7,18,-7,17,-8,16,-10,15,-12,13,-14,10,-16,6,-18,3,-20,-1,-22,-5,-25,-9,-27,-14,-29,-18,-31,-21,-32]",giovani,unknown,unknown
CSI_DATA,900300,b2:1f:e7:2b:79:66,-42,11,1,7,0,1,1,0,1,0,1,-97,0,1,0,-107919496,0,83,0,128,1,"[83,-80,4,0,-29,-31,-29,-30,-29,-29,-28,-27,-27,-26,-25,-25,-23,-24,-21,-23,-18,-22,-15,-22,-11,-21,-7,-21,-3,-20,1,-20,5,-19,8,-18,11,-17,14,-16,16,-15,18,-14,19,-13,19,-12,19,-11,19,-10,19,-9,4,-2,0,0,0,0,0,0,0,0,0,0,0,0,0,0,0,0,0,0,-2,-2,-7,-7,-5,-7,-2,-7,1,-7,4,-7,7,-7,10,-7,12,-7,14,-7,16,-7,17,-8,18,-8,18,-9,17,-10,15,-11,14,-13,12,-15,9,-16,5,-18,1,-20,-3,-22,-7,-24,-11,-26,-15,-28,-19,-29,-22,-30]",giovani,unknown,unknown
CSI_DATA,900302,b2:1f:e7:2b:79:66,-39,11,1,7,0,1,1,0,1,0,1,-97,0,1,0,-107910492,0,83,0,128,1,"[83,-80,4,0,-9,14,-9,14,-9,14,-8,13,-8,12,-7,12,-7,11,-7,10,-7,9,-7,7,-7,6,-8,4,-8,3,-8,1,-8,0,-9,-2,-9,-3,-8,-4,-8,-5,-8,-6,-8,-7,-8,-7,-7,-7,-7,-7,-6,-7,-2,-2,0,0,0,0,0,0,0,0,0,0,0,0,0,0,0,0,0,0,-1,0,-3,3,-3,2,-3,0,-3,-1,-4,-2,-4,-3,-4,-4,-4,-5,-4,-6,-5,-7,-5,-7,-5,-7,-5,-7,-6,-7,-6,-6,-7,-5,-7,-4,-7,-3,-8,-2,-8,0,-9,2,-9,4,-9,6,-10,8,-10,10,-10,11]",giovani,unknown,unknown
CSI_DATA,900304,b2:1f:e7:2b:79:66,-43,11,1,7,0,1,1,0,1,0,1,-97,0,1,0,-107886555,0,83,0,128,1,"[83,-80,4,0,-29,34,-28,35,-27,35,-25,34,-24,32,-23,30,-22,28,-21,25,-21,21,-21,17,-21,13,-21,9,-21,5,-21,0,-21,-4,-20,-8,-19,-11,-19,-14,-18,-17,-18,-19,-16,-20,-15,-21,-14,-21,-12,-21,-11,-21,-3,-6,0,0,0,0,0,0,0,0,0,0,0,0,0,0,0,0,0,0,-2,2,-6,7,-7,5,-7,1,-8,-2,-9,-5,-9,-8,-9,-11,-10,-14,-10,-16,-11,-18,-11,-19,-12,-19,-12,-19,-13,-18,-15,-17,-16,-15,-18,-11,-19,-8,-21,-4,-22,0,-24,4,-25,9,-27,14,-28,19,-29,23,-29,27]",giovani,unknown,unknown
CSI_DATA,900306,b2:1f:e7:2b:79:66,-39,11,1,7,0,1,1,0,1,0,1,-97,0,1,0,-107875903,0,83,0,128,1,"[83,-80,4,0,10,-14,10,-14,9,-14,9,-14,8,-13,8,-12,8,-11,7,-10,7,-9,7,-8,7,-6,7,-4,7,-3,7,-1,7,1,7,2,7,3,7,5,7,6,6,6,6,7,6,7,5,7,4,7,4,7,1,1,0,0,0,0,0,0,0,0,0,0,0,0,0,0,0,0,0,0,0,-1,2,-3,2,-3,2,-1,2,0,2,1,2,3,2,4,3,4,3,5,3,6,3,7,3,7,4,7,4,7,5,6,5,5,6,4,6,2,7,1,7,0,8,-2,9,-4,9,-6,10,-8,10,-10,10,-11]",giovani,unknown,unknown
CSI_DATA,900308,b2:1f:e7:2b:79:66,-42,11,1,7,0,1,1,0,1,0,1,-97,0,1,0,-107875561,0,83,0,128,1,"[83,-80,4,0,42,-2,42,-3,41,-4,39,-4,38,-4,35,-3,33,-2,30,-1,27,1,25,3,22,5,18,8,15,11,12,13,9,16,6,18,3,20,0,21,-2,22,-4,22,-6,22,-7,22,-8,21,-9,20,-10,19,-3,4,0,0,0,0,0,0,0,0,0,0,0,0,0,0,0,0,0,0,2,-1,8,-2,7,0,5,2,4,4,2,7,0,10,-2,12,-3,14,-4,16,-5,17,-6,18,-6,19,-5,19,-3,19,-2,19,0,19,3,18,7,17,10,16,14,15,18,13,22,10,27,8,31,6,35,4,37,2]",giovani,unknown,unknown
CSI_DATA,900310,b2:1f:e7:2b:79:66,-39,11,1,7,0,1,1,0,1,0,1,-97,0,1,0,-107862500,0,83,0,128,1,"[83,-80,4,0,-13,-12,-13,-12,-13,-11,-13,-11,-12,-10,-11,-10,-10,-9,-9,-9,-8,-9,-7,-8,-5,-8,-4,-8,-2,-8,-1,-8,1,-8,3,-8,4,-8,5,-8,6,-7,6,-7,7,-7,7,-6,7,-6,7,-5,7,-5,1,-2,0,0,0,0,0,0,0,0,0,0,0,0,0,0,0,0,0,0,-1,-1,-3,-3,-2,-3,-1,-3,0,-3,1,-3,3,-3,4,-3,5,-3,6,-3,6,-3,7,-3,7,-4,7,-4,7,-4,6,-5,6,-6,5,-6,3,-7,2,-8,0,-8,-1,-9,-3,-10,-5,-10,-6,-11,-8,-12,-9,-12]",giovani,unknown,unknown
CSI_DATA,900312,b2:1f:e7:2b:79:66,-42,11,1,7,0,1,1,0,1,0,1,-97,0,1,0,-107855109,0,83,0,128,1,"[83,-80,4,0,25,32,26,31,26,30,26,29,24,27,23,26,21,25,18,24,15,22,12,21,8,20,5,20,1,19,-3,18,-7,17,-11,16,-14,15,-16,14,-18,13,-20,11,-21,10,-21,9,-21,8,-21,7,-21,6,-6,1,0,0,0,0,0,0,0,0,0,0,0,0,0,0,0,0,0,0,1,1,5,6,3,6,0,6,-3,6,-6,6,-9,5,-11,5,-14,5,-16,5,-17,5,-18,5,-19,6,-19,7,-19,8,-17,9,-16,11,-14,13,-11,15,-7,17,-4,19,0,21,4,24,8,26,12,28,17,30,20,31]",giovani,unknown,unknown
CSI_DATA,900314,b2:1f:e7:2b:79:66,-39,11,1,7,0,1,1,0,1,0,1,-97,0,1,0,-107848852,0,83,0,128,1,"[83,-80,4,0,16,0,16,0,16,-1,15,-1,15,-1,14,-1,13,0,12,0,11,0,9,1,8,2,7,3,6,4,5,5,4,7,2,7,1,8,0,8,-1,9,-2,9,-2,9,-3,9,-3,8,-3,8,-4,8,-1,2,0,0,0,0,0,0,0,0,0,0,0,0,0,0,0,0,0,0,1,-1,3,0,3,0,2,1,1,2,0,3,-1,4,-2,4,-3,5,-3,6,-4,6,-4,7,-4,7,-4,7,-3,7,-3,7,-2,7,-1,7,1,7,3,6,4,6,6,5,7,5,9,4,11,4,13,3,14,3]",giovani,unknown,unknown
CSI_DATA,900316,b2:1f:e7:2b:79:66,-39,11,1,7,0,1,1,0,1,0,1,-97,0,1,0,-107844236,0,83,0,128,1,"[83,-80,4,0,-16,-8,-16,-8,-15,-7,-15,-7,-14,-6,-13,-6,-12,-6,-11,-6,-10,-6,-9,-6,-7,-7,-6,-7,-4,-8,-3,-8,-1,-8,0,-9,2,-9,3,-9,4,-9,5,-9,5,-8,6,-8,6,-7,6,-7,6,-7,1,-2,0,0,0,0,0,0,0,0,0,0,0,0,0,0,0,0,0,0,-1,-1,-4,-2,-3,-3,-2,-3,-1,-3,0,-4,2,-4,3,-4,4,-5,4,-5,5,-5,6,-6,6,-6,6,-6,5,-7,5,-7,4,-7,3,-8,1,-8,-1,-8,-2,-8,-4,-9,-6,-9,-7,-9,-10,-9,-12,-9,-13,-9]",giovani,unknown,unknown
CSI_DATA,900318,b2:1f:e7:2b:79:66,-42,11,1,7,0,1,1,0,1,0,1,-97,0,1,0,-107838206,0,83,0,128,1,"[83,-80,4,0,12,39,12,39,13,38,13,36,12,34,11,33,10,31,8,29,6,27,3,24,0,22,-4,20,-7,18,-10,16,-14,14,-16,11,-19,9,-20,7,-22,5,-23,3,-24,2,-24,0,-23,-1,-22,-2,-21,-3,-6,-1,0,0,0,0,0,0,0,0,0,0,0,0,0,0,0,0,0,0,0,2,3,8,1,7,-2,6,-5,5,-8,3,-10,2,-12,1,-15,0,-17,-1,-19,-1,-20,-1,-20,-1,-21,0,-20,1,-20,3,-19,5,-18,8,-16,10,-13,13,-11,17,-8,20,-5,24,-2,28,1,31,4,34,7,36]",giovani,unknown,unknown
CSI_DATA,900320,b2:1f:e7:2b:79:66,-42,11,1,7,0,1,1,0,1,0,1,-97,0,1,0,-107830628,0,83,0,128,1,"[83,-80,4,0,0,-42,-2,-42,-2,-41,-3,-40,-3,-38,-3,-36,-2,-34,-1,-31,1,-29,3,-26,5,-23,8,-20,10,-17,13,-14,15,-11,18,-8,19,-5,21,-3,22,-1,22,1,22,2,22,4,21,5,20,6,20,6,5,1,0,0,0,0,0,0,0,0,0,0,0,0,0,0,0,0,0,0,-1,-3,0,-9,1,-8,4,-6,6,-3,8,-1,9,1,11,3,13,4,15,6,16,7,17,7,18,7,18,7,19,6,19,3,18,1,18,-2,17,-6,16,-9,15,-13,13,-17,12,-22,10,-26,8,-30,6,-34,5,-38]",giovani,unknown,unknown
CSI_DATA,900322,b2:1f:e7:2b:79:66,-42,11,1,7,0,1,1,0,1,0,1,-97,0,1,0,-107829799,0,83,0,128,1,"[83,-80,4,0,-20,-37,-21,-37,-21,-35,-21,-34,-20,-32,-19,-31,-17,-29,-15,-27,-12,-26,-9,-24,-6,-23,-2,-21,1,-20,5,-19,9,-17,12,-15,15,-14,17,-12,19,-11,20,-10,21,-8,21,-7,21,-6,21,-5,20,-4,5,-1,0,0,0,0,0,0,0,0,0,0,0,0,0,0,0,0,0,0,-2,-2,-5,-8,-3,-8,0,-7,3,-6,6,-5,9,-4,11,-3,14,-3,16,-2,17,-2,19,-2,19,-2,19,-3,19,-4,18,-6,17,-8,15,-11,13,-13,10,-16,7,-19,4,-22,0,-25,-3,-28,-7,-31,-11,-33,-14,-35]",giovani,unknown,unknown
CSI_DATA,900324,b2:1f:e7:2b:79:66,-39,11,1,7,0,1,1,0,1,0,1,-97,0,1,0,-107815318,0,83,0,128,1,"[83,-80,4,0,4,-16,4,-17,3,-16,3,-16,3,-15,3,-14,3,-13,3,-13,3,-11,4,-10,4,-8,5,-7,6,-5,6,-4,7,-3,8,-1,8,0,8,1,8,2,8,3,8,3,8,4,7,4,7,4,7,5,1,1,0,0,0,0,0,0,0,0,0,0,0,0,0,0,0,0,0,0,0,-1,0,-4,1,-3,1,-2,2,-1,3,0,3,1,4,2,4,3,5,3,5,4,5,4,6,4,6,4,6,4,6,3,6,2,7,1,7,0,7,-2,7,-4,6,-5,6,-7,6,-9,6,-11,6,-13,5,-14]",giovani,unknown,unknown
CSI_DATA,900326,b2:1f:e7:2b:79:66,-39,11,1,7,0,1,1,0,1,0,1,-97,0,1,0,-107808963,0,83,0,128,1,"[83,-80,4,0,5,-16,5,-17,4,-16,4,-16,4,-15,4,-14,3,-13,3,-12,4,-11,4,-10,4,-8,5,-7,6,-5,6,-4,7,-3,8,-1,8,0,8,1,8,2,8,3,8,4,8,4,7,4,7,4,7,4,1,1,0,0,0,0,0,0,0,0,0,0,0,0,0,0,0,0,0,0,0,-1,1,-4,1,-3,2,-2,2,-1,3,0,3,1,3,2,4,3,4,4,4,5,5,5,5,6,5,5,6,5,6,4,6,3,6,2,7,1,7,-1,7,-2,7,-4,7,-6,7,-8,7,-10,7,-12,7,-13]",giovani,unknown,unknown
CSI_DATA,900328,b2:1f:e7:2b:79:66,-42,11,1,7,0,1,1,0,1,0,1,-97,0,1,0,-107800187,0,83,0,128,1,"[83,-80,4,0,34,21,35,21,34,20,34,19,32,18,30,17,28,16,25,16,22,16,18,16,14,16,10,17,7,17,3,18,-1,18,-5,18,-8,18,-11,18,-13,18,-15,17,-16,16,-17,15,-18,14,-18,12,-18,11,-5,2,0,0,0,0,0,0,0,0,0,0,0,0,0,0,0,0,0,0,2,1,7,4,5,4,2,5,-1,6,-4,7,-7,8,-9,9,-12,10,-14,10,-15,10,-17,11,-17,12,-16,12,-15,13,-14,14,-12,15,-9,16,-6,17,-2,18,3,19,7,20,11,21,16,22,20,23,25,23,28,23]",giovani,unknown,unknown
CSI_DATA,900330,b2:1f:e7:2b:79:66,-42,11,1,7,0,1,1,0,1,0,1,-97,0,1,0,-107780928,0,83,0,128,1,"[83,-80,4,0,-9,-47,-10,-46,-10,-45,-10,-43,-10,-41,-9,-39,-7,-37,-6,-35,-4,-32,-1,-29,3,-26,6,-23,9,-20,13,-17,16,-14,19,-11,21,-8,23,-5,24,-3,25,-1,25,1,25,2,24,4,23,5,22,5,5,1,0,0,0,0,0,0,0,0,0,0,0,0,0,0,0,0,0,0,-1,-3,-3,-10,-1,-9,3,-7,6,-5,8,-3,11,-2,14,0,16,1,18,3,20,4,21,4,22,4,22,3,22,2,22,0,21,-3,20,-6,18,-10,16,-13,14,-17,11,-22,9,-26,6,-31,2,-35,-1,-39,-3,-42]",giovani,unknown,unknown
CSI_DATA,900332,b2:1f:e7:2b:79:66,-42,11,1,7,0,1,1,0,1,0,1,-97,0,1,0,-107773343,0,83,0,128,1,"[83,-80,4,0,2,-43,1,-43,0,-42,0,-41,0,-39,0,-37,0,-34,1,-32,3,-29,4,-26,7,-23,9,-20,12,-17,14,-14,17,-10,19,-7,20,-4,21,-2,22,0,23,2,23,4,22,5,21,6,20,7,20,7,4,1,0,0,0,0,0,0,0,0,0,0,0,0,0,0,0,0,0,0,-1,-3,0,-10,2,-8,4,-6,6,-4,8,-1,10,1,11,3,13,5,14,6,16,8,17,8,18,8,18,7,18,6,19,4,19,2,18,-2,18,-5,17,-9,16,-13,15,-17,13,-22,12,-27,10,-31,8,-35,7,-38]",giovani,unknown,unknown
CSI_DATA,900334,b2:1f:e7:2b:79:66,-42,11,1,7,0,1,1,0,1,0,1,-97,0,1,0,-107765251,0,83,0,128,1,"[83,-80,4,0,32,27,33,26,33,25,32,23,30,22,29,21,27,20,24,20,20,19,17,19,13,19,9,19,5,19,1,19,-3,19,-7,19,-10,18,-12,18,-15,17,-17,16,-18,15,-19,14,-19,13,-19,12,-19,11,-5,2,0,0,0,0,0,0,0,0,0,0,0,0,0,0,0,0,0,0,1,1,7,5,4,5,1,6,-2,6,-5,7,-8,7,-10,7,-13,8,-15,8,-17,8,-18,8,-18,9,-18,10,-17,11,-15,12,-14,14,-11,15,-8,17,-4,18,0,20,4,21,9,23,13,24,18,26,23,27,26,27]",giovani,unknown,unknown
CSI_DATA,900336,b2:1f:e7:2b:79:66,-42,11,1,7,0,1,1,0,1,0,1,-97,0,1,0,-107758852,0,83,0,128,1,"[83,-80,4,0,-37,21,-37,22,-35,22,-33,21,-32,20,-31,19,-29,17,-27,15,-26,12,-24,9,-23,5,-22,2,-20,-2,-19,-6,-17,-10,-16,-13,-14,-16,-13,-18,-11,-20,-10,-22,-9,-23,-7,-23,-6,-22,-5,-22,-4,-21,-1,-6,0,0,0,0,0,0,0,0,0,0,0,0,0,0,0,0,0,0,-2,1,-8,4,-7,2,-7,-1,-7,-3,-6,-7,-5,-9,-4,-12,-4,-14,-3,-17,-4,-18,-4,-19,-4,-20,-5,-20,-6,-20,-8,-19,-10,-17,-12,-15,-14,-13,-17,-10,-20,-7,-23,-4,-26,0,-29,4,-31,8,-34,11,-35,15]",giovani,unknown,unknown
CSI_DATA,900338,b2:1f:e7:2b:79:66,-42,11,1,7,0,1,1,0,1,0,1,-97,0,1,0,-107751329,0,83,0,128,1,"[83,-80,4,0,-22,36,-21,36,-20,36,-19,34,-18,33,-18,31,-17,28,-17,26,-16,23,-17,19,-17,15,-18,12,-19,8,-19,3,-20,-1,-20,-4,-20,-7,-20,-10,-19,-13,-19,-15,-18,-16,-17,-17,-16,-17,-14,-17,-13,-17,-4,-5,0,0,0,0,0,0,0,0,0,0,0,0,0,0,0,0,0,0,-1,2,-5,8,-6,5,-7,3,-8,0,-9,-3,-9,-6,-10,-8,-10,-11,-11,-13,-12,-14,-13,-15,-13,-16,-14,-15,-15,-14,-16,-13,-17,-10,-18,-7,-19,-4,-19,-1,-20,3,-21,7,-22,12,-23,17,-23,22,-23,26,-23,29]",giovani,unknown,unknown
CSI_DATA,900340,b2:1f:e7:2b:79:66,-42,11,1,7,0,1,1,0,1,0,1,-97,0,1,0,-107750791,0,83,0,128,1,"[83,-80,4,0,22,35,23,34,23,33,22,31,21,30,20,29,18,27,16,26,13,24,10,23,6,22,2,20,-2,19,-5,18,-9,17,-12,15,-15,14,-18,12,-20,11,-21,10,-22,8,-23,7,-22,5,-22,4,-21,3,-6,0,0,0,0,0,0,0,0,0,0,0,0,0,0,0,0,0,0,0,1,1,5,7,2,6,-1,6,-4,5,-7,5,-9,5,-12,4,-14,3,-16,3,-18,3,-20,3,-20,4,-20,4,-19,5,-18,7,-17,9,-15,11,-12,13,-9,16,-6,19,-2,21,1,24,5,27,9,30,13,32,16,33]",giovani,unknown,unknown
CSI_DATA,900342,b2:1f:e7:2b:79:66,-42,11,1,7,0,1,1,0,1,0,1,-97,0,1,0,-107750311,0,83,0,128,1,"[83,-80,4,0,-36,23,-35,23,-33,24,-32,23,-31,22,-30,20,-28,19,-26,16,-25,13,-23,10,-22,6,-21,3,-20,-1,-19,-5,-18,-9,-16,-12,-15,-15,-14,-18,-12,-20,-11,-21,-10,-22,-8,-22,-7,-22,-6,-21,-5,-21,-2,-6,0,0,0,0,0,0,0,0,0,0,0,0,0,0,0,0,0,0,-2,1,-8,5,-7,2,-7,0,-7,-3,-6,-6,-6,-9,-5,-12,-5,-14,-4,-16,-4,-18,-4,-19,-5,-20,-6,-20,-7,-19,-9,-18,-10,-17,-12,-14,-15,-12,-17,-9,-20,-6,-23,-3,-25,1,-27,6,-30,10,-32,13,-34,17]",giovani,unknown,unknown
CSI_DATA,900344,b2:1f:e7:2b:79:66,-42,11,1,7,0,1,1,0,1,0,1,-97,0,1,0,-107749555,0,83,0,128,1,"[83,-80,4,0,-11,40,-10,40,-9,39,-8,38,-8,36,-8,34,-8,32,-8,29,-9,26,-10,23,-12,19,-14,16,-16,12,-17,9,-19,5,-20,2,-21,-1,-21,-4,-22,-6,-22,-8,-22,-10,-21,-11,-20,-12,-19,-12,-18,-13,-5,-4,0,0,0,0,0,0,0,0,0,0,0,0,0,0,0,0,0,0,-1,2,-2,8,-4,6,-5,4,-7,1,-9,-1,-10,-4,-11,-6,-12,-8,-14,-10,-15,-12,-16,-12,-17,-12,-17,-12,-18,-11,-18,-9,-19,-6,-19,-3,-19,0,-19,4,-18,8,-18,12,-18,17,-17,22,-16,27,-15,31,-14,34]",giovani,unknown,unknown
CSI_DATA,900346,b2:1f:e7:2b:79:66,-42,11,1,7,0,1,1,0,1,0,1,-97,0,1,0,-107727370,0,83,0,128,1,"[83,-80,4,0,-33,-26,-34,-25,-33,-24,-32,-23,-31,-22,-29,-21,-27,-20,-24,-20,-21,-19,-18,-19,-14,-19,-10,-19,-6,-19,-2,-20,2,-20,5,-19,9,-19,11,-18,13,-18,15,-17,16,-16,17,-15,17,-14,17,-12,17,-11,4,-3,0,0,0,0,0,0,0,0,0,0,0,0,0,0,0,0,0,0,-3,-2,-8,-6,-6,-6,-3,-7,0,-7,3,-8,6,-8,8,-9,11,-9,13,-9,15,-9,16,-10,16,-11,16,-11,15,-12,13,-13,11,-15,9,-16,6,-17,2,-19,-2,-20,-6,-21,-10,-23,-15,-24,-20,-25,-24,-26,-27,-26]",giovani,unknown,unknown
CSI_DATA,900348,b2:1f:e7:2b:79:66,-42,11,1,7,0,1,1,0,1,0,1,-97,0,1,0,-107727066,0,83,0,128,1,"[83,-80,4,0,32,25,33,24,32,23,32,22,30,20,28,20,26,19,23,18,20,18,16,18,12,18,9,18,5,18,1,18,-3,18,-7,18,-10,17,-13,17,-15,16,-17,15,-18,14,-19,13,-19,11,-19,10,-19,9,-5,2,0,0,0,0,0,0,0,0,0,0,0,0,0,0,0,0,0,0,2,1,7,4,5,4,2,5,-1,6,-4,7,-7,8,-9,8,-12,9,-14,9,-16,10,-17,10,-17,11,-17,11,-16,12,-14,13,-12,14,-10,16,-7,17,-3,18,1,20,6,21,10,22,14,23,19,24,23,25,26,25]",giovani,unknown,unknown
CSI_DATA,900350,b2:1f:e7:2b:79:66,-42,11,1,7,0,1,1,0,1,0,1,-97,0,1,0,-107713955,0,83,0,128,1,"[83,-80,4,0,43,-18,43,-19,41,-19,40,-19,38,-18,36,-17,34,-15,32,-13,29,-10,27,-7,25,-3,23,0,21,5,19,9,16,13,14,16,12,19,9,21,7,23,6,25,4,25,3,25,1,25,0,24,-1,23,-1,5,0,0,0,0,0,0,0,0,0,0,0,0,0,0,0,0,0,0,2,-2,8,-5,7,-3,7,0,6,4,4,7,3,10,2,13,1,16,0,18,0,19,0,21,0,22,1,22,3,22,5,21,7,19,9,17,13,15,16,13,20,10,24,7,27,3,31,-1,35,-5,38,-9,40,-12]",giovani,unknown,unknown
CSI_DATA,900352,b2:1f:e7:2b:79:66,-39,11,1,7,0,1,1,0,1,0,1,-97,0,1,0,-107703852,0,83,0,128,1,"[83,-80,4,0,-4,16,-4,16,-3,16,-3,15,-3,14,-3,13,-3,13,-3,12,-3,10,-4,9,-5,8,-6,6,-6,5,-7,4,-8,3,-9,1,-9,0,-10,-1,-10,-2,-10,-3,-10,-3,-10,-4,-9,-4,-9,-4,-9,-4,-2,-1,0,0,0,0,0,0,0,0,0,0,0,0,0,0,0,0,0,0,-1,0,-2,3,-2,2,-3,1,-3,0,-4,-1,-4,-2,-5,-3,-5,-4,-5,-5,-6,-5,-6,-6,-7,-6,-7,-6,-7,-5,-7,-5,-8,-3,-8,-2,-8,-1,-8,1,-8,2,-7,4,-7,6,-7,8,-7,10,-6,12,-6,13]",giovani,unknown,unknown
CSI_DATA,900354,b2:1f:e7:2b:79:66,-42,11,1,7,0,1,1,0,1,0,1,-97,0,1,0,-107697556,0,83,0,128,1,"[83,-80,4,0,5,-48,4,-48,3,-47,2,-45,2,-43,2,-41,3,-38,4,-35,5,-32,7,-28,9,-25,12,-21,14,-17,17,-13,19,-9,21,-6,23,-2,24,0,25,3,25,5,25,7,24,8,23,9,22,10,21,10,5,2,0,0,0,0,0,0,0,0,0,0,0,0,0,0,0,0,0,0,-1,-3,0,-11,2,-9,4,-6,7,-4,9,-1,10,2,12,4,14,6,16,8,17,10,18,10,19,10,20,10,20,8,20,6,20,3,20,-1,20,-4,19,-8,18,-13,17,-18,16,-23,14,-29,13,-33,11,-38,10,-42]",giovani,unknown,unknown
CSI_DATA,900356,b2:1f:e7:2b:79:66,-39,11,1,7,0,1,1,0,1,0,1,-97,0,1,0,-107679702,0,83,0,128,1,"[83,-80,4,0,15,5,16,4,16,4,15,4,14,3,13,3,13,3,12,3,10,4,9,4,8,4,6,5,5,6,3,7,2,7,0,8,-1,8,-2,9,-3,9,-4,9,-4,9,-5,8,-5,8,-5,7,-6,7,-2,1,0,0,0,0,0,0,0,0,0,0,0,0,0,0,0,0,0,0,0,0,3,1,2,1,1,2,0,2,-1,3,-2,3,-4,4,-5,4,-5,4,-6,5,-7,5,-7,5,-6,5,-6,6,-5,6,-4,6,-3,7,-2,7,0,7,2,7,4,7,6,7,8,7,10,7,12,6,13,6]",giovani,unknown,unknown
CSI_DATA,900358,b2:1f:e7:2b:79:66,-42,11,1,7,0,1,1,0,1,0,1,-97,0,1,0,-107674664,0,83,0,128,1,"[83,-80,4,0,-34,28,-33,29,-32,29,-30,28,-29,27,-28,25,-26,23,-24,20,-23,17,-23,13,-22,10,-22,6,-21,2,-20,-3,-20,-7,-19,-10,-18,-13,-17,-16,-16,-18,-15,-20,-13,-21,-12,-22,-11,-22,-9,-22,-8,-21,-2,-6,0,0,0,0,0,0,0,0,0,0,0,0,0,0,0,0,0,0,-2,1,-7,6,-7,3,-7,0,-7,-3,-7,-6,-6,-9,-6,-12,-6,-14,-6,-16,-6,-18,-6,-19,-7,-20,-8,-20,-9,-19,-10,-18,-12,-16,-14,-14,-16,-11,-19,-8,-21,-4,-24,0,-26,4,-28,9,-30,13,-32,17,-33,21]",giovani,unknown,unknown
CSI_DATA,900360,b2:1f:e7:2b:79:66,-42,11,1,7,0,1,1,0,1,0,1,-97,0,1,0,-107673934,0,83,0,128,1,"[83,-80,4,0,-16,40,-15,41,-14,40,-13,39,-12,37,-12,35,-11,32,-12,29,-12,26,-13,22,-15,18,-16,15,-17,11,-19,7,-20,3,-21,-1,-21,-4,-22,-7,-22,-9,-22,-11,-22,-13,-21,-14,-19,-15,-18,-15,-17,-15,-4,-4,0,0,0,0,0,0,0,0,0,0,0,0,0,0,0,0,0,0,-1,2,-3,8,-4,6,-6,4,-7,1,-9,-2,-10,-5,-11,-7,-12,-9,-13,-11,-14,-13,-15,-14,-16,-14,-17,-13,-17,-12,-18,-10,-19,-8,-19,-5,-20,-1,-20,3,-20,7,-20,11,-20,17,-20,22,-20,26,-19,31,-18,34]",giovani,unknown,unknown
CSI_DATA,900362,b2:1f:e7:2b:79:66,-42,11,1,7,0,1,1,0,1,0,1,-97,0,1,0,-107661225,0,83,0,128,1,"[83,-80,4,0,-30,30,-29,31,-28,31,-26,30,-25,29,-24,27,-23,25,-22,22,-21,19,-21,16,-21,12,-21,8,-20,4,-20,0,-20,-4,-20,-8,-19,-11,-18,-13,-18,-16,-17,-17,-16,-19,-15,-19,-14,-20,-12,-19,-11,-19,-3,-5,0,0,0,0,0,0,0,0,0,0,0,0,0,0,0,0,0,0,-2,1,-7,6,-7,4,-7,1,-7,-2,-7,-5,-7,-8,-7,-11,-7,-13,-7,-15,-8,-17,-8,-18,-9,-18,-9,-18,-11,-17,-12,-16,-14,-14,-15,-11,-17,-9,-19,-5,-21,-2,-23,2,-25,7,-26,12,-28,16,-29,20,-30,23]",giovani,unknown,unknown
CSI_DATA,900364,b2:1f:e7:2b:79:66,-42,11,1,7,0,1,1,0,1,0,1,-97,0,1,0,-107660258,0,83,0,128,1,"[83,-80,4,0,-33,-28,-33,-27,-33,-26,-32,-24,-31,-23,-29,-22,-27,-21,-24,-20,-21,-20,-18,-20,-14,-20,-10,-20,-6,-20,-2,-20,2,-20,5,-20,8,-19,11,-19,13,-19,15,-18,16,-17,17,-15,17,-14,17,-13,17,-12,4,-3,0,0,0,0,0,0,0,0,0,0,0,0,0,0,0,0,0,0,-2,-2,-7,-6,-5,-7,-2,-7,1,-7,4,-7,7,-8,10,-8,12,-8,14,-8,16,-8,17,-9,18,-9,17,-10,16,-11,15,-12,13,-14,10,-16,7,-17,4,-19,-1,-21,-5,-22,-9,-24,-13,-25,-18,-26,-22,-28,-25,-28]",giovani,unknown,unknown
CSI_DATA,900366,b2:1f:e7:2b:79:66,-42,11,1,7,0,1,1,0,1,0,1,-97,0,1,0,-107647263,0,83,0,128,1,"[83,-80,4,0,32,26,32,25,32,24,31,23,30,22,28,21,26,20,23,20,20,19,16,19,12,19,8,19,4,19,0,19,-3,19,-7,18,-10,18,-13,17,-15,16,-17,15,-19,14,-19,13,-20,12,-19,11,-19,10,-5,2,0,0,0,0,0,0,0,0,0,0,0,0,0,0,0,0,0,0,2,1,7,5,5,5,2,5,-1,6,-4,7,-7,7,-10,8,-12,8,-15,8,-16,9,-18,9,-18,10,-17,11,-16,11,-15,12,-13,14,-11,16,-7,17,-4,18,0,20,5,21,9,23,13,24,18,25,22,26,25,27]",giovani,unknown,unknown
CSI_DATA,900368,b2:1f:e7:2b:79:66,-39,11,1,7,0,1,1,0,1,0,1,-97,0,1,0,-107641956,0,83,0,128,1,"[83,-80,4,0,21,26,22,26,22,25,22,24,21,23,19,21,17,20,15,19,12,18,9,17,6,17,3,16,0,15,-3,15,-6,14,-9,14,-12,13,-14,12,-16,11,-17,10,-18,8,-18,7,-18,6,-18,5,-18,5,-5,1,0,0,0,0,0,0,0,0,0,0,0,0,0,0,0,0,0,0,1,1,5,5,3,5,0,5,-2,5,-5,4,-8,4,-10,4,-12,4,-14,3,-15,3,-16,4,-17,4,-17,4,-17,5,-16,6,-14,8,-13,10,-10,11,-7,13,-4,15,-1,17,3,19,6,21,9,23,13,24,15,25]",giovani,unknown,unknown
CSI_DATA,900370,b2:1f:e7:2b:79:66,-42,11,1,7,0,1,1,0,1,0,1,-97,0,1,0,-107635655,0,83,0,128,1,"[83,-80,4,0,-32,-28,-32,-27,-32,-27,-31,-25,-30,-24,-28,-23,-26,-22,-23,-21,-20,-21,-16,-20,-12,-20,-9,-20,-5,-20,-1,-20,3,-19,7,-19,10,-18,13,-17,15,-17,17,-16,18,-15,19,-13,19,-12,19,-11,19,-10,4,-3,0,0,0,0,0,0,0,0,0,0,0,0,0,0,0,0,0,0,-2,-2,-8,-6,-5,-6,-2,-7,1,-7,4,-7,7,-8,9,-8,12,-8,14,-9,15,-9,17,-9,17,-10,17,-11,16,-12,15,-13,13,-14,10,-16,7,-17,3,-19,-1,-21,-5,-22,-9,-24,-13,-25,-18,-26,-22,-28,-25,-29]",giovani,unknown,unknown
CSI_DATA,900372,b2:1f:e7:2b:79:66,-42,11,1,7,0,1,1,0,1,0,1,-97,0,1,0,-107627699,0,83,0,128,1,"[83,-80,4,0,-35,-33,-35,-32,-35,-31,-34,-29,-33,-28,-31,-27,-28,-26,-26,-25,-22,-24,-18,-24,-14,-23,-9,-23,-5,-22,0,-22,4,-22,8,-21,12,-20,15,-20,17,-19,19,-18,21,-16,21,-15,21,-14,21,-12,21,-11,5,-3,0,0,0,0,0,0,0,0,0,0,0,0,0,0,0,0,0,0,-3,-2,-8,-7,-6,-7,-2,-8,1,-8,5,-8,8,-8,11,-8,14,-8,16,-8,18,-9,20,-9,20,-10,20,-11,19,-12,17,-13,15,-15,13,-17,9,-19,5,-21,1,-23,-4,-25,-9,-27,-14,-29,-19,-31,-24,-32,-27,-33]",giovani,unknown,unknown
CSI_DATA,900374,b2:1f:e7:2b:79:66,-42,11,1,7,0,1,1,0,1,0,1,-97,0,1,0,-107620897,0,83,0,128,1,"[83,-80,4,0,-39,18,-38,19,-37,19,-35,19,-34,18,-32,17,-30,15,-28,13,-27,10,-25,7,-23,3,-22,0,-20,-4,-18,-7,-17,-11,-15,-14,-13,-17,-11,-19,-10,-21,-8,-22,-7,-23,-5,-23,-4,-23,-3,-22,-2,-22,-1,-6,0,0,0,0,0,0,0,0,0,0,0,0,0,0,0,0,0,0,-2,1,-8,4,-8,2,-7,-1,-6,-4,-5,-7,-4,-10,-3,-12,-3,-15,-2,-17,-2,-19,-2,-20,-2,-20,-3,-20,-4,-20,-6,-19,-8,-18,-11,-16,-13,-14,-16,-11,-19,-9,-22,-5,-25,-2,-28,2,-31,5,-34,9,-36,12]",giovani,unknown,unknown
CSI_DATA,900376,b2:1f:e7:2b:79:66,-42,11,1,7,0,1,1,0,1,0,1,-97,0,1,0,-107613488,0,83,0,128,1,"[83,-80,4,0,45,11,45,10,44,9,43,8,41,8,38,8,36,8,33,9,29,10,25,11,21,12,17,14,13,16,10,18,6,20,2,21,-2,22,-5,23,-8,24,-10,24,-11,23,-13,22,-13,21,-14,20,-14,19,-4,4,0,0,0,0,0,0,0,0,0,0,0,0,0,0,0,0,0,0,2,0,9,2,7,3,4,5,1,6,-1,8,-4,10,-7,12,-9,13,-11,15,-13,16,-14,17,-14,17,-13,18,-12,19,-10,19,-7,20,-4,20,0,20,4,20,9,20,14,19,19,19,24,18,30,17,35,16,38,15]",giovani,unknown,unknown
CSI_DATA,900378,b2:1f:e7:2b:79:66,-39,11,1,7,0,1,1,0,1,0,1,-97,0,1,0,-107608144,0,83,0,128,1,"[83,-80,4,0,-16,-6,-16,-6,-16,-5,-16,-5,-15,-5,-14,-5,-13,-5,-12,-5,-11,-5,-10,-5,-8,-5,-7,-6,-5,-7,-4,-8,-2,-8,-1,-9,0,-9,2,-9,2,-9,3,-9,4,-9,4,-9,4,-8,5,-8,5,-8,1,-2,0,0,0,0,0,0,0,0,0,0,0,0,0,0,0,0,0,0,-1,-1,-4,-2,-3,-2,-2,-3,-1,-3,0,-4,2,-4,3,-4,3,-5,4,-5,5,-5,5,-6,5,-6,5,-6,5,-7,4,-7,3,-7,2,-8,1,-8,-1,-8,-3,-8,-4,-8,-6,-8,-8,-8,-10,-8,-12,-8,-13,-7]",giovani,unknown,unknown
CSI_DATA,900380,b2:1f:e7:2b:79:66,-42,11,1,7,0,1,1,0,1,0,1,-97,0,1,0,-107607390,0,83,0,128,1,"[83,-80,4,0,-26,-33,-27,-33,-26,-32,-26,-30,-25,-29,-23,-28,-21,-26,-19,-25,-16,-24,-13,-23,-9,-22,-5,-21,-1,-20,3,-19,7,-18,10,-17,13,-16,16,-15,18,-13,19,-12,20,-11,20,-10,20,-8,20,-7,20,-6,5,-2,0,0,0,0,0,0,0,0,0,0,0,0,0,0,0,0,0,0,-2,-2,-7,-7,-4,-7,-1,-7,2,-6,5,-6,8,-6,10,-6,13,-5,15,-5,17,-5,18,-6,18,-6,18,-7,17,-8,16,-9,15,-11,13,-13,10,-15,7,-17,3,-20,0,-22,-4,-25,-8,-27,-13,-29,-17,-31,-20,-33]",giovani,unknown,unknown
CSI_DATA,900382,b2:1f:e7:2b:79:66,-39,11,1,7,0,1,1,0,1,0,1,-97,0,1,0,-107593179,0,83,0,128,1,"[83,-80,4,0,12,-11,12,-11,11,-11,11,-11,10,-11,10,-10,9,-9,9,-8,8,-7,8,-6,8,-4,7,-3,7,-1,7,0,7,2,6,3,6,5,6,6,5,6,5,7,4,8,4,8,3,8,3,8,3,8,0,2,0,0,0,0,0,0,0,0,0,0,0,0,0,0,0,0,0,0,0,-1,2,-3,2,-2,2,-1,2,0,2,2,2,3,1,4,1,5,1,6,1,7,1,7,1,7,2,7,2,7,3,7,3,6,4,5,5,4,6,3,7,1,8,0,9,-2,10,-4,10,-5,11,-7,12,-8]",giovani,unknown,unknown
CSI_DATA,900384,b2:1f:e7:2b:79:66,-39,11,1,7,0,1,1,0,1,0,1,-97,0,1,0,-107577531,0,83,0,128,1,"[83,-80,4,0,9,13,10,13,10,12,10,12,9,11,8,11,8,10,7,10,5,9,4,8,3,8,1,8,-1,8,-2,7,-4,7,-5,6,-6,6,-7,5,-8,5,-9,5,-9,4,-9,3,-9,3,-9,3,-9,2,-3,0,0,0,0,0,0,0,0,0,0,0,0,0,0,0,0,0,0,0,0,0,2,2,1,2,0,2,-2,2,-3,2,-4,2,-5,1,-6,1,-7,1,-8,1,-8,1,-9,1,-9,1,-9,2,-8,2,-8,3,-7,4,-5,5,-4,6,-3,7,-1,8,0,9,2,10,4,11,5,12,7,13]",giovani,unknown,unknown
CSI_DATA,900386,b2:1f:e7:2b:79:66,-39,11,1,7,0,1,1,0,1,0,1,-97,0,1,0,-107569890,0,83,0,128,1,"[83,-80,4,0,14,-10,13,-10,13,-11,12,-10,12,-10,11,-9,11,-8,10,-7,9,-6,9,-5,8,-4,8,-2,8,0,7,2,7,3,6,5,6,6,5,7,4,8,4,8,3,8,3,9,3,9,2,8,2,8,0,2,0,0,0,0,0,0,0,0,0,0,0,0,0,0,0,0,0,0,0,-1,2,-3,2,-2,2,-1,2,0,2,2,1,3,1,4,1,5,1,6,1,7,1,7,1,8,1,8,2,7,2,7,3,6,4,6,5,4,6,3,7,2,8,1,9,-1,10,-3,11,-5,12,-6,13,-8]",giovani,unknown,unknown
CSI_DATA,900388,b2:1f:e7:2b:79:66,-42,11,1,7,0,1,1,0,1,0,1,-97,0,1,0,-107564664,0,83,0,128,1,"[83,-80,4,0,-28,-40,-29,-39,-29,-38,-29,-36,-28,-34,-26,-33,-24,-31,-21,-30,-18,-28,-13,-27,-9,-26,-5,-24,0,-23,4,-22,8,-21,12,-19,16,-18,19,-16,21,-15,23,-14,24,-12,24,-11,24,-9,24,-8,23,-7,5,-2,0,0,0,0,0,0,0,0,0,0,0,0,0,0,0,0,0,0,-2,-2,-7,-8,-4,-8,-1,-8,3,-7,6,-7,9,-6,12,-6,15,-5,18,-5,20,-4,22,-5,22,-5,22,-6,21,-7,20,-9,18,-12,16,-14,13,-17,9,-20,5,-23,1,-26,-3,-29,-8,-32,-13,-35,-17,-37,-21,-39]",giovani,unknown,unknown
CSI_DATA,900390,b2:1f:e7:2b:79:66,-42,11,1,7,0,1,1,0,1,0,1,-97,0,1,0,-107556822,0,83,0,128,1,"[83,-80,4,0,-24,35,-23,35,-21,35,-20,34,-20,32,-19,30,-18,28,-18,25,-17,22,-17,18,-18,14,-19,10,-19,7,-19,3,-20,-1,-20,-5,-19,-8,-19,-11,-19,-14,-18,-16,-17,-17,-16,-18,-15,-18,-13,-18,-13,-18,-3,-5,0,0,0,0,0,0,0,0,0,0,0,0,0,0,0,0,0,0,-1,2,-5,7,-5,5,-6,2,-7,-1,-8,-4,-8,-6,-9,-9,-9,-11,-10,-14,-11,-15,-11,-16,-12,-17,-12,-16,-13,-15,-14,-14,-16,-11,-17,-9,-18,-5,-19,-2,-20,2,-21,6,-22,11,-23,16,-24,20,-24,24,-24,28]",giovani,unknown,unknown
CSI_DATA,900392,b2:1f:e7:2b:79:66,-42,11,1,7,0,1,1,0,1,0,1,-97,0,1,0,-107548988,0,83,0,128,1,"[83,-80,4,0,-43,0,-43,1,-42,2,-40,2,-39,2,-37,2,-34,1,-32,0,-29,-2,-26,-4,-23,-7,-20,-9,-17,-12,-14,-15,-11,-17,-8,-19,-5,-21,-3,-22,0,-23,1,-24,3,-24,4,-24,5,-23,6,-22,7,-21,1,-5,0,0,0,0,0,0,0,0,0,0,0,0,0,0,0,0,0,0,-3,0,-10,0,-8,-2,-6,-4,-4,-6,-2,-8,0,-10,2,-12,4,-14,5,-16,6,-17,7,-18,7,-19,6,-19,4,-19,2,-19,0,-19,-3,-19,-6,-18,-10,-17,-14,-16,-18,-14,-22,-12,-27,-10,-31,-8,-35,-6,-38,-4]",giovani,unknown,unknown
CSI_DATA,900394,b2:1f:e7:2b:79:66,-39,11,1,7,0,1,1,0,1,0,1,-97,0,1,0,-107547718,0,83,0,128,1,"[83,-80,4,0,16,0,16,0,16,-1,15,-1,15,0,14,0,13,0,12,0,11,1,9,1,8,2,7,3,6,5,4,6,3,7,2,7,0,8,-1,9,-2,9,-3,9,-3,9,-4,9,-4,9,-4,8,-4,8,-2,1,0,0,0,0,0,0,0,0,0,0,0,0,0,0,0,0,0,0,1,-1,3,0,3,0,2,1,1,2,0,3,-1,4,-2,4,-3,5,-3,6,-4,6,-4,7,-4,7,-3,7,-3,7,-3,7,-2,7,-1,7,1,7,2,6,4,6,6,5,7,5,9,4,11,3,13,2,14,2]",giovani,unknown,unknown
CSI_DATA,900396,b2:1f:e7:2b:79:66,-42,11,1,7,0,1,1,0,1,0,1,-97,0,1,0,-107536639,0,83,0,128,1,"[83,-80,4,0,-42,-3,-42,-2,-41,-1,-40,-1,-38,-1,-36,-1,-34,-2,-31,-3,-28,-4,-25,-6,-22,-8,-19,-10,-16,-12,-13,-15,-9,-17,-6,-19,-3,-20,-1,-22,2,-23,3,-23,5,-23,6,-23,7,-22,8,-21,8,-20,2,-5,0,0,0,0,0,0,0,0,0,0,0,0,0,0,0,0,0,0,-3,0,-9,0,-8,-2,-5,-4,-3,-6,-1,-8,1,-10,3,-12,5,-13,6,-15,7,-16,8,-17,8,-18,7,-19,6,-19,4,-19,2,-19,-1,-19,-5,-18,-9,-17,-13,-17,-17,-16,-21,-14,-26,-12,-30,-11,-34,-9,-37,-8]",giovani,unknown,unknown
CSI_DATA,900398,b2:1f:e7:2b:79:66,-42,11,1,7,0,1,1,0,1,0,1,-97,0,1,0,-107527973,0,83,0,128,1,"[83,-80,4,0,-7,37,-6,37,-5,36,-4,35,-4,33,-4,31,-4,29,-5,27,-6,24,-7,21,-9,18,-11,15,-13,13,-15,10,-17,7,-18,4,-19,1,-20,-1,-21,-3,-21,-5,-21,-7,-20,-8,-19,-8,-18,-9,-18,-9,-5,-3,0,0,0,0,0,0,0,0,0,0,0,0,0,0,0,0,0,0,-1,2,-2,7,-3,6,-5,3,-6,1,-8,-1,-9,-3,-10,-5,-11,-7,-12,-8,-14,-10,-14,-10,-15,-10,-16,-10,-16,-9,-16,-7,-17,-5,-17,-2,-17,1,-16,5,-16,8,-15,12,-14,17,-13,21,-12,25,-11,29,-10,32]",giovani,unknown,unknown
CSI_DATA,900400,b2:1f:e7:2b:79:66,-42,11,1,7,0,1,1,0,1,0,1,-97,0,1,0,-107527552,0,83,0,128,1,"[83,-80,4,0,47,-5,47,-6,45,-6,44,-7,42,-7,40,-6,37,-5,34,-3,31,-1,28,2,25,5,22,7,18,11,15,14,12,17,9,20,6,22,3,24,1,25,-1,26,-3,26,-5,26,-6,25,-7,24,-8,23,-2,5,0,0,0,0,0,0,0,0,0,0,0,0,0,0,0,0,0,0,2,-1,9,-2,8,0,6,2,4,5,2,8,0,11,-2,13,-4,15,-5,17,-6,19,-7,20,-7,21,-6,21,-4,21,-2,21,0,21,3,20,7,18,12,17,16,15,21,13,25,11,30,8,35,6,39,3,42,1]",giovani,unknown,unknown
CSI_DATA,900402,b2:1f:e7:2b:79:66,-42,11,1,7,0,1,1,0,1,0,1,-97,0,1,0,-107515744,0,83,0,128,1,"[83,-80,4,0,-33,26,-33,27,-31,27,-30,26,-29,25,-27,23,-26,21,-24,19,-23,16,-22,12,-22,9,-21,5,-20,1,-20,-3,-19,-7,-17,-11,-16,-14,-15,-17,-14,-19,-13,-20,-12,-21,-10,-22,-9,-22,-8,-21,-7,-21,-2,-6,0,0,0,0,0,0,0,0,0,0,0,0,0,0,0,0,0,0,-2,1,-7,6,-7,3,-7,1,-7,-2,-7,-6,-6,-8,-6,-11,-6,-14,-6,-16,-6,-17,-6,-19,-7,-19,-7,-19,-9,-18,-10,-17,-12,-15,-14,-13,-16,-10,-18,-7,-20,-4,-23,0,-25,4,-27,9,-29,13,-31,17,-32,20]",giovani,unknown,unknown
CSI_DATA,900404,b2:1f:e7:2b:79:66,-42,11,1,7,0,1,1,0,1,0,1,-97,0,1,0,-107509133,0,83,0,128,1,"[83,-80,4,0,46,-11,45,-12,44,-13,43,-13,41,-12,39,-12,36,-10,34,-8,31,-6,28,-3,26,0,23,4,20,8,18,12,15,15,13,18,10,21,7,23,5,25,3,26,2,26,0,26,-1,25,-2,24,-3,24,-1,6,0,0,0,0,0,0,0,0,0,0,0,0,0,0,0,0,0,0,2,-1,9,-3,8,-1,6,2,5,5,3,8,1,10,-1,13,-3,15,-4,17,-4,19,-5,20,-5,21,-4,21,-2,21,0,21,2,20,5,19,9,17,13,15,18,13,22,11,26,7,31,4,35,1,39,-2,42,-5]",giovani,unknown,unknown
CSI_DATA,900406,b2:1f:e7:2b:79:66,-42,11,1,7,0,1,1,0,1,0,1,-97,0,1,0,-107503449,0,83,0,128,1,"[83,-80,4,0,-35,-24,-36,-23,-35,-22,-34,-21,-33,-20,-31,-19,-29,-18,-26,-18,-23,-18,-19,-18,-16,-18,-12,-18,-8,-19,-4,-20,0,-20,4,-20,7,-20,9,-20,12,-20,14,-19,15,-18,16,-17,16,-16,16,-15,16,-14,4,-4,0,0,0,0,0,0,0,0,0,0,0,0,0,0,0,0,0,0,-3,-2,-8,-6,-6,-6,-2,-7,0,-7,3,-8,6,-8,9,-8,11,-9,13,-9,15,-9,16,-10,16,-11,16,-11,15,-12,14,-14,12,-15,9,-16,6,-18,2,-19,-2,-20,-7,-22,-11,-23,-15,-24,-20,-24,-25,-25,-28,-26]",giovani,unknown,unknown
CSI_DATA,900408,b2:1f:e7:2b:79:66,-39,11,1,7,0,1,1,0,1,0,1,-97,0,1,0,-107495839,0,83,0,128,1,"[83,-80,4,0,-15,-9,-15,-8,-15,-8,-15,-8,-14,-7,-13,-7,-12,-7,-11,-6,-10,-7,-9,-7,-7,-7,-6,-7,-4,-8,-3,-8,-1,-8,1,-9,2,-9,3,-9,4,-9,5,-9,5,-8,5,-8,6,-8,6,-7,6,-7,1,-2,0,0,0,0,0,0,0,0,0,0,0,0,0,0,0,0,0,0,-1,-1,-4,-2,-3,-3,-1,-3,0,-3,1,-3,2,-4,3,-4,4,-4,5,-4,6,-4,6,-4,6,-5,6,-5,6,-5,5,-6,4,-6,3,-7,2,-7,0,-8,-2,-8,-3,-8,-5,-9,-7,-9,-9,-10,-11,-10,-12,-10]",giovani,unknown,unknown
CSI_DATA,900410,b2:1f:e7:2b:79:66,-42,11,1,7,0,1,1,0,1,0,1,-97,0,1,0,-107472800,0,83,0,128,1,"[83,-80,4,0,46,-9,45,-10,44,-10,42,-11,41,-10,39,-9,36,-8,33,-7,31,-4,28,-1,25,2,22,5,19,9,17,12,14,16,11,19,9,21,6,23,4,25,2,26,0,26,-1,26,-2,25,-4,24,-4,23,-2,5,0,0,0,0,0,0,0,0,0,0,0,0,0,0,0,0,0,0,2,-1,9,-3,8,-1,6,2,4,5,3,8,0,10,-1,13,-3,15,-4,17,-5,19,-5,20,-5,21,-4,21,-2,21,0,21,2,20,5,19,9,17,13,16,17,14,22,11,26,9,30,6,35,3,39,0,41,-3]",giovani,unknown,unknown
CSI_DATA,900412,b2:1f:e7:2b:79:66,-42,11,1,7,0,1,1,0,1,0,1,-97,0,1,0,-107467199,0,83,0,128,1,"[83,-80,4,0,33,-27,32,-28,31,-28,30,-27,28,-26,27,-24,26,-22,24,-19,23,-16,22,-13,21,-9,20,-5,19,-1,18,3,17,7,16,11,14,14,13,17,12,19,11,20,10,21,8,22,7,21,6,21,5,21,1,5,0,0,0,0,0,0,0,0,0,0,0,0,0,0,0,0,0,0,1,-2,5,-7,5,-5,5,-2,6,1,5,4,5,7,5,10,5,13,5,15,5,17,5,18,6,18,7,18,8,18,10,16,11,15,13,12,15,9,18,6,20,3,22,-1,25,-5,27,-9,29,-13,31,-18,32,-21]",giovani,unknown,unknown
CSI_DATA,900414,b2:1f:e7:2b:79:66,-39,11,1,7,0,1,1,0,1,0,1,-97,0,1,0,-107458498,0,83,0,128,1,"[83,-80,4,0,14,8,15,7,15,7,14,6,13,6,12,6,12,6,11,6,9,6,8,6,6,6,4,7,3,7,1,7,-1,7,-2,8,-4,8,-5,7,-6,8,-7,7,-7,7,-8,6,-8,6,-8,5,-8,5,-2,1,0,0,0,0,0,0,0,0,0,0,0,0,0,0,0,0,0,0,0,0,3,1,2,1,1,2,-1,2,-2,2,-3,3,-4,3,-5,3,-6,4,-6,4,-7,4,-7,4,-7,5,-7,5,-6,5,-5,6,-4,6,-2,6,-1,7,1,7,3,7,5,8,7,8,9,8,11,8,12,8]",giovani,unknown,unknown
CSI_DATA,900416,b2:1f:e7:2b:79:66,-42,11,1,7,0,1,1,0,1,0,1,-97,0,1,0,-107450040,0,83,0,128,1,"[83,-80,4,0,-24,-42,-25,-42,-25,-40,-25,-38,-24,-36,-23,-35,-21,-33,-18,-31,-15,-30,-11,-28,-7,-26,-3,-25,1,-23,6,-22,10,-20,14,-18,17,-17,19,-15,22,-14,23,-13,24,-11,25,-10,24,-8,24,-7,23,-6,5,-2,0,0,0,0,0,0,0,0,0,0,0,0,0,0,0,0,0,0,-2,-3,-6,-9,-3,-9,0,-8,3,-7,7,-6,10,-5,12,-4,15,-3,18,-2,20,-2,21,-2,22,-2,22,-3,21,-5,20,-7,19,-9,17,-12,14,-15,11,-18,7,-22,3,-25,0,-29,-5,-32,-9,-35,-14,-38,-17,-40]",giovani,unknown,unknown
CSI_DATA,900418,b2:1f:e7:2b:79:66,-39,11,1,7,0,1,1,0,1,0,1,-97,0,1,0,-107441949,0,83,0,128,1,"[83,-80,4,0,8,-16,7,-16,7,-16,6,-15,6,-14,5,-14,5,-13,5,-12,5,-10,5,-9,6,-7,6,-6,7,-4,7,-2,8,-1,8,0,8,2,8,3,8,4,8,4,8,5,7,6,7,6,6,6,6,6,1,1,0,0,0,0,0,0,0,0,0,0,0,0,0,0,0,0,0,0,0,-1,1,-3,2,-3,2,-2,2,0,2,1,3,2,3,3,3,4,3,5,3,6,3,6,3,6,4,6,4,6,5,5,5,4,6,3,6,2,7,0,7,-1,8,-3,8,-5,8,-7,8,-9,9,-10,9,-12]",giovani,unknown,unknown
CSI_DATA,900420,b2:1f:e7:2b:79:66,-42,11,1,7,0,1,1,0,1,0,1,-97,0,1,0,-107440560,0,83,0,128,1,"[83,-80,4,0,39,-28,38,-29,37,-29,35,-28,34,-27,32,-25,30,-23,29,-21,27,-17,25,-13,24,-9,23,-5,22,0,21,4,20,9,18,13,17,16,15,19,14,21,12,23,11,24,10,24,8,24,7,23,5,23,1,5,0,0,0,0,0,0,0,0,0,0,0,0,0,0,0,0,0,0,1,-2,7,-7,7,-4,7,-1,6,2,6,6,5,9,4,12,4,15,4,17,4,19,4,20,4,21,5,21,7,20,8,19,10,17,13,15,16,12,19,9,22,5,25,1,28,-4,30,-9,33,-13,36,-17,37,-21]",giovani,unknown,unknown
CSI_DATA,900422,b2:1f:e7:2b:79:66,-42,11,1,7,0,1,1,0,1,0,1,-97,0,1,0,-107440038,0,83,0,128,1,"[83,-80,4,0,-38,20,-37,21,-36,21,-34,20,-33,19,-31,18,-29,16,-27,14,-26,11,-24,8,-23,4,-21,1,-20,-3,-19,-7,-17,-10,-15,-14,-14,-17,-12,-19,-11,-21,-9,-22,-8,-23,-7,-23,-5,-23,-4,-22,-3,-22,-1,-6,0,0,0,0,0,0,0,0,0,0,0,0,0,0,0,0,0,0,-2,1,-8,5,-7,2,-7,0,-6,-3,-6,-6,-5,-9,-4,-12,-3,-14,-3,-16,-3,-18,-3,-19,-3,-20,-4,-20,-5,-19,-7,-18,-9,-17,-11,-15,-14,-13,-17,-10,-20,-7,-23,-4,-26,0,-28,4,-31,7,-34,10,-35,13]",giovani,unknown,unknown
CSI_DATA,900424,b2:1f:e7:2b:79:66,-39,11,1,7,0,1,1,0,1,0,1,-97,0,1,0,-107439647,0,83,0,128,1,"[83,-80,4,0,10,12,10,12,10,12,10,11,10,10,9,10,8,9,7,9,6,8,5,8,3,8,2,7,0,7,-2,7,-3,7,-5,6,-6,6,-7,6,-8,5,-8,5,-9,4,-9,4,-9,3,-9,3,-9,3,-3,0,0,0,0,0,0,0,0,0,0,0,0,0,0,0,0,0,0,0,0,0,2,2,1,2,0,2,-2,2,-3,2,-4,1,-5,1,-6,1,-7,1,-8,1,-8,1,-8,1,-9,2,-8,2,-8,3,-7,3,-6,4,-5,5,-4,6,-2,7,-1,8,1,9,2,10,4,11,6,11,7,12]",giovani,unknown,unknown
CSI_DATA,900426,b2:1f:e7:2b:79:66,-42,11,1,7,0,1,1,0,1,0,1,-97,0,1,0,-107416945,0,83,0,128,1,"[83,-80,4,0,-3,41,-1,41,-1,40,0,38,0,37,0,35,-1,33,-2,30,-3,27,-5,24,-8,21,-10,18,-13,15,-15,12,-17,9,-19,6,-21,3,-22,0,-23,-2,-23,-4,-24,-5,-23,-7,-22,-8,-21,-8,-20,-9,-5,-3,0,0,0,0,0,0,0,0,0,0,0,0,0,0,0,0,0,0,0,2,0,8,-2,7,-4,5,-6,2,-8,0,-10,-2,-12,-4,-13,-5,-15,-7,-16,-8,-17,-9,-18,-8,-18,-8,-19,-7,-19,-5,-19,-2,-19,1,-18,4,-17,8,-16,12,-15,16,-13,21,-12,25,-10,29,-8,33,-6,36]",giovani,unknown,unknown
CSI_DATA,900428,b2:1f:e7:2b:79:66,-42,11,1,7,0,1,1,0,1,0,1,-97,0,1,0,-107409514,0,83,0,128,1,"[83,-80,4,0,11,-46,10,-46,9,-45,8,-44,8,-42,8,-39,8,-37,8,-34,9,-31,10,-27,12,-23,14,-19,16,-15,18,-11,20,-7,22,-3,22,1,23,4,24,7,24,9,24,10,23,11,22,12,20,12,19,13,4,3,0,0,0,0,0,0,0,0,0,0,0,0,0,0,0,0,0,0,0,-3,1,-10,3,-8,5,-5,7,-2,8,1,10,3,11,6,12,8,14,10,15,12,16,13,17,13,18,12,19,11,19,9,19,6,20,2,20,-2,20,-6,20,-10,19,-15,18,-21,18,-26,17,-31,16,-36,15,-40]",giovani,unknown,unknown
CSI_DATA,900430,b2:1f:e7:2b:79:66,-42,11,1,7,0,1,1,0,1,0,1,-97,0,1,0,-107399713,0,83,0,128,1,"[83,-80,4,0,23,-36,21,-36,20,-36,19,-35,18,-33,17,-32,17,-30,16,-27,16,-24,16,-20,17,-16,17,-13,18,-9,18,-4,19,0,19,3,19,6,19,9,19,11,19,13,18,14,17,15,16,16,14,16,13,16,3,4,0,0,0,0,0,0,0,0,0,0,0,0,0,0,0,0,0,0,1,-3,4,-8,5,-6,5,-3,6,0,6,3,7,6,7,8,7,11,8,13,8,15,9,16,9,16,10,16,12,15,13,13,14,11,15,8,17,5,18,1,19,-3,20,-7,21,-12,22,-17,23,-21,24,-26,24,-29]",giovani,unknown,unknown
CSI_DATA,900432,b2:1f:e7:2b:79:66,-39,11,1,7,0,1,1,0,1,0,1,-97,0,1,0,-107392627,0,83,0,128,1,"[83,-80,4,0,-14,10,-14,10,-13,10,-12,10,-12,10,-11,9,-11,8,-10,7,-10,6,-9,4,-9,3,-9,2,-9,0,-8,-2,-8,-3,-8,-5,-7,-6,-7,-7,-6,-8,-6,-9,-6,-9,-5,-9,-5,-9,-4,-9,-4,-9,-1,-3,0,0,0,0,0,0,0,0,0,0,0,0,0,0,0,0,0,0,-1,0,-3,2,-3,1,-3,0,-3,-2,-3,-3,-2,-4,-2,-5,-2,-6,-2,-7,-2,-8,-2,-8,-2,-8,-2,-8,-3,-8,-3,-8,-4,-7,-5,-6,-6,-5,-7,-4,-8,-3,-9,-1,-10,1,-11,3,-12,4,-13,6,-13,7]",giovani,unknown,unknown
CSI_DATA,900434,b2:1f:e7:2b:79:66,-42,11,1,7,0,1,1,0,1,0,1,-97,0,1,0,-107375233,0,83,0,128,1,"[83,-80,4,0,-7,46,-6,46,-5,45,-4,43,-4,41,-4,39,-4,36,-5,33,-6,30,-8,26,-11,22,-13,18,-15,15,-18,11,-20,7,-22,3,-23,0,-24,-3,-25,-6,-25,-8,-25,-10,-24,-11,-23,-12,-22,-12,-21,-13,-6,-4,0,0,0,0,0,0,0,0,0,0,0,0,0,0,0,0,0,0,0,2,-1,9,-3,7,-5,4,-8,1,-9,-1,-11,-4,-13,-6,-15,-8,-16,-10,-18,-12,-19,-12,-19,-12,-20,-12,-20,-10,-21,-8,-21,-5,-21,-2,-20,2,-19,6,-18,11,-18,16,-16,21,-15,26,-14,31,-12,36,-10,40]",giovani,unknown,unknown
CSI_DATA,900436,b2:1f:e7:2b:79:66,-39,11,1,7,0,1,1,0,1,0,1,-97,0,1,0,-107363755,0,83,0,128,1,"[83,-80,4,0,15,-9,15,-9,14,-9,13,-9,13,-9,12,-8,12,-8,11,-7,10,-6,9,-4,9,-3,8,-1,8,0,7,2,7,4,6,5,6,6,5,7,5,8,4,9,3,9,3,9,2,9,2,9,1,9,0,2,0,0,0,0,0,0,0,0,0,0,0,0,0,0,0,0,0,0,0,-1,3,-2,3,-1,2,0,2,1,1,2,1,3,0,4,0,5,0,6,0,7,0,7,0,8,0,8,1,7,1,7,2,7,3,6,4,5,6,4,7,3,8,1,9,0,11,-2,12,-3,13,-5,14,-6]",giovani,unknown,unknown
CSI_DATA,900438,b2:1f:e7:2b:79:66,-42,11,1,7,0,1,1,0,1,0,1,-97,0,1,0,-107355667,0,83,0,128,1,"[83,-80,4,0,-34,-27,-34,-27,-34,-25,-33,-24,-32,-23,-30,-22,-27,-21,-25,-20,-21,-20,-18,-20,-14,-19,-10,-19,-6,-19,-2,-20,2,-20,6,-20,9,-19,12,-19,14,-18,16,-17,17,-17,18,-15,18,-14,18,-13,18,-12,4,-3,0,0,0,0,0,0,0,0,0,0,0,0,0,0,0,0,0,0,-2,-2,-8,-6,-5,-6,-2,-6,1,-7,4,-7,7,-8,9,-8,12,-8,14,-8,16,-9,17,-9,17,-10,17,-10,16,-11,14,-13,13,-15,10,-16,7,-18,3,-19,-1,-21,-5,-22,-10,-24,-14,-25,-19,-27,-24,-28,-26,-28]",giovani,unknown,unknown
CSI_DATA,900440,b2:1f:e7:2b:79:66,-42,11,1,7,0,1,1,0,1,0,1,-97,0,1,0,-107346894,0,83,0,128,1,"[83,-80,4,0,38,-19,37,-20,36,-20,35,-20,33,-19,32,-18,30,-16,27,-14,26,-11,24,-7,22,-4,20,-1,18,3,17,7,15,11,13,14,11,17,9,19,8,21,6,22,5,23,3,23,2,23,1,22,0,21,0,5,0,0,0,0,0,0,0,0,0,0,0,0,0,0,0,0,0,0,1,-2,7,-5,6,-3,6,0,5,2,4,5,3,9,2,11,1,13,1,16,1,17,1,18,1,19,2,19,3,19,5,18,7,17,9,15,12,12,15,10,18,7,21,4,25,0,28,-3,31,-6,34,-10,36,-13]",giovani,unknown,unknown
CSI_DATA,900442,b2:1f:e7:2b:79:66,-42,11,1,7,0,1,1,0,1,0,1,-97,0,1,0,-107339984,0,83,0,128,1,"[83,-80,4,0,46,-8,46,-9,45,-10,43,-10,41,-10,39,-9,37,-8,34,-6,31,-3,28,-1,25,2,22,6,19,9,16,13,14,16,11,19,8,22,5,23,3,25,1,26,-1,26,-2,26,-3,25,-4,24,-5,23,-2,5,0,0,0,0,0,0,0,0,0,0,0,0,0,0,0,0,0,0,2,-1,9,-3,8,-1,6,2,4,5,2,8,0,11,-2,13,-3,15,-5,17,-6,19,-6,20,-6,21,-5,21,-3,21,-1,21,1,21,5,20,8,18,13,16,17,15,22,12,26,9,31,6,35,4,39,1,42,-2]",giovani,unknown,unknown
CSI_DATA,900444,b2:1f:e7:2b:79:66,-42,11,1,7,0,1,1,0,1,0,1,-97,0,1,0,-107334883,0,83,0,128,1,"[83,-80,4,0,-6,-42,-7,-42,-7,-41,-8,-39,-7,-37,-7,-35,-6,-33,-4,-31,-2,-29,0,-26,3,-23,6,-21,9,-18,12,-15,15,-12,17,-10,19,-7,21,-5,22,-3,23,-1,23,0,23,2,22,3,21,3,20,4,5,1,0,0,0,0,0,0,0,0,0,0,0,0,0,0,0,0,0,0,-1,-3,-2,-9,0,-8,2,-6,5,-5,7,-3,9,-1,11,1,13,2,15,3,17,4,18,5,19,5,19,4,19,3,19,0,18,-2,18,-5,16,-8,15,-12,13,-15,11,-19,9,-24,6,-28,4,-32,1,-35,-1,-38]",giovani,unknown,unknown
CSI_DATA,900446,b2:1f:e7:2b:79:66,-39,11,1,7,0,1,1,0,1,0,1,-97,0,1,0,-107329710,0,83,0,128,1,"[83,-80,4,0,-8,15,-7,15,-7,15,-6,14,-6,14,-6,13,-6,12,-6,11,-6,9,-6,8,-6,6,-7,5,-8,4,-8,2,-8,0,-9,-1,-9,-2,-9,-4,-9,-4,-9,-5,-9,-6,-9,-6,-8,-7,-8,-7,-7,-7,-2,-2,0,0,0,0,0,0,0,0,0,0,0,0,0,0,0,0,0,0,-1,0,-2,3,-2,2,-3,1,-3,-1,-4,-2,-4,-3,-4,-4,-4,-5,-5,-5,-5,-6,-5,-7,-6,-7,-6,-7,-6,-6,-7,-6,-7,-5,-7,-3,-8,-2,-8,-1,-8,1,-8,3,-8,5,-8,7,-9,9,-9,10,-9,12]",giovani,unknown,unknown
CSI_DATA,900448,b2:1f:e7:2b:79:66,-39,11,1,7,0,1,1,0,1,0,1,-97,0,1,0,-107321478,0,83,0,128,1,"[83,-80,4,0,11,11,11,11,12,11,11,10,11,9,10,9,9,8,8,8,7,8,6,7,4,7,3,7,1,7,-1,7,-2,7,-3,7,-5,7,-6,7,-7,6,-7,6,-8,6,-8,5,-8,5,-8,4,-8,4,-2,1,0,0,0,0,0,0,0,0,0,0,0,0,0,0,0,0,0,0,0,0,2,2,1,2,0,2,-2,2,-3,2,-4,2,-5,2,-6,2,-7,2,-8,1,-8,2,-8,2,-8,2,-8,2,-7,3,-7,4,-6,5,-5,5,-3,6,-2,7,0,8,2,9,3,10,5,10,7,11,8,12]",giovani,unknown,unknown
CSI_DATA,900450,b2:1f:e7:2b:79:66,-39,11,1,7,0,1,1,0,1,0,1,-97,0,1,0,-107316880,0,83,0,128,1,"[83,-80,4,0,-15,-8,-16,-8,-15,-8,-15,-7,-14,-7,-13,-6,-12,-6,-11,-6,-10,-6,-9,-7,-7,-7,-6,-7,-4,-8,-3,-8,-1,-8,1,-9,2,-9,3,-9,4,-9,4,-9,5,-9,5,-8,6,-8,6,-7,6,-7,1,-2,0,0,0,0,0,0,0,0,0,0,0,0,0,0,0,0,0,0,-1,-1,-4,-3,-3,-3,-2,-3,0,-3,1,-3,2,-4,3,-4,4,-4,5,-4,6,-4,6,-5,7,-5,6,-5,6,-5,5,-6,4,-6,3,-7,2,-7,0,-8,-2,-8,-3,-8,-5,-9,-7,-9,-9,-9,-11,-9,-12,-9]",giovani,unknown,unknown
CSI_DATA,900452,b2:1f:e7:2b:79:66,-39,11,1,7,0,1,1,0,1,0,1,-97,0,1,0,-107311737,0,83,0,128,1,"[83,-80,4,0,-16,-8,-16,-7,-16,-7,-15,-6,-15,-6,-14,-6,-13,-6,-12,-6,-10,-6,-9,-6,-8,-7,-6,-7,-5,-7,-3,-8,-2,-8,0,-9,1,-9,2,-9,3,-9,4,-9,4,-9,5,-9,5,-8,5,-8,5,-7,1,-2,0,0,0,0,0,0,0,0,0,0,0,0,0,0,0,0,0,0,-1,-1,-3,-2,-3,-3,-2,-3,0,-3,1,-3,2,-4,3,-4,4,-4,5,-4,6,-4,6,-5,6,-5,6,-5,6,-6,5,-6,4,-7,3,-7,2,-7,0,-8,-2,-8,-4,-8,-5,-9,-7,-9,-9,-9,-11,-9,-12,-9]",giovani,unknown,unknown
CSI_DATA,900454,b2:1f:e7:2b:79:66,-42,11,1,7,0,1,1,0,1,0,1,-97,0,1,0,-107306632,0,83,0,128,1,"[83,-80,4,0,-20,37,-19,37,-18,36,-17,35,-16,33,-16,31,-16,29,-15,26,-15,23,-16,19,-17,16,-17,12,-18,8,-19,4,-20,0,-20,-4,-20,-7,-20,-10,-20,-12,-19,-14,-19,-16,-18,-17,-16,-17,-15,-17,-14,-17,-4,-5,0,0,0,0,0,0,0,0,0,0,0,0,0,0,0,0,0,0,-1,2,-4,8,-5,6,-6,3,-7,0,-8,-3,-9,-5,-10,-8,-11,-10,-12,-12,-13,-14,-13,-15,-14,-15,-15,-15,-15,-14,-16,-12,-17,-9,-18,-7,-19,-3,-19,0,-20,4,-21,8,-21,13,-22,18,-22,23,-22,27,-22,30]",giovani,unknown,unknown
CSI_DATA,900456,b2:1f:e7:2b:79:66,-42,11,1,7,0,1,1,0,1,0,1,-97,0,1,0,-107300829,0,83,0,128,1,"[83,-80,4,0,28,38,28,37,28,35,28,34,26,32,24,31,22,29,19,28,16,26,12,25,8,24,4,23,-1,21,-5,20,-10,19,-14,18,-17,16,-20,14,-22,13,-24,12,-25,10,-25,9,-25,7,-25,6,-24,5,-6,1,0,0,0,0,0,0,0,0,0,0,0,0,0,0,0,0,0,0,2,1,7,6,4,6,1,6,-3,6,-6,6,-9,6,-12,6,-15,6,-18,6,-20,5,-21,6,-22,6,-22,7,-21,8,-20,10,-18,12,-16,14,-12,17,-9,19,-5,22,-1,25,4,27,8,30,13,32,18,34,21,36]",giovani,unknown,unknown
CSI_DATA,900458,b2:1f:e7:2b:79:66,-39,11,1,7,0,1,1,0,1,0,1,-97,0,1,0,-107295580,0,83,0,128,1,"[83,-80,4,0,-12,-13,-13,-12,-12,-12,-12,-11,-11,-11,-11,-10,-10,-10,-9,-9,-8,-9,-6,-9,-5,-9,-3,-8,-2,-8,0,-8,2,-8,3,-8,4,-7,6,-7,6,-7,7,-7,8,-6,8,-5,8,-5,8,-5,8,-4,2,-1,0,0,0,0,0,0,0,0,0,0,0,0,0,0,0,0,0,0,-1,-1,-3,-3,-2,-3,-1,-3,0,-3,2,-3,3,-3,4,-3,5,-3,6,-3,6,-3,7,-3,7,-3,7,-3,7,-4,6,-4,6,-5,5,-6,4,-7,2,-7,1,-8,-1,-9,-3,-10,-4,-11,-6,-11,-8,-12,-9,-12]",giovani,unknown,unknown
CSI_DATA,900460,b2:1f:e7:2b:79:66,-39,11,1,7,0,1,1,0,1,0,1,-97,0,1,0,-107288170,0,83,0,128,1,"[83,-80,4,0,15,-8,14,-9,14,-9,13,-8,13,-8,12,-7,11,-7,11,-6,10,-5,9,-4,8,-2,8,-1,7,1,7,2,6,4,5,5,4,6,4,7,3,8,3,9,2,9,2,9,1,9,1,9,0,8,0,2,0,0,0,0,0,0,0,0,0,0,0,0,0,0,0,0,0,0,0,-1,3,-3,2,-2,2,-1,2,1,2,2,1,3,1,4,0,5,0,6,0,7,0,7,0,8,0,8,1,7,2,7,2,7,3,6,4,5,6,4,7,3,8,2,9,0,10,-1,12,-3,13,-4,14,-5]",giovani,unknown,unknown
CSI_DATA,900462,b2:1f:e7:2b:79:66,-42,11,1,7,0,1,1,0,1,0,1,-97,0,1,0,-107269446,0,83,0,128,1,"[83,-80,4,0,-7,-48,-8,-48,-9,-47,-9,-45,-8,-43,-8,-40,-6,-38,-5,-35,-3,-32,1,-29,4,-26,7,-23,10,-19,14,-16,17,-12,20,-9,22,-6,24,-4,25,-1,26,1,26,3,26,4,25,5,24,6,23,7,5,1,0,0,0,0,0,0,0,0,0,0,0,0,0,0,0,0,0,0,-1,-3,-3,-10,-1,-8,2,-6,5,-5,8,-3,11,-1,13,1,16,3,18,4,20,5,21,6,22,6,22,5,22,3,22,1,21,-2,20,-5,19,-9,17,-13,14,-17,12,-22,10,-26,7,-31,4,-36,1,-40,-1,-43]",giovani,unknown,unknown
CSI_DATA,900464,b2:1f:e7:2b:79:66,-42,11,1,7,0,1,1,0,1,0,1,-97,0,1,0,-107261404,0,83,0,128,1,"[83,-80,4,0,31,29,31,28,31,27,31,26,29,25,27,24,25,23,22,22,19,21,15,20,11,20,7,20,3,19,-1,19,-5,19,-9,18,-12,18,-15,17,-17,16,-19,15,-20,14,-21,13,-21,11,-21,10,-21,9,-6,2,0,0,0,0,0,0,0,0,0,0,0,0,0,0,0,0,0,0,1,1,6,5,4,6,1,6,-2,6,-5,6,-8,6,-11,6,-14,6,-16,6,-18,6,-19,7,-20,8,-19,8,-18,9,-17,11,-15,12,-13,14,-9,16,-5,18,-1,20,3,22,7,24,11,25,16,27,21,28,24,29]",giovani,unknown,unknown
CSI_DATA,900466,b2:1f:e7:2b:79:66,-39,11,1,7,0,1,1,0,1,0,1,-97,0,1,0,-107254823,0,83,0,128,1,"[83,-80,4,0,-17,-6,-17,-5,-17,-5,-16,-5,-15,-4,-14,-4,-13,-4,-12,-5,-11,-5,-10,-5,-8,-6,-7,-6,-5,-7,-4,-8,-2,-8,-1,-9,1,-9,2,-9,3,-9,4,-9,4,-9,5,-9,5,-8,5,-8,5,-8,1,-2,0,0,0,0,0,0,0,0,0,0,0,0,0,0,0,0,0,0,-1,-1,-4,-1,-3,-2,-2,-2,-1,-3,0,-4,1,-4,2,-5,3,-5,4,-6,4,-6,5,-6,5,-7,5,-7,4,-7,4,-8,3,-8,1,-8,0,-8,-2,-8,-3,-8,-5,-8,-7,-8,-9,-8,-11,-7,-13,-7,-14,-7]",giovani,unknown,unknown
CSI_DATA,900468,b2:1f:e7:2b:79:66,-42,11,1,7,0,1,1,0,1,0,1,-97,0,1,0,-107245820,0,83,0,128,1,"[83,-80,4,0,-29,-32,-29,-32,-29,-31,-28,-29,-27,-28,-26,-26,-23,-25,-21,-24,-18,-23,-14,-22,-10,-22,-6,-21,-3,-20,1,-20,6,-19,9,-18,12,-17,15,-16,17,-15,19,-14,20,-13,20,-12,20,-11,20,-9,20,-8,5,-2,0,0,0,0,0,0,0,0,0,0,0,0,0,0,0,0,0,0,-2,-2,-7,-7,-5,-7,-1,-7,2,-7,5,-7,7,-7,10,-7,13,-6,15,-6,17,-6,18,-7,19,-7,18,-8,17,-9,16,-11,15,-13,12,-14,9,-16,6,-18,2,-21,-2,-23,-6,-25,-10,-27,-15,-29,-19,-31,-22,-32]",giovani,unknown,unknown
CSI_DATA,900470,b2:1f:e7:2b:79:66,-39,11,1,7,0,1,1,0,1,0,1,-97,0,1,0,-107238052,0,83,0,128,1,"[83,-80,4,0,9,13,9,13,10,13,9,12,9,11,8,11,8,10,7,10,6,9,4,8,3,8,1,8,-1,8,-2,7,-4,7,-5,6,-7,6,-8,5,-8,5,-9,4,-10,4,-10,3,-10,3,-9,2,-9,2,-3,0,0,0,0,0,0,0,0,0,0,0,0,0,0,0,0,0,0,0,0,0,2,2,1,2,0,2,-2,2,-3,2,-4,2,-5,2,-6,2,-7,1,-8,1,-8,1,-9,1,-9,2,-8,2,-8,3,-8,4,-7,5,-6,5,-4,6,-3,7,-1,8,0,9,2,10,4,11,6,12,7,12]",giovani,unknown,unknown
CSI_DATA,900472,b2:1f:e7:2b:79:66,-42,11,1,7,0,1,1,0,1,0,1,-97,0,1,0,-107229696,0,83,0,128,1,"[83,-80,4,0,-5,-48,-6,-48,-7,-47,-7,-45,-7,-43,-6,-41,-5,-38,-4,-36,-2,-33,1,-30,4,-27,8,-24,11,-20,14,-17,18,-13,20,-10,22,-7,24,-5,26,-2,26,0,27,2,26,3,25,4,24,5,23,6,5,1,0,0,0,0,0,0,0,0,0,0,0,0,0,0,0,0,0,0,-1,-3,-2,-10,0,-9,3,-7,6,-5,8,-3,11,-1,13,1,15,3,17,5,19,6,20,6,21,6,22,5,22,4,21,1,21,-1,20,-5,19,-9,17,-13,15,-17,13,-22,11,-27,8,-31,5,-36,3,-40,1,-44]",giovani,unknown,unknown
CSI_DATA,900474,b2:1f:e7:2b:79:66,-42,11,1,7,0,1,1,0,1,0,1,-97,0,1,0,-107220679,0,83,0,128,1,"[83,-80,4,0,42,5,42,4,41,3,39,3,37,2,35,2,33,3,30,4,27,5,24,7,21,8,17,10,14,13,10,15,7,18,4,19,0,20,-2,21,-4,22,-6,22,-8,22,-9,21,-10,20,-11,19,-11,19,-3,4,0,0,0,0,0,0,0,0,0,0,0,0,0,0,0,0,0,0,2,-1,8,0,7,1,5,3,2,5,0,7,-2,9,-4,11,-6,12,-8,14,-9,15,-10,16,-10,17,-9,18,-8,18,-6,18,-4,18,-1,18,3,18,7,17,11,17,16,16,20,15,24,13,29,12,34,10,37,9]",giovani,unknown,unknown
CSI_DATA,900476,b2:1f:e7:2b:79:66,-42,11,1,7,0,1,1,0,1,0,1,-97,0,1,0,-107213338,0,83,0,128,1,"[83,-80,4,0,-44,21,-44,22,-42,22,-40,22,-38,21,-36,20,-34,18,-32,15,-30,12,-28,8,-26,4,-24,0,-23,-4,-21,-8,-19,-13,-17,-16,-15,-19,-13,-22,-11,-24,-10,-26,-8,-27,-7,-27,-5,-26,-4,-26,-3,-25,-1,-7,0,0,0,0,0,0,0,0,0,0,0,0,0,0,0,0,0,0,-3,1,-9,4,-9,2,-8,-1,-7,-4,-6,-8,-4,-11,-3,-14,-2,-16,-2,-19,-1,-21,-1,-22,-2,-23,-3,-23,-4,-23,-6,-22,-9,-20,-12,-18,-15,-16,-18,-13,-22,-10,-26,-7,-29,-2,-33,2,-36,6,-39,10,-41,13]",giovani,unknown,unknown
CSI_DATA,900478,b2:1f:e7:2b:79:66,-39,11,1,7,0,1,1,0,1,0,1,-97,0,1,0,-107199371,0,83,0,128,1,"[83,-80,4,0,-8,-16,-9,-15,-9,-15,-8,-14,-8,-13,-8,-13,-7,-12,-6,-11,-5,-11,-4,-10,-3,-10,-1,-9,0,-8,2,-8,3,-8,5,-7,6,-6,7,-6,8,-5,8,-5,9,-5,9,-4,9,-3,8,-3,8,-3,2,-1,0,0,0,0,0,0,0,0,0,0,0,0,0,0,0,0,0,0,-1,-1,-2,-4,-1,-4,0,-3,1,-3,2,-2,3,-2,4,-1,5,-1,6,0,7,0,7,0,8,0,8,0,8,-1,7,-2,7,-3,6,-4,6,-5,4,-6,3,-7,2,-9,1,-10,0,-11,-2,-13,-3,-14,-4,-15]",giovani,unknown,unknown
CSI_DATA,900480,b2:1f:e7:2b:79:66,-42,11,1,7,0,1,1,0,1,0,1,-97,0,1,0,-107191616,0,83,0,128,1,"[83,-80,4,0,41,8,41,6,40,6,39,5,38,5,35,5,33,5,30,6,27,7,23,8,20,10,16,12,13,14,9,16,6,18,3,19,-1,20,-3,21,-6,22,-8,22,-9,22,-10,21,-11,20,-12,19,-12,18,-3,4,0,0,0,0,0,0,0,0,0,0,0,0,0,0,0,0,0,0,2,0,8,0,7,2,4,3,2,5,0,7,-3,9,-5,11,-7,12,-9,13,-10,15,-11,16,-11,16,-10,17,-9,17,-7,18,-5,18,-2,18,2,18,6,18,10,18,15,17,19,16,24,15,28,14,33,13,36,11]",giovani,unknown,unknown
CSI_DATA,900482,b2:1f:e7:2b:79:66,-42,11,1,7,0,1,1,0,1,0,1,-97,0,1,0,-107186563,0,83,0,128,1,"[83,-80,4,0,-1,-43,-2,-43,-2,-42,-3,-40,-3,-38,-2,-36,-2,-34,-1,-31,1,-29,3,-26,6,-23,8,-20,11,-17,14,-13,16,-10,19,-7,20,-4,21,-2,22,0,23,2,23,4,23,5,22,6,21,7,20,7,5,2,0,0,0,0,0,0,0,0,0,0,0,0,0,0,0,0,0,0,-1,-3,-2,-9,0,-8,2,-6,5,-4,7,-2,9,0,11,2,13,3,14,5,16,6,17,6,18,6,18,6,19,4,19,2,18,0,18,-3,17,-7,16,-10,15,-14,13,-18,11,-23,9,-27,8,-31,6,-36,4,-39]",giovani,unknown,unknown
CSI_DATA,900484,b2:1f:e7:2b:79:66,-43,11,1,7,0,1,1,0,1,0,1,-97,0,1,0,-107171785,0,83,0,128,1,"[83,-80,4,0,44,-9,44,-10,43,-10,41,-10,39,-10,37,-9,35,-8,32,-6,29,-3,26,-1,24,2,21,5,18,9,15,12,12,16,9,19,6,21,4,22,2,24,0,25,-2,25,-4,25,-5,24,-6,23,-7,22,-2,5,0,0,0,0,0,0,0,0,0,0,0,0,0,0,0,0,0,0,2,-2,8,-4,7,-2,6,1,5,4,3,7,2,10,0,13,-1,15,-2,17,-3,19,-3,20,-3,21,-2,21,0,21,2,21,4,20,7,19,10,17,14,15,18,13,22,11,26,8,30,5,34,2,38,-1,40,-3]",giovani,unknown,unknown
CSI_DATA,900486,b2:1f:e7:2b:79:66,-42,11,1,7,0,1,1,0,1,0,1,-97,0,1,0,-107161872,0,83,0,128,1,"[83,-80,4,0,20,38,20,38,21,37,20,35,19,33,18,31,16,30,14,28,11,26,8,24,4,22,0,21,-4,19,-8,18,-12,16,-15,14,-18,12,-20,11,-22,9,-24,8,-24,6,-24,5,-24,3,-23,2,-23,1,-6,0,0,0,0,0,0,0,0,0,0,0,0,0,0,0,0,0,0,0,1,1,5,7,3,6,-1,6,-4,5,-7,4,-9,4,-12,3,-15,2,-17,2,-19,1,-20,2,-21,2,-21,3,-20,4,-19,6,-18,8,-17,11,-14,13,-11,16,-8,19,-4,22,-1,26,3,29,7,32,11,35,13,37]",giovani,unknown,unknown
CSI_DATA,900488,b2:1f:e7:2b:79:66,-39,11,1,7,0,1,1,0,1,0,1,-97,0,1,0,-107153410,0,83,0,128,1,"[83,-80,4,0,7,15,7,15,7,14,7,14,7,13,6,12,6,11,5,11,4,10,2,9,1,9,-1,8,-2,7,-4,7,-5,6,-7,5,-8,4,-9,4,-9,3,-10,2,-10,2,-10,1,-10,1,-10,0,-10,0,-3,0,0,0,0,0,0,0,0,0,0,0,0,0,0,0,0,0,0,0,0,0,2,3,1,2,-1,2,-2,2,-3,1,-4,1,-5,1,-6,0,-7,0,-8,0,-9,0,-9,0,-9,0,-9,1,-9,1,-8,2,-8,3,-6,4,-5,6,-4,7,-3,8,-1,9,0,11,1,12,3,13,4,14]",giovani,unknown,unknown
CSI_DATA,900490,b2:1f:e7:2b:79:66,-42,11,1,7,0,1,1,0,1,0,1,-97,0,1,0,-107147481,0,83,0,128,1,"[83,-80,4,0,41,-12,41,-13,39,-13,38,-13,36,-13,34,-12,32,-11,30,-9,27,-6,25,-3,22,-1,20,3,18,6,16,10,13,13,11,16,9,19,6,21,5,22,3,23,1,24,0,23,-1,23,-2,22,-3,21,-1,5,0,0,0,0,0,0,0,0,0,0,0,0,0,0,0,0,0,0,2,-1,8,-4,7,-2,5,1,4,4,3,6,2,9,0,12,-1,14,-2,16,-2,18,-2,19,-2,20,-1,20,0,20,2,19,4,18,7,17,10,15,13,13,17,11,21,8,24,5,28,2,32,-1,35,-4,38,-7]",giovani,unknown,unknown
CSI_DATA,900492,b2:1f:e7:2b:79:66,-42,11,1,7,0,1,1,0,1,0,1,-97,0,1,0,-107139928,0,83,0,128,1,"[83,-80,4,0,-48,10,-47,11,-46,11,-44,11,-42,11,-40,10,-37,8,-35,6,-32,4,-29,1,-26,-3,-23,-6,-20,-10,-17,-14,-14,-17,-11,-20,-8,-23,-6,-25,-3,-26,-1,-27,0,-27,2,-27,3,-26,4,-25,5,-25,1,-7,0,0,0,0,0,0,0,0,0,0,0,0,0,0,0,0,0,0,-3,1,-9,3,-8,1,-7,-2,-6,-5,-4,-8,-3,-12,-1,-15,0,-17,1,-19,1,-21,2,-23,2,-23,1,-24,-1,-24,-3,-23,-5,-22,-8,-21,-12,-19,-16,-17,-20,-15,-24,-12,-28,-9,-32,-5,-36,-2,-40,1,-43,4]",giovani,unknown,unknown
CSI_DATA,900494,b2:1f:e7:2b:79:66,-39,11,1,7,0,1,1,0,1,0,1,-97,0,1,0,-107129029,0,83,0,128,1,"[83,-80,4,0,10,13,10,13,10,12,10,12,10,11,9,10,8,10,7,9,6,9,4,8,3,8,1,8,-1,7,-2,7,-4,7,-5,6,-6,6,-7,5,-8,5,-9,5,-9,4,-10,4,-10,3,-10,2,-9,2,-3,0,0,0,0,0,0,0,0,0,0,0,0,0,0,0,0,0,0,0,0,0,2,2,1,2,0,2,-2,2,-3,2,-4,2,-5,2,-6,1,-7,1,-8,1,-8,2,-8,2,-9,2,-8,2,-8,3,-7,4,-6,5,-5,6,-4,6,-2,7,-1,8,1,9,2,10,4,11,6,12,7,13]",giovani,unknown,unknown
CSI_DATA,900496,b2:1f:e7:2b:79:66,-42,11,1,7,0,1,1,0,1,0,1,-97,0,1,0,-107119540,0,83,0,128,1,"[83,-80,4,0,13,45,15,45,15,44,15,42,14,40,13,38,11,36,9,33,7,31,4,28,0,26,-4,23,-8,21,-12,18,-16,16,-19,13,-22,10,-24,8,-26,6,-27,4,-28,2,-27,1,-27,0,-26,-2,-25,-2,-7,-1,0,0,0,0,0,0,0,0,0,0,0,0,0,0,0,0,0,0,1,2,4,9,1,8,-2,6,-5,5,-8,4,-11,2,-14,1,-16,0,-19,-1,-21,-2,-22,-2,-23,-1,-23,-1,-23,1,-23,3,-22,6,-20,9,-18,12,-15,15,-13,19,-10,23,-6,28,-3,32,1,36,5,39,7,42]",giovani,unknown,unknown
CSI_DATA,900498,b2:1f:e7:2b:79:66,-42,11,1,7,0,1,1,0,1,0,1,-97,0,1,0,-107110095,0,83,0,128,1,"[83,-80,4,0,-9,-48,-10,-47,-11,-46,-11,-44,-10,-42,-9,-40,-8,-38,-6,-35,-4,-33,-1,-30,2,-27,6,-24,9,-21,13,-18,16,-15,19,-12,22,-9,24,-7,25,-4,26,-2,27,0,26,1,26,2,25,3,24,4,6,1,0,0,0,0,0,0,0,0,0,0,0,0,0,0,0,0,0,0,-1,-3,-4,-10,-1,-9,2,-7,5,-5,8,-4,10,-2,13,0,15,2,17,3,20,4,21,4,22,4,22,3,22,2,22,-1,21,-4,20,-7,18,-10,16,-14,14,-18,11,-23,9,-27,6,-32,2,-36,-1,-40,-3,-44]",giovani,unknown,unknown
CSI_DATA,900500,b2:1f:e7:2b:79:66,-42,11,1,7,0,1,1,0,1,0,1,-97,0,1,0,-107100098,0,83,0,128,1,"[83,-80,4,0,-28,-33,-28,-33,-28,-32,-27,-30,-26,-29,-24,-27,-22,-26,-20,-25,-17,-24,-13,-23,-10,-22,-6,-21,-1,-20,3,-20,7,-19,11,-17,14,-16,16,-15,18,-14,20,-13,21,-12,21,-10,21,-9,21,-8,21,-7,5,-2,0,0,0,0,0,0,0,0,0,0,0,0,0,0,0,0,0,0,-2,-2,-7,-6,-5,-7,-2,-7,1,-7,4,-7,7,-7,10,-7,13,-6,15,-6,17,-7,18,-7,18,-8,18,-8,18,-9,16,-11,15,-13,13,-15,10,-17,6,-19,2,-21,-1,-23,-5,-26,-10,-28,-14,-30,-18,-32,-21,-33]",giovani,unknown,unknown
CSI_DATA,900502,b2:1f:e7:2b:79:66,-42,11,1,7,0,1,1,0,1,0,1,-97,0,1,0,-107086251,0,83,0,128,1,"[83,-80,4,0,24,34,25,34,25,33,25,31,23,29,22,28,20,27,17,25,14,24,10,23,7,22,3,21,-1,19,-5,18,-9,17,-13,16,-16,15,-18,13,-20,12,-22,10,-23,9,-23,7,-23,6,-22,5,-22,4,-6,1,0,0,0,0,0,0,0,0,0,0,0,0,0,0,0,0,0,0,1,1,6,6,4,6,1,6,-3,5,-6,5,-9,5,-11,5,-14,5,-16,5,-18,5,-19,5,-20,6,-20,6,-19,7,-18,9,-16,11,-14,13,-11,15,-8,17,-4,20,-1,22,3,25,7,27,11,30,15,32,18,33]",giovani,unknown,unknown
CSI_DATA,900504,b2:1f:e7:2b:79:66,-42,11,1,7,0,1,1,0,1,0,1,-97,0,1,0,-107061828,0,83,0,128,1,"[83,-80,4,0,31,27,31,26,31,25,30,23,29,22,27,21,24,20,21,20,18,19,14,18,10,18,7,18,2,17,-2,17,-5,17,-9,16,-12,15,-15,14,-17,14,-19,13,-20,11,-21,10,-21,9,-21,8,-20,7,-5,1,0,0,0,0,0,0,0,0,0,0,0,0,0,0,0,0,0,0,2,0,7,3,5,3,2,4,-1,5,-4,6,-7,6,-9,7,-12,8,-14,8,-16,9,-17,9,-17,10,-17,11,-16,12,-15,13,-13,14,-10,16,-7,17,-3,19,0,20,5,21,9,23,13,24,17,25,22,26,25,27]",giovani,unknown,unknown
CSI_DATA,900506,b2:1f:e7:2b:79:66,-42,11,1,7,0,1,1,0,1,0,1,-97,0,1,0,-107055067,0,83,0,128,1,"[83,-80,4,0,29,30,30,30,30,28,29,27,28,26,26,25,24,24,21,22,18,21,14,21,10,20,6,20,2,19,-2,19,-6,19,-10,18,-13,17,-16,16,-18,15,-20,14,-21,13,-22,12,-21,10,-21,9,-21,8,-6,2,0,0,0,0,0,0,0,0,0,0,0,0,0,0,0,0,0,0,1,1,7,5,4,5,1,5,-2,6,-5,6,-8,6,-11,7,-13,7,-16,7,-18,7,-19,8,-19,8,-19,9,-18,10,-17,12,-15,13,-13,15,-10,17,-6,19,-2,21,2,23,6,24,11,26,15,28,20,29,23,30]",giovani,unknown,unknown
CSI_DATA,900508,b2:1f:e7:2b:79:66,-42,11,1,7,0,1,1,0,1,0,1,-97,0,1,0,-107043181,0,83,0,128,1,"[83,-80,4,0,23,36,24,35,24,34,23,32,22,30,20,29,18,28,16,26,13,25,9,23,6,22,2,20,-2,19,-6,18,-10,17,-13,15,-16,13,-19,12,-21,10,-23,9,-23,8,-24,6,-23,5,-23,4,-22,3,-6,0,0,0,0,0,0,0,0,0,0,0,0,0,0,0,0,0,0,0,1,1,6,6,3,6,0,5,-3,5,-6,5,-9,5,-12,5,-14,5,-17,4,-19,4,-20,5,-20,5,-20,6,-20,7,-19,8,-17,10,-15,13,-12,15,-9,17,-6,20,-2,22,2,25,6,28,10,30,14,32,17,34]",giovani,unknown,unknown
CSI_DATA,900510,b2:1f:e7:2b:79:66,-42,11,1,7,0,1,1,0,1,0,1,-97,0,1,0,-107035366,0,83,0,128,1,"[83,-80,4,0,41,-12,40,-13,39,-13,38,-13,36,-13,34,-12,32,-11,30,-9,27,-6,25,-3,23,0,21,3,18,6,16,10,14,13,12,16,9,18,7,20,5,22,4,23,2,23,1,23,-1,23,-2,22,-3,21,-1,5,0,0,0,0,0,0,0,0,0,0,0,0,0,0,0,0,0,0,2,-1,8,-4,7,-2,6,1,5,4,3,6,2,9,0,12,-1,14,-2,16,-2,18,-2,19,-2,19,-2,20,0,19,2,19,4,18,7,17,10,15,13,13,17,11,21,8,24,5,28,2,32,0,35,-3,37,-6]",giovani,unknown,unknown
CSI_DATA,900512,b2:1f:e7:2b:79:66,-42,11,1,7,0,1,1,0,1,0,1,-97,0,1,0,-107026005,0,83,0,128,1,"[83,-80,4,0,39,15,40,14,39,13,38,12,36,12,34,11,31,11,28,12,25,12,21,13,18,14,14,15,10,17,6,18,2,19,-2,20,-5,20,-8,20,-11,21,-13,20,-14,20,-15,19,-16,17,-16,16,-16,15,-4,3,0,0,0,0,0,0,0,0,0,0,0,0,0,0,0,0,0,0,2,0,8,1,6,3,4,4,1,6,-2,8,-4,9,-7,11,-9,12,-11,13,-13,14,-13,15,-14,15,-13,16,-12,16,-10,17,-8,18,-5,18,-1,18,3,19,7,19,12,19,16,19,21,19,26,19,30,18,33,17]",giovani,unknown,unknown
CSI_DATA,900514,b2:1f:e7:2b:79:66,-39,11,1,7,0,1,1,0,1,0,1,-97,0,1,0,-107020697,0,83,0,128,1,"[83,-80,4,0,14,8,14,8,14,7,14,7,13,7,12,7,11,6,10,6,9,6,7,6,5,6,4,7,2,7,1,7,-1,7,-3,8,-4,7,-5,7,-6,7,-7,7,-8,6,-8,6,-8,5,-8,5,-8,5,-2,1,0,0,0,0,0,0,0,0,0,0,0,0,0,0,0,0,0,0,0,0,3,1,2,1,1,2,-1,2,-2,3,-3,3,-4,3,-5,4,-6,4,-7,4,-7,5,-7,5,-7,5,-7,5,-6,6,-5,6,-4,7,-3,7,-1,7,1,8,2,8,4,8,6,8,8,9,10,9,11,9]",giovani,unknown,unknown
CSI_DATA,900516,b2:1f:e7:2b:79:66,-42,11,1,7,0,1,1,0,1,0,1,-97,0,1,0,-107011233,0,83,0,128,1,"[83,-80,4,0,42,-2,42,-3,41,-3,39,-4,38,-3,36,-3,33,-2,31,-1,28,1,25,3,22,6,19,8,16,11,13,14,10,16,7,19,4,20,1,22,-1,23,-3,23,-5,23,-6,23,-7,22,-8,21,-8,20,-3,5,0,0,0,0,0,0,0,0,0,0,0,0,0,0,0,0,0,0,2,-1,8,-2,7,0,5,2,3,4,1,7,-1,10,-3,12,-4,14,-5,15,-6,17,-7,18,-7,19,-6,19,-4,19,-3,19,-1,19,2,18,6,17,10,16,14,15,18,13,22,11,26,9,31,7,35,5,38,3]",giovani,unknown,unknown
CSI_DATA,900518,b2:1f:e7:2b:79:66,-39,11,1,7,0,1,1,0,1,0,1,-97,0,1,0,-107010274,0,83,0,128,1,"[83,-80,4,0,-14,9,-14,10,-13,10,-13,9,-12,9,-11,9,-11,8,-10,7,-10,6,-10,4,-9,3,-9,1,-9,0,-8,-2,-8,-3,-8,-5,-7,-6,-7,-7,-7,-8,-6,-9,-6,-9,-5,-9,-5,-9,-4,-9,-4,-9,-1,-3,0,0,0,0,0,0,0,0,0,0,0,0,0,0,0,0,0,0,-1,0,-4,1,-3,1,-3,-1,-3,-2,-3,-3,-2,-4,-2,-5,-2,-6,-2,-7,-2,-8,-1,-8,-2,-9,-2,-9,-3,-9,-3,-8,-4,-8,-5,-7,-6,-6,-7,-5,-8,-3,-9,-2,-10,0,-11,2,-12,3,-13,5,-14,6]",giovani,unknown,unknown
CSI_DATA,900520,b2:1f:e7:2b:79:66,-42,11,1,7,0,1,1,0,1,0,1,-97,0,1,0,-106997981,0,83,0,128,1,"[83,-80,4,0,32,-28,31,-29,30,-29,28,-28,27,-27,26,-25,24,-23,23,-21,22,-17,21,-14,20,-10,20,-6,19,-2,18,2,18,6,17,10,16,13,15,15,14,17,13,19,12,20,10,21,9,21,8,20,7,20,1,5,0,0,0,0,0,0,0,0,0,0,0,0,0,0,0,0,0,0,1,-2,5,-7,5,-5,6,-2,6,1,6,4,6,7,6,10,6,13,6,15,6,17,6,18,7,18,8,18,9,17,10,16,12,14,14,12,16,9,18,6,20,3,22,-1,25,-6,27,-10,28,-14,30,-18,31,-22]",giovani,unknown,unknown
CSI_DATA,900522,b2:1f:e7:2b:79:66,-42,11,1,7,0,1,1,0,1,0,1,-97,0,1,0,-106990708,0,83,0,128,1,"[83,-80,4,0,40,-25,39,-26,38,-26,37,-26,35,-24,33,-23,31,-21,29,-18,28,-15,26,-11,24,-7,23,-3,21,2,20,6,19,10,17,14,15,17,13,20,12,22,10,24,9,25,7,25,6,25,4,24,3,24,0,5,0,0,0,0,0,0,0,0,0,0,0,0,0,0,0,0,0,0,1,-2,7,-6,7,-4,7,-1,6,3,6,6,5,9,4,13,4,15,3,18,3,20,3,21,4,22,5,22,6,21,8,20,10,19,13,16,15,13,19,10,22,7,25,3,28,-1,31,-6,34,-10,37,-14,38,-18]",giovani,unknown,unknown
CSI_DATA,900524,b2:1f:e7:2b:79:66,-39,11,1,7,0,1,1,0,1,0,1,-97,0,1,0,-106983643,0,83,0,128,1,"[83,-80,4,0,-18,-3,-18,-2,-17,-2,-16,-2,-16,-2,-15,-2,-14,-2,-13,-2,-12,-2,-11,-3,-9,-4,-8,-5,-7,-6,-5,-7,-4,-8,-2,-9,-1,-9,0,-10,1,-10,1,-10,2,-10,2,-10,3,-10,3,-9,3,-9,0,-3,0,0,0,0,0,0,0,0,0,0,0,0,0,0,0,0,0,0,-1,-1,-4,-1,-3,-1,-2,-2,-1,-3,0,-4,1,-4,2,-5,2,-5,3,-6,4,-6,4,-7,4,-7,4,-8,4,-8,3,-8,2,-8,0,-8,-1,-8,-3,-8,-4,-8,-6,-7,-8,-7,-10,-6,-12,-5,-14,-5,-15,-4]",giovani,unknown,unknown
CSI_DATA,900526,b2:1f:e7:2b:79:66,-39,11,1,7,0,1,1,0,1,0,1,-97,0,1,0,-106978641,0,83,0,128,1,"[83,-80,4,0,-11,13,-11,13,-10,13,-9,13,-9,12,-9,11,-8,10,-8,9,-8,8,-8,7,-8,5,-8,3,-8,2,-8,0,-8,-1,-8,-3,-8,-4,-8,-5,-8,-6,-8,-7,-7,-8,-7,-8,-6,-8,-6,-8,-6,-8,-2,-2,0,0,0,0,0,0,0,0,0,0,0,0,0,0,0,0,0,0,-1,0,-2,2,-3,1,-3,0,-3,-1,-4,-2,-4,-4,-4,-5,-4,-6,-4,-6,-4,-7,-4,-8,-4,-8,-5,-8,-5,-8,-6,-7,-6,-6,-7,-5,-7,-4,-8,-2,-9,-1,-9,1,-10,3,-10,5,-11,7,-11,8,-11,10]",giovani,unknown,unknown
CSI_DATA,900528,b2:1f:e7:2b:79:66,-42,11,1,7,0,1,1,0,1,0,1,-97,0,1,0,-106962659,0,83,0,128,1,"[83,-80,4,0,42,-4,42,-5,41,-5,39,-6,38,-5,35,-5,33,-4,30,-2,27,0,25,2,22,5,19,7,16,10,13,13,10,16,7,19,4,20,1,22,-1,23,-3,23,-4,23,-6,23,-7,22,-8,21,-8,20,-2,5,0,0,0,0,0,0,0,0,0,0,0,0,0,0,0,0,0,0,2,-1,8,-3,7,-1,5,1,4,4,2,7,0,9,-1,12,-3,14,-4,16,-4,17,-5,19,-5,19,-4,20,-3,20,-1,20,1,19,4,18,8,17,11,16,15,14,19,12,23,10,27,8,32,6,36,3,38,1]",giovani,unknown,unknown
CSI_DATA,900530,b2:1f:e7:2b:79:66,-42,11,1,7,0,1,1,0,1,0,1,-97,0,1,0,-106952335,0,83,0,128,1,"[83,-80,4,0,-13,41,-12,41,-11,40,-10,39,-10,37,-9,35,-9,33,-10,30,-11,27,-12,23,-13,19,-15,16,-17,12,-18,8,-20,4,-21,1,-22,-3,-22,-5,-23,-8,-23,-10,-22,-11,-21,-12,-20,-13,-19,-14,-18,-14,-5,-4,0,0,0,0,0,0,0,0,0,0,0,0,0,0,0,0,0,0,-1,2,-2,8,-4,6,-5,4,-7,1,-9,-2,-10,-4,-12,-6,-13,-8,-14,-10,-15,-12,-16,-13,-17,-13,-18,-13,-18,-12,-19,-10,-20,-7,-20,-4,-20,0,-20,3,-20,8,-19,12,-19,17,-19,22,-18,27,-17,31,-16,35]",giovani,unknown,unknown
CSI_DATA,900532,b2:1f:e7:2b:79:66,-39,11,1,7,0,1,1,0,1,0,1,-97,0,1,0,-106944746,0,83,0,128,1,"[83,-80,4,0,0,17,1,16,1,16,1,16,1,15,1,14,0,13,0,12,-1,11,-2,10,-3,8,-4,7,-5,6,-6,5,-7,4,-8,2,-9,1,-10,0,-10,-1,-10,-2,-10,-2,-10,-3,-10,-3,-9,-3,-9,-4,-3,-1,0,0,0,0,0,0,0,0,0,0,0,0,0,0,0,0,0,0,0,0,0,3,-1,2,-2,2,-3,1,-4,0,-5,-1,-6,-1,-6,-2,-7,-3,-8,-3,-8,-3,-9,-3,-9,-3,-9,-3,-9,-2,-9,-1,-9,0,-8,1,-8,3,-7,5,-6,6,-5,8,-4,10,-3,12,-3,13,-2,14]",giovani,unknown,unknown
CSI_DATA,900534,b2:1f:e7:2b:79:66,-42,11,1,7,0,1,1,0,1,0,1,-97,0,1,0,-106939570,0,83,0,128,1,"[83,-80,4,0,41,12,41,11,40,10,39,9,37,8,35,8,32,9,29,9,26,10,22,11,19,12,15,14,11,15,7,17,3,19,0,20,-4,20,-7,21,-9,21,-11,21,-13,20,-14,19,-14,18,-15,17,-15,16,-4,4,0,0,0,0,0,0,0,0,0,0,0,0,0,0,0,0,0,0,2,0,8,0,6,2,4,3,2,5,-1,8,-3,10,-6,11,-8,13,-9,14,-11,15,-12,16,-12,17,-11,18,-10,18,-8,18,-6,19,-3,19,0,19,5,19,9,19,14,18,18,17,23,17,28,16,32,15,35,14]",giovani,unknown,unknown
CSI_DATA,900536,b2:1f:e7:2b:79:66,-39,11,1,7,0,1,1,0,1,0,1,-97,0,1,0,-106929204,0,83,0,128,1,"[83,-80,4,0,-15,9,-15,9,-14,9,-14,9,-13,8,-12,8,-12,7,-11,6,-10,5,-10,3,-10,2,-9,1,-9,-1,-8,-3,-8,-4,-7,-6,-6,-7,-6,-8,-5,-9,-5,-9,-4,-10,-4,-10,-3,-10,-3,-10,-2,-9,-1,-3,0,0,0,0,0,0,0,0,0,0,0,0,0,0,0,0,0,0,-1,0,-3,2,-3,1,-3,-1,-3,-2,-3,-3,-2,-4,-2,-5,-2,-6,-2,-7,-2,-8,-2,-8,-2,-9,-2,-9,-3,-9,-3,-8,-4,-7,-5,-7,-6,-6,-7,-5,-8,-3,-9,-2,-11,0,-12,2,-13,3,-13,5,-14,6]",giovani,unknown,unknown
CSI_DATA,900538,b2:1f:e7:2b:79:66,-39,11,1,7,0,1,1,0,1,0,1,-97,0,1,0,-106927779,0,83,0,128,1,"[83,-80,4,0,7,-16,7,-16,6,-16,6,-15,5,-15,5,-14,5,-13,5,-12,5,-11,5,-9,5,-8,6,-6,6,-4,7,-3,8,-2,8,0,8,1,8,2,8,3,8,4,8,5,8,5,7,5,7,5,6,5,1,1,0,0,0,0,0,0,0,0,0,0,0,0,0,0,0,0,0,0,0,-1,1,-4,1,-3,2,-2,2,0,3,1,3,2,3,3,3,4,4,5,4,6,4,6,4,6,5,6,5,6,6,5,6,4,7,3,7,2,7,0,7,-2,8,-3,8,-5,8,-7,8,-9,8,-11,9,-12]",giovani,unknown,unknown
CSI_DATA,900540,b2:1f:e7:2b:79:66,-39,11,1,7,0,1,1,0,1,0,1,-97,0,1,0,-106918531,0,83,0,128,1,"[83,-80,4,0,-9,-15,-9,-15,-9,-15,-9,-14,-9,-13,-8,-12,-8,-12,-7,-11,-6,-11,-4,-10,-3,-10,-2,-9,0,-9,2,-8,3,-8,5,-7,6,-6,7,-6,8,-6,8,-5,9,-4,9,-4,9,-3,9,-3,8,-3,2,-1,0,0,0,0,0,0,0,0,0,0,0,0,0,0,0,0,0,0,-1,-1,-2,-4,-1,-3,0,-3,1,-3,2,-2,3,-2,4,-2,5,-1,6,-1,7,-1,8,-1,8,-1,8,-1,8,-2,7,-3,7,-4,6,-5,5,-6,4,-7,3,-8,1,-9,0,-10,-1,-11,-3,-12,-4,-14,-5,-14]",giovani,unknown,unknown
CSI_DATA,900542,b2:1f:e7:2b:79:66,-39,11,1,7,0,1,1,0,1,0,1,-97,0,1,0,-106907535,0,83,0,128,1,"[83,-80,4,0,-18,1,-18,1,-17,1,-17,2,-16,2,-15,1,-14,1,-13,0,-12,0,-11,-1,-10,-2,-9,-3,-7,-4,-6,-6,-5,-7,-4,-8,-3,-9,-2,-10,-2,-10,-1,-10,0,-10,0,-10,1,-10,1,-10,1,-9,0,-3,0,0,0,0,0,0,0,0,0,0,0,0,0,0,0,0,0,0,-1,0,-4,-1,-3,-1,-3,-2,-2,-3,-1,-4,0,-5,1,-6,1,-6,2,-7,2,-7,3,-8,3,-8,3,-8,2,-9,1,-9,0,-8,-1,-8,-2,-8,-4,-8,-6,-7,-7,-6,-9,-5,-11,-4,-13,-3,-14,-3,-15,-2]",giovani,unknown,unknown
CSI_DATA,900544,b2:1f:e7:2b:79:66,-42,11,1,7,0,1,1,0,1,0,1,-97,0,1,0,-106897927,0,83,0,128,1,"[83,-80,4,0,-38,-20,-39,-19,-38,-18,-37,-17,-35,-16,-33,-15,-31,-15,-28,-15,-24,-15,-21,-16,-17,-17,-13,-17,-9,-18,-5,-19,-1,-20,2,-20,6,-20,9,-20,11,-20,13,-20,14,-19,15,-18,15,-17,16,-16,16,-15,4,-4,0,0,0,0,0,0,0,0,0,0,0,0,0,0,0,0,0,0,-3,-1,-9,-4,-7,-4,-4,-6,-1,-7,2,-8,4,-9,7,-10,9,-11,11,-12,13,-13,14,-13,14,-14,14,-15,13,-16,11,-17,9,-18,6,-18,3,-19,-1,-20,-6,-21,-10,-21,-15,-21,-19,-22,-24,-22,-29,-22,-32,-22]",giovani,unknown,unknown
CSI_DATA,900546,b2:1f:e7:2b:79:66,-42,11,1,7,0,1,1,0,1,0,1,-97,0,1,0,-106889313,0,83,0,128,1,"[83,-80,4,0,-37,23,-36,23,-35,23,-33,23,-32,22,-30,20,-29,18,-27,16,-25,13,-24,9,-23,6,-22,2,-20,-2,-19,-6,-18,-10,-16,-13,-15,-16,-13,-19,-12,-21,-10,-22,-9,-23,-8,-23,-7,-23,-5,-23,-4,-22,-1,-6,0,0,0,0,0,0,0,0,0,0,0,0,0,0,0,0,0,0,-2,1,-7,5,-7,3,-7,0,-7,-3,-6,-6,-6,-9,-5,-12,-5,-14,-5,-17,-5,-18,-5,-20,-5,-20,-6,-20,-7,-20,-9,-19,-11,-17,-13,-15,-15,-12,-18,-10,-21,-6,-23,-3,-26,1,-29,5,-31,9,-34,13,-35,16]",giovani,unknown,unknown
CSI_DATA,900548,b2:1f:e7:2b:79:66,-39,11,1,7,0,1,1,0,1,0,1,-97,0,1,0,-106879633,0,83,0,128,1,"[83,-80,4,0,25,24,26,23,26,22,25,21,24,20,22,19,20,18,18,18,15,17,12,16,9,16,6,16,2,16,-2,15,-5,15,-8,15,-11,14,-13,13,-15,12,-17,12,-18,10,-18,10,-18,9,-18,8,-18,7,-5,1,0,0,0,0,0,0,0,0,0,0,0,0,0,0,0,0,0,0,1,1,6,4,4,5,1,5,-2,5,-4,5,-7,5,-9,5,-11,5,-13,5,-15,5,-16,6,-16,6,-16,7,-16,7,-15,9,-13,10,-11,11,-8,13,-5,15,-2,16,2,18,5,19,9,20,13,22,17,23,19,24]",giovani,unknown,unknown
CSI_DATA,900550,b2:1f:e7:2b:79:66,-42,11,1,7,0,1,1,0,1,0,1,-97,0,1,0,-106856348,0,83,0,128,1,"[83,-80,4,0,28,-33,27,-34,26,-33,25,-32,23,-31,23,-29,22,-27,21,-24,20,-21,20,-17,20,-13,20,-9,20,-5,19,-1,19,3,19,7,18,10,18,13,17,15,16,17,15,19,14,19,13,19,11,19,10,19,2,4,0,0,0,0,0,0,0,0,0,0,0,0,0,0,0,0,0,0,1,-2,5,-8,5,-6,6,-3,7,0,7,3,7,7,7,9,8,12,8,14,9,16,9,17,10,18,11,17,12,16,13,15,14,13,16,10,17,7,19,3,21,0,22,-5,24,-9,25,-14,27,-19,28,-23,28,-26]",giovani,unknown,unknown
CSI_DATA,900552,b2:1f:e7:2b:79:66,-42,11,1,7,0,1,1,0,1,0,1,-97,0,1,0,-106847004,0,83,0,128,1,"[83,-80,4,0,-32,31,-31,31,-29,31,-28,30,-27,29,-26,27,-25,25,-23,22,-22,18,-22,14,-21,10,-21,6,-20,2,-20,-3,-19,-7,-18,-11,-17,-14,-16,-17,-15,-19,-14,-21,-12,-22,-11,-23,-10,-23,-8,-22,-7,-22,-2,-6,0,0,0,0,0,0,0,0,0,0,0,0,0,0,0,0,0,0,-2,2,-5,7,-5,5,-6,2,-7,-1,-8,-4,-8,-7,-8,-10,-9,-13,-9,-15,-10,-17,-10,-18,-11,-19,-12,-19,-13,-18,-14,-16,-16,-14,-17,-12,-19,-8,-20,-5,-22,-2,-24,3,-26,8,-27,12,-29,17,-30,21,-31,24]",giovani,unknown,unknown
CSI_DATA,900554,b2:1f:e7:2b:79:66,-42,11,1,7,0,1,1,0,1,0,1,-97,0,1,0,-106839317,0,83,0,128,1,"[83,-80,4,0,-37,23,-36,24,-34,24,-33,23,-31,22,-30,21,-28,19,-27,17,-25,14,-24,10,-23,6,-22,3,-20,-1,-19,-6,-18,-10,-17,-13,-15,-16,-13,-19,-12,-21,-11,-22,-10,-23,-8,-23,-7,-23,-6,-22,-5,-22,-1,-6,0,0,0,0,0,0,0,0,0,0,0,0,0,0,0,0,0,0,-2,1,-7,5,-7,3,-7,0,-7,-3,-6,-6,-6,-9,-5,-12,-5,-14,-5,-17,-5,-19,-5,-20,-6,-20,-7,-20,-8,-20,-9,-19,-11,-17,-13,-15,-16,-12,-18,-10,-21,-6,-24,-3,-26,2,-29,6,-31,10,-34,14,-35,17]",giovani,unknown,unknown
CSI_DATA,900556,b2:1f:e7:2b:79:66,-42,11,1,7,0,1,1,0,1,0,1,-97,0,1,0,-106826987,0,83,0,128,1,"[83,-80,4,0,-35,25,-35,25,-33,25,-32,25,-30,24,-29,22,-28,20,-26,18,-25,15,-24,11,-23,8,-22,4,-21,0,-20,-4,-19,-8,-18,-12,-16,-15,-15,-17,-14,-20,-13,-21,-12,-22,-11,-22,-9,-22,-8,-22,-7,-22,-2,-6,0,0,0,0,0,0,0,0,0,0,0,0,0,0,0,0,0,0,-2,1,-7,5,-7,3,-7,0,-7,-3,-7,-6,-6,-9,-6,-12,-5,-15,-5,-17,-5,-19,-5,-20,-6,-21,-7,-21,-8,-20,-10,-19,-12,-17,-14,-15,-16,-12,-18,-9,-21,-6,-23,-2,-26,2,-28,7,-31,11,-33,14,-34,18]",giovani,unknown,unknown
CSI_DATA,900558,b2:1f:e7:2b:79:66,-42,11,1,7,0,1,1,0,1,0,1,-97,0,1,0,-106814459,0,83,0,128,1,"[83,-80,4,0,34,-26,33,-27,32,-27,31,-26,29,-25,28,-23,27,-21,25,-19,24,-16,23,-12,22,-8,21,-4,19,0,19,4,17,8,16,11,14,14,13,17,12,19,10,21,9,22,8,22,6,22,5,21,4,21,1,5,0,0,0,0,0,0,0,0,0,0,0,0,0,0,0,0,0,0,1,-2,5,-7,6,-5,6,-2,6,1,6,4,6,7,6,10,5,13,6,15,6,17,6,18,6,19,7,19,9,18,10,17,11,15,13,13,16,10,18,7,20,4,23,0,25,-4,27,-9,30,-12,32,-16,33,-20]",giovani,unknown,unknown
CSI_DATA,900560,b2:1f:e7:2b:79:66,-42,11,1,7,0,1,1,0,1,0,1,-97,0,1,0,-106803749,0,83,0,128,1,"[83,-80,4,0,-15,40,-14,40,-12,39,-11,38,-11,36,-10,34,-10,32,-11,29,-11,26,-12,22,-14,18,-15,15,-17,11,-18,7,-20,3,-21,0,-21,-4,-22,-6,-22,-9,-22,-11,-21,-12,-20,-13,-19,-14,-18,-14,-17,-15,-5,-4,0,0,0,0,0,0,0,0,0,0,0,0,0,0,0,0,0,0,-1,2,-2,8,-3,6,-5,4,-7,1,-9,-1,-10,-4,-11,-6,-12,-9,-14,-10,-15,-12,-16,-13,-17,-13,-17,-13,-18,-11,-19,-10,-19,-7,-20,-4,-20,-1,-20,3,-20,7,-20,12,-20,17,-19,22,-18,26,-18,30,-17,34]",giovani,unknown,unknown
CSI_DATA,900562,b2:1f:e7:2b:79:66,-42,11,1,7,0,1,1,0,1,0,1,-97,0,1,0,-106793937,0,83,0,128,1,"[83,-80,4,0,37,-20,36,-21,35,-21,34,-21,32,-20,31,-19,29,-17,27,-14,25,-12,24,-8,22,-5,21,-1,19,3,18,7,16,10,14,14,12,16,11,18,9,20,7,22,6,23,5,23,3,22,2,22,1,21,0,5,0,0,0,0,0,0,0,0,0,0,0,0,0,0,0,0,0,0,1,-2,6,-6,6,-4,6,-1,6,2,5,5,4,8,4,11,3,13,3,16,3,17,3,19,3,19,4,19,6,19,7,18,9,17,11,15,14,12,16,10,19,7,22,3,25,0,28,-4,31,-8,33,-11,35,-14]",giovani,unknown,unknown
CSI_DATA,900564,b2:1f:e7:2b:79:66,-42,11,1,7,0,1,1,0,1,0,1,-97,0,1,0,-106787346,0,83,0,128,1,"[83,-80,4,0,22,36,23,35,23,34,23,32,22,30,20,29,18,28,16,26,13,25,9,23,6,22,2,20,-2,19,-6,18,-10,17,-14,15,-16,13,-19,12,-21,10,-22,9,-23,7,-23,6,-23,5,-23,3,-22,3,-6,0,0,0,0,0,0,0,0,0,0,0,0,0,0,0,0,0,0,0,1,1,6,6,3,6,0,6,-3,5,-6,5,-9,5,-12,5,-14,5,-16,4,-18,4,-20,5,-20,5,-20,6,-20,7,-19,8,-17,10,-15,13,-13,15,-9,17,-6,20,-2,22,2,25,5,28,10,30,14,32,17,34]",giovani,unknown,unknown
CSI_DATA,900566,b2:1f:e7:2b:79:66,-42,11,1,7,0,1,1,0,1,0,1,-97,0,1,0,-106779681,0,83,0,128,1,"[83,-80,4,0,36,21,36,20,36,19,35,18,33,17,32,16,29,16,26,15,23,16,19,16,15,17,11,17,7,17,3,18,-1,19,-5,19,-8,19,-11,19,-13,19,-15,18,-17,17,-18,16,-18,15,-18,13,-18,12,-5,3,0,0,0,0,0,0,0,0,0,0,0,0,0,0,0,0,0,0,2,0,8,3,5,4,2,5,0,6,-3,7,-6,8,-9,9,-12,10,-14,10,-15,11,-16,11,-17,12,-17,13,-15,14,-14,15,-12,16,-9,17,-6,18,-1,19,3,20,8,21,12,21,17,22,21,23,26,23,29,23]",giovani,unknown,unknown
CSI_DATA,900568,b2:1f:e7:2b:79:66,-42,11,1,7,0,1,1,0,1,0,1,-97,0,1,0,-106769909,0,83,0,128,1,"[83,-80,4,0,-36,22,-35,23,-33,23,-32,23,-31,22,-29,20,-28,18,-26,16,-24,13,-23,9,-22,6,-21,2,-20,-1,-19,-5,-17,-9,-16,-12,-15,-15,-13,-18,-12,-20,-11,-21,-10,-22,-8,-22,-7,-22,-5,-22,-4,-21,-1,-6,0,0,0,0,0,0,0,0,0,0,0,0,0,0,0,0,0,0,-2,1,-7,5,-7,3,-7,0,-6,-3,-6,-6,-5,-9,-5,-11,-5,-14,-5,-16,-5,-18,-5,-19,-5,-20,-6,-20,-7,-19,-9,-18,-11,-17,-13,-15,-15,-12,-18,-9,-21,-6,-23,-3,-25,1,-28,5,-30,9,-33,12,-34,15]",giovani,unknown,unknown
CSI_DATA,900570,b2:1f:e7:2b:79:66,-39,11,1,7,0,1,1,0,1,0,1,-97,0,1,0,-106757580,0,83,0,128,1,"[83,-80,4,0,16,3,16,3,16,2,15,2,14,2,14,2,13,2,11,2,10,3,9,3,7,4,6,5,5,6,3,6,2,7,0,8,-1,8,-2,8,-3,8,-4,8,-4,8,-5,8,-5,8,-5,7,-6,7,-2,1,0,0,0,0,0,0,0,0,0,0,0,0,0,0,0,0,0,0,0,-1,3,0,2,0,2,1,0,2,0,3,-1,4,-2,4,-3,5,-4,6,-4,6,-5,6,-5,7,-5,7,-4,7,-3,7,-3,7,-2,7,0,7,2,7,3,7,5,6,7,6,9,6,10,5,12,5,13,5]",giovani,unknown,unknown
CSI_DATA,900572,b2:1f:e7:2b:79:66,-42,11,1,7,0,1,1,0,1,0,1,-97,0,1,0,-106756784,0,83,0,128,1,"[83,-80,4,0,-45,18,-44,18,-42,19,-40,18,-39,18,-37,17,-35,15,-33,13,-31,10,-28,6,-26,2,-24,-1,-22,-6,-20,-10,-18,-14,-16,-17,-13,-20,-11,-23,-10,-25,-8,-26,-6,-27,-5,-27,-3,-26,-2,-25,-1,-25,-1,-7,0,0,0,0,0,0,0,0,0,0,0,0,0,0,0,0,0,0,-3,1,-9,5,-8,2,-8,-1,-7,-4,-6,-8,-5,-11,-4,-14,-3,-16,-2,-19,-2,-21,-2,-22,-2,-23,-3,-23,-5,-23,-7,-22,-9,-21,-12,-19,-15,-17,-18,-14,-22,-11,-25,-8,-29,-4,-33,0,-36,4,-39,8,-41,11]",giovani,unknown,unknown
CSI_DATA,900574,b2:1f:e7:2b:79:66,-42,11,1,7,0,1,1,0,1,0,1,-97,0,1,0,-106755751,0,83,0,128,1,"[83,-80,4,0,32,-29,31,-29,30,-29,28,-28,27,-27,26,-25,25,-23,23,-21,22,-17,22,-14,21,-10,20,-6,19,-2,18,3,18,6,17,10,15,13,14,16,13,18,12,20,11,21,9,21,8,21,6,21,5,20,1,5,0,0,0,0,0,0,0,0,0,0,0,0,0,0,0,0,0,0,1,-2,5,-7,5,-5,6,-2,6,1,6,4,6,7,6,10,6,12,7,15,7,17,7,18,7,19,8,19,10,18,11,16,12,14,14,12,16,9,18,6,20,2,22,-2,25,-6,27,-10,29,-14,30,-18,31,-22]",giovani,unknown,unknown
CSI_DATA,900576,b2:1f:e7:2b:79:66,-39,11,1,7,0,1,1,0,1,0,1,-97,0,1,0,-106754042,0,83,0,128,1,"[83,-80,4,0,-10,14,-10,14,-9,14,-9,13,-8,13,-8,12,-8,11,-7,10,-7,9,-7,7,-8,6,-8,4,-8,2,-8,0,-8,-1,-9,-3,-8,-4,-8,-5,-8,-6,-8,-7,-7,-8,-7,-8,-7,-8,-6,-8,-5,-8,-2,-2,0,0,0,0,0,0,0,0,0,0,0,0,0,0,0,0,0,0,-1,0,-2,3,-2,2,-3,1,-3,-1,-4,-2,-4,-3,-4,-4,-5,-5,-5,-6,-5,-7,-5,-7,-6,-7,-6,-7,-6,-7,-7,-6,-7,-6,-8,-4,-8,-3,-8,-2,-9,0,-9,2,-9,4,-10,6,-10,8,-10,10,-10,11]",giovani,unknown,unknown
CSI_DATA,900578,b2:1f:e7:2b:79:66,-42,11,1,6,0,1,1,0,1,0,1,-97,0,1,0,-106753855,0,83,0,128,1,"[83,-80,4,0,13,-41,12,-41,11,-40,10,-39,9,-37,9,-35,9,-33,9,-30,10,-27,11,-23,12,-20,14,-16,15,-12,17,-8,19,-4,20,-1,20,3,21,5,21,8,21,10,20,11,19,12,18,13,17,13,16,14,4,3,0,0,0,0,0,0,0,0,0,0,0,0,0,0,0,0,0,0,0,-3,1,-9,2,-7,4,-5,6,-2,8,0,9,3,11,5,12,8,13,10,15,11,16,12,16,12,17,12,18,11,18,9,19,6,19,3,19,0,19,-4,19,-8,19,-13,19,-18,18,-23,17,-27,16,-32,16,-35]",giovani,unknown,unknown
CSI_DATA,900580,b2:1f:e7:2b:79:66,-39,11,1,6,0,1,1,0,1,0,1,-97,0,1,0,-106732486,0,83,0,128,1,"[83,-80,4,0,13,10,13,10,13,9,13,9,12,8,12,8,11,8,9,7,8,7,7,7,5,7,3,7,2,7,0,7,-1,8,-3,7,-5,7,-6,7,-7,7,-7,7,-8,6,-8,6,-8,5,-9,5,-9,4,-2,1,0,0,0,0,0,0,0,0,0,0,0,0,0,0,0,0,0,0,0,0,3,2,2,2,0,2,-1,2,-2,2,-3,3,-5,3,-6,3,-6,3,-7,3,-8,3,-8,4,-8,4,-8,4,-7,5,-6,6,-5,6,-4,6,-2,7,-1,8,1,8,3,9,5,9,7,10,9,10,10,10]",giovani,unknown,unknown
CSI_DATA,900582,b2:1f:e7:2b:79:66,-42,11,1,6,0,1,1,0,1,0,1,-97,0,1,0,-106727646,0,83,0,128,1,"[83,-80,4,0,-11,-41,-12,-41,-12,-40,-12,-39,-11,-37,-10,-35,-9,-33,-7,-31,-5,-29,-2,-26,1,-24,4,-21,7,-19,10,-16,14,-14,17,-11,19,-9,21,-6,22,-4,23,-3,23,-1,23,0,22,2,22,3,21,3,5,1,0,0,0,0,0,0,0,0,0,0,0,0,0,0,0,0,0,0,-2,-3,-4,-8,-2,-8,1,-7,4,-6,7,-4,10,-3,12,-2,14,-1,17,0,19,1,20,1,21,1,21,0,21,-1,20,-3,19,-5,18,-8,16,-11,14,-14,11,-17,9,-21,6,-25,3,-29,0,-32,-3,-36,-5,-38]",giovani,unknown,unknown
CSI_DATA,900584,b2:1f:e7:2b:79:66,-39,11,1,7,0,1,1,0,1,0,1,-97,0,1,0,-106720919,0,83,0,128,1,"[83,-80,4,0,4,16,4,16,4,15,4,15,4,14,4,13,3,12,3,12,2,10,1,9,-1,9,-2,8,-4,7,-5,6,-6,5,-7,4,-8,3,-9,2,-10,2,-10,1,-10,0,-10,0,-10,0,-10,-1,-10,-1,-3,-1,0,0,0,0,0,0,0,0,0,0,0,0,0,0,0,0,0,0,0,0,1,3,0,2,-2,2,-3,1,-4,1,-5,0,-6,0,-7,-1,-7,-1,-8,-2,-9,-2,-9,-2,-9,-2,-9,-1,-9,-1,-9,0,-9,2,-8,3,-7,4,-6,5,-5,7,-3,9,-2,10,-1,12,0,13,1,15]",giovani,unknown,unknown
CSI_DATA,900586,b2:1f:e7:2b:79:66,-39,11,1,7,0,1,1,0,1,0,1,-97,0,1,0,-106709434,0,83,0,128,1,"[83,-80,4,0,4,-17,3,-17,3,-17,3,-16,2,-15,2,-15,2,-14,3,-13,3,-11,3,-10,4,-9,5,-7,5,-6,6,-5,7,-3,8,-2,8,-1,9,1,9,2,9,2,9,3,9,3,8,4,8,4,8,4,1,1,0,0,0,0,0,0,0,0,0,0,0,0,0,0,0,0,0,0,0,-1,1,-4,1,-3,2,-2,2,-1,3,0,3,1,4,2,4,3,5,4,5,5,6,5,6,5,6,5,6,5,7,4,7,3,7,2,7,0,7,-1,7,-3,7,-5,7,-7,7,-9,6,-11,6,-12,6,-14]",giovani,unknown,unknown
CSI_DATA,900588,b2:1f:e7:2b:79:66,-39,11,1,7,0,1,1,0,1,0,1,-97,0,1,0,-106704785,0,83,0,128,1,"[83,-80,4,0,16,1,16,1,16,0,15,0,15,0,14,0,13,0,12,1,11,1,9,2,8,3,7,4,6,5,4,6,3,7,2,8,0,8,-1,9,-2,9,-3,9,-3,9,-4,9,-4,8,-5,8,-5,7,-2,1,0,0,0,0,0,0,0,0,0,0,0,0,0,0,0,0,0,0,0,-1,3,0,2,0,2,1,1,2,0,3,-1,4,-2,5,-3,5,-4,6,-4,7,-5,7,-4,7,-4,7,-4,8,-3,8,-2,8,-1,8,0,7,2,7,4,7,5,6,7,5,9,5,11,4,13,4,14,3]",giovani,unknown,unknown
CSI_DATA,900590,b2:1f:e7:2b:79:66,-42,11,1,7,0,1,1,0,1,0,1,-97,0,1,0,-106695482,0,83,0,128,1,"[83,-80,4,0,-29,-32,-29,-31,-29,-30,-28,-29,-27,-27,-25,-26,-23,-25,-21,-24,-18,-23,-14,-22,-10,-21,-6,-21,-2,-20,2,-19,6,-18,10,-17,13,-16,15,-15,18,-14,19,-13,20,-12,21,-10,21,-9,20,-8,20,-7,5,-2,0,0,0,0,0,0,0,0,0,0,0,0,0,0,0,0,0,0,-3,-2,-8,-6,-5,-6,-2,-7,1,-7,4,-7,7,-8,10,-8,12,-8,15,-8,17,-9,18,-9,19,-10,18,-10,18,-11,16,-13,15,-14,12,-16,9,-17,6,-19,2,-21,-2,-23,-6,-25,-10,-27,-15,-29,-19,-30,-22,-31]",giovani,unknown,unknown
CSI_DATA,900592,b2:1f:e7:2b:79:66,-39,11,1,7,0,1,1,0,1,0,1,-97,0,1,0,-106683230,0,83,0,128,1,"[83,-80,4,0,-11,13,-11,13,-10,13,-9,13,-9,12,-9,11,-8,10,-8,10,-8,8,-8,7,-8,5,-8,4,-8,2,-8,0,-8,-2,-8,-3,-8,-4,-8,-6,-8,-7,-7,-7,-7,-8,-7,-8,-6,-8,-6,-8,-6,-8,-2,-2,0,0,0,0,0,0,0,0,0,0,0,0,0,0,0,0,0,0,-1,0,-2,3,-3,2,-3,0,-4,-1,-4,-2,-4,-3,-4,-5,-4,-5,-4,-6,-5,-7,-5,-8,-5,-8,-5,-8,-6,-8,-6,-7,-7,-6,-7,-5,-8,-4,-8,-2,-9,-1,-9,1,-10,3,-10,5,-11,7,-11,9,-11,10]",giovani,unknown,unknown
CSI_DATA,900594,b2:1f:e7:2b:79:66,-39,11,1,7,0,1,1,0,1,0,1,-97,0,1,0,-106677940,0,83,0,128,1,"[83,-80,4,0,-2,17,-1,17,-1,16,-1,16,-1,15,-1,14,-1,13,-2,12,-2,11,-3,10,-4,8,-5,7,-6,6,-7,4,-8,3,-9,2,-9,0,-10,-1,-10,-2,-10,-3,-10,-3,-10,-4,-10,-4,-9,-4,-9,-4,-3,-1,0,0,0,0,0,0,0,0,0,0,0,0,0,0,0,0,0,0,0,1,0,3,-1,3,-2,2,-3,1,-4,0,-5,-1,-6,-2,-6,-3,-7,-3,-8,-4,-8,-4,-9,-4,-9,-4,-9,-4,-9,-3,-9,-2,-9,-1,-8,1,-8,2,-7,4,-7,6,-6,7,-6,9,-5,11,-4,13,-3,14]",giovani,unknown,unknown
CSI_DATA,900596,b2:1f:e7:2b:79:66,-39,11,1,7,0,1,1,0,1,0,1,-97,0,1,0,-106671457,0,83,0,128,1,"[83,-80,4,0,7,-15,7,-15,7,-15,6,-15,6,-14,6,-13,6,-12,5,-11,5,-10,6,-9,6,-7,6,-6,7,-4,7,-2,8,-1,8,1,8,2,7,4,7,5,7,5,7,6,6,6,6,7,6,7,5,7,1,1,0,0,0,0,0,0,0,0,0,0,0,0,0,0,0,0,0,0,0,-1,1,-4,1,-3,2,-2,2,-1,3,0,3,1,4,3,4,4,4,4,5,5,5,5,5,6,6,6,6,5,6,5,7,4,7,3,7,1,8,0,8,-2,8,-4,8,-6,8,-8,8,-9,8,-11,8,-13]",giovani,unknown,unknown
CSI_DATA,900598,b2:1f:e7:2b:79:66,-39,11,1,7,0,1,1,0,1,0,1,-97,0,1,0,-106653215,0,83,0,128,1,"[83,-80,4,0,-17,-4,-17,-3,-17,-3,-16,-3,-16,-2,-15,-2,-14,-3,-13,-3,-11,-3,-10,-4,-9,-4,-8,-5,-6,-6,-5,-7,-4,-8,-2,-9,-1,-9,0,-10,1,-10,2,-10,2,-10,3,-10,3,-9,3,-9,4,-9,1,-2,0,0,0,0,0,0,0,0,0,0,0,0,0,0,0,0,0,0,-2,-1,-4,-1,-4,-2,-3,-2,-2,-3,0,-4,1,-5,2,-5,2,-6,3,-6,4,-7,4,-7,4,-8,4,-8,4,-8,3,-8,2,-9,1,-9,-1,-8,-2,-8,-4,-8,-6,-8,-8,-7,-9,-7,-11,-6,-13,-6,-14,-6]",giovani,unknown,unknown
CSI_DATA,900600,b2:1f:e7:2b:79:66,-39,11,1,7,0,1,1,0,1,0,1,-97,0,1,0,-106647249,0,83,0,128,1,"[83,-80,4,0,-13,11,-13,11,-12,11,-11,11,-11,11,-11,10,-10,9,-10,8,-9,7,-9,5,-9,4,-9,2,-9,0,-8,-1,-8,-3,-8,-4,-8,-6,-7,-7,-7,-8,-6,-9,-6,-9,-5,-9,-5,-9,-4,-9,-4,-9,-1,-3,0,0,0,0,0,0,0,0,0,0,0,0,0,0,0,0,0,0,-1,0,-3,3,-3,2,-3,0,-4,-1,-4,-2,-3,-3,-3,-5,-4,-6,-4,-7,-4,-8,-4,-8,-4,-8,-5,-8,-5,-8,-5,-8,-6,-7,-7,-6,-7,-5,-8,-4,-9,-2,-10,0,-10,2,-11,4,-12,5,-12,7,-12,9]",giovani,unknown,unknown
CSI_DATA,900602,b2:1f:e7:2b:79:66,-39,11,1,7,0,1,1,0,1,0,1,-97,0,1,0,-106642040,0,83,0,128,1,"[83,-80,4,0,-12,-13,-13,-13,-13,-12,-12,-11,-12,-11,-11,-10,-10,-10,-9,-10,-8,-9,-7,-9,-5,-9,-4,-8,-2,-8,0,-8,2,-8,3,-8,4,-8,5,-8,6,-7,7,-7,7,-7,8,-6,8,-6,8,-5,8,-5,2,-2,0,0,0,0,0,0,0,0,0,0,0,0,0,0,0,0,0,0,-1,-1,-3,-3,-2,-3,-1,-3,1,-3,2,-3,3,-3,4,-3,5,-3,6,-3,7,-3,8,-3,8,-3,8,-4,8,-4,7,-5,6,-5,5,-6,4,-7,3,-8,1,-9,-1,-10,-2,-10,-4,-11,-6,-12,-8,-12,-8,-13]",giovani,unknown,unknown
CSI_DATA,900604,b2:1f:e7:2b:79:66,-42,11,1,7,0,1,1,0,1,0,1,-97,0,1,0,-106625691,0,83,0,128,1,"[83,-80,4,0,41,-5,41,-6,40,-6,38,-7,37,-7,35,-6,33,-5,30,-4,28,-2,25,1,22,4,20,6,17,9,15,12,12,15,9,17,6,19,4,21,2,22,0,23,-1,23,-3,23,-4,22,-5,21,-6,21,-2,5,0,0,0,0,0,0,0,0,0,0,0,0,0,0,0,0,0,0,2,-1,8,-2,7,0,6,2,4,5,2,7,0,10,-1,12,-3,14,-4,16,-5,17,-6,18,-6,19,-5,20,-4,20,-2,20,0,19,3,18,6,17,10,15,14,14,18,12,22,10,26,7,30,5,34,3,37,1]",giovani,unknown,unknown
CSI_DATA,900606,b2:1f:e7:2b:79:66,-39,11,1,7,0,1,1,0,1,0,1,-97,0,1,0,-106616294,0,83,0,128,1,"[83,-80,4,0,-10,12,-10,13,-9,13,-9,12,-9,12,-8,11,-8,10,-8,9,-8,8,-8,6,-8,5,-8,3,-8,2,-8,0,-8,-1,-8,-3,-8,-4,-8,-5,-8,-6,-7,-7,-7,-7,-7,-8,-6,-8,-6,-8,-5,-8,-2,-2,0,0,0,0,0,0,0,0,0,0,0,0,0,0,0,0,0,0,-1,0,-2,2,-3,2,-3,0,-3,-1,-4,-2,-4,-3,-4,-4,-4,-5,-4,-6,-5,-7,-5,-7,-5,-8,-5,-8,-6,-7,-6,-7,-7,-6,-7,-5,-8,-4,-8,-2,-9,-1,-9,1,-9,3,-10,5,-10,7,-10,8,-10,10]",giovani,unknown,unknown
CSI_DATA,900608,b2:1f:e7:2b:79:66,-42,11,1,7,0,1,1,0,1,0,1,-97,0,1,0,-106609154,0,83,0,128,1,"[83,-80,4,0,40,9,40,8,40,7,39,6,37,6,35,6,32,6,30,7,26,8,23,9,20,11,16,13,13,15,9,17,5,18,2,19,-1,20,-4,21,-7,22,-9,22,-10,21,-11,20,-12,19,-13,18,-13,17,-4,4,0,0,0,0,0,0,0,0,0,0,0,0,0,0,0,0,0,0,2,0,8,0,7,2,4,4,2,6,0,8,-3,10,-5,12,-7,13,-9,15,-10,16,-11,17,-12,18,-11,18,-10,19,-8,19,-6,19,-3,19,1,19,5,19,9,18,13,18,18,17,22,16,27,15,32,14,35,13]",giovani,unknown,unknown
CSI_DATA,900610,b2:1f:e7:2b:79:66,-39,11,1,7,0,1,1,0,1,0,1,-97,0,1,0,-106599456,0,83,0,128,1,"[83,-80,4,0,16,4,16,3,16,3,15,3,14,3,14,3,13,3,11,3,10,3,9,4,7,4,6,5,4,6,3,7,1,7,0,8,-1,8,-3,8,-4,8,-5,8,-5,8,-6,8,-6,7,-6,7,-6,6,-2,1,0,0,0,0,0,0,0,0,0,0,0,0,0,0,0,0,0,0,0,0,3,0,2,0,1,1,0,2,-1,3,-2,4,-3,5,-4,5,-4,6,-5,6,-5,7,-5,7,-5,7,-5,7,-4,7,-3,8,-2,8,-1,7,1,7,3,7,4,7,6,7,8,6,10,6,12,6,13,5]",giovani,unknown,unknown
CSI_DATA,900612,b2:1f:e7:2b:79:66,-42,11,1,7,0,1,1,0,1,0,1,-97,0,1,0,-106591007,0,83,0,128,1,"[83,-80,4,0,8,-41,7,-42,6,-41,6,-40,5,-38,5,-36,6,-33,6,-31,7,-28,8,-24,10,-21,12,-17,14,-14,16,-10,18,-7,19,-3,20,0,21,3,21,5,21,7,21,9,20,10,19,11,18,11,17,12,4,3,0,0,0,0,0,0,0,0,0,0,0,0,0,0,0,0,0,0,-1,-3,0,-9,2,-8,4,-5,6,-3,8,-1,10,2,11,4,13,6,14,8,16,10,17,10,18,10,18,10,19,9,19,7,19,4,19,1,19,-2,19,-6,18,-10,17,-14,17,-19,16,-24,15,-28,13,-33,12,-36]",giovani,unknown,unknown
CSI_DATA,900614,b2:1f:e7:2b:79:66,-42,11,1,7,0,1,1,0,1,0,1,-97,0,1,0,-106582488,0,83,0,128,1,"[83,-80,4,0,-48,4,-48,5,-47,6,-45,6,-43,6,-41,5,-39,4,-36,3,-33,0,-30,-3,-27,-5,-24,-8,-20,-12,-17,-15,-14,-18,-11,-21,-8,-23,-5,-25,-2,-26,0,-27,1,-27,3,-27,4,-26,5,-25,6,-24,1,-6,0,0,0,0,0,0,0,0,0,0,0,0,0,0,0,0,0,0,-3,0,-11,1,-9,-1,-7,-4,-5,-7,-3,-10,-1,-13,1,-15,3,-17,4,-20,5,-21,6,-23,6,-23,5,-24,3,-24,1,-24,-1,-23,-4,-22,-8,-21,-12,-20,-17,-18,-22,-16,-26,-13,-31,-10,-35,-7,-40,-5,-43,-2]",giovani,unknown,unknown
CSI_DATA,900616,b2:1f:e7:2b:79:66,-42,11,1,7,0,1,1,0,1,0,1,-97,0,1,0,-106576829,0,83,0,128,1,"[83,-80,4,0,-18,38,-17,38,-16,38,-15,36,-14,35,-14,33,-14,31,-13,28,-14,25,-15,21,-16,17,-17,14,-18,10,-19,6,-20,2,-21,-2,-21,-5,-21,-8,-21,-10,-21,-12,-20,-14,-19,-15,-18,-15,-17,-16,-16,-16,-4,-4,0,0,0,0,0,0,0,0,0,0,0,0,0,0,0,0,0,0,-1,2,-4,8,-5,6,-6,3,-8,0,-9,-3,-10,-5,-11,-8,-12,-10,-13,-12,-15,-14,-15,-15,-16,-15,-17,-15,-17,-14,-18,-12,-19,-10,-20,-7,-20,-3,-20,0,-21,4,-21,9,-21,14,-21,18,-21,23,-21,27,-20,31]",giovani,unknown,unknown
CSI_DATA,900618,b2:1f:e7:2b:79:66,-39,11,1,7,0,1,1,0,1,0,1,-97,0,1,0,-106551637,0,83,0,128,1,"[83,-80,4,0,-15,7,-15,8,-14,8,-14,8,-13,7,-12,7,-12,6,-11,5,-10,4,-10,3,-9,1,-9,0,-8,-1,-7,-3,-7,-5,-6,-6,-5,-7,-5,-8,-4,-9,-3,-9,-3,-10,-2,-10,-2,-10,-2,-9,-1,-9,-1,-3,0,0,0,0,0,0,0,0,0,0,0,0,0,0,0,0,0,0,-1,0,-3,2,-3,1,-3,-1,-3,-2,-3,-3,-2,-4,-2,-6,-2,-7,-2,-8,-2,-8,-2,-9,-2,-9,-2,-9,-2,-9,-3,-9,-4,-8,-5,-7,-6,-7,-7,-6,-8,-4,-9,-3,-10,-1,-11,0,-12,2,-13,3,-14,4]",giovani,unknown,unknown
CSI_DATA,900620,b2:1f:e7:2b:79:66,-42,11,1,7,0,1,1,0,1,0,1,-97,0,1,0,-106546347,0,83,0,128,1,"[83,-80,4,0,-35,24,-34,25,-32,25,-30,24,-29,24,-28,23,-27,21,-25,18,-23,15,-22,12,-21,8,-21,4,-20,0,-19,-5,-18,-9,-16,-12,-15,-15,-14,-17,-13,-20,-11,-21,-10,-22,-9,-22,-8,-22,-7,-22,-6,-22,-2,-6,0,0,0,0,0,0,0,0,0,0,0,0,0,0,0,0,0,0,-2,1,-6,5,-7,3,-7,0,-7,-3,-7,-7,-6,-10,-6,-13,-6,-15,-6,-18,-6,-19,-7,-20,-7,-21,-8,-21,-9,-21,-10,-20,-11,-18,-13,-16,-15,-13,-18,-10,-20,-6,-23,-3,-25,2,-27,7,-29,11,-31,15,-32,19]",giovani,unknown,unknown
CSI_DATA,900622,b2:1f:e7:2b:79:66,-42,11,1,7,0,1,1,0,1,0,1,-97,0,1,0,-106542747,0,83,0,128,1,"[83,-80,4,0,41,9,41,8,40,7,39,7,38,6,36,6,33,7,30,7,27,8,23,10,20,11,16,13,12,15,8,17,5,19,1,20,-2,21,-5,21,-8,22,-10,22,-12,21,-13,20,-14,19,-14,18,-15,17,-4,4,0,0,0,0,0,0,0,0,0,0,0,0,0,0,0,0,0,0,2,-1,9,0,7,2,4,4,2,6,0,8,-2,10,-5,12,-7,14,-9,15,-10,16,-11,17,-11,18,-11,19,-10,19,-8,20,-6,20,-3,20,1,19,5,19,10,19,14,18,18,17,23,16,28,15,32,14,36,13]",giovani,unknown,unknown
CSI_DATA,900624,b2:1f:e7:2b:79:66,-42,11,1,7,0,1,1,0,1,0,1,-97,0,1,0,-106529459,0,83,0,128,1,"[83,-80,4,0,-7,41,-6,41,-5,41,-5,39,-5,37,-5,35,-5,33,-6,30,-7,27,-9,24,-11,21,-13,17,-15,14,-17,10,-19,7,-20,3,-21,0,-22,-3,-23,-5,-23,-7,-23,-9,-22,-10,-21,-11,-20,-12,-19,-12,-5,-3,0,0,0,0,0,0,0,0,0,0,0,0,0,0,0,0,0,0,0,2,-1,9,-2,7,-5,5,-7,2,-9,0,-11,-2,-13,-4,-15,-6,-16,-8,-18,-10,-19,-10,-20,-10,-20,-10,-20,-9,-21,-7,-21,-4,-21,-1,-20,2,-19,6,-19,10,-18,14,-17,19,-15,24,-14,28,-12,32,-11,36]",giovani,unknown,unknown
CSI_DATA,900626,b2:1f:e7:2b:79:66,-39,11,1,7,0,1,1,0,1,0,1,-97,0,1,0,-106518943,0,83,0,128,1,"[83,-80,4,0,-12,-13,-13,-12,-13,-12,-12,-11,-12,-11,-11,-10,-10,-10,-10,-9,-8,-9,-7,-9,-5,-9,-4,-8,-2,-8,-1,-8,1,-8,3,-8,4,-8,5,-8,6,-7,6,-7,7,-7,7,-6,8,-6,8,-5,8,-5,2,-2,0,0,0,0,0,0,0,0,0,0,0,0,0,0,0,0,0,0,-1,-1,-3,-3,-2,-3,-1,-3,0,-3,2,-3,3,-3,4,-3,5,-3,6,-3,7,-3,8,-4,8,-4,8,-4,7,-4,7,-5,6,-6,5,-6,4,-7,3,-8,1,-9,-1,-9,-2,-10,-4,-11,-6,-12,-8,-12,-9,-13]",giovani,unknown,unknown
CSI_DATA,900628,b2:1f:e7:2b:79:66,-42,11,1,7,0,1,1,0,1,0,1,-97,0,1,0,-106513707,0,83,0,128,1,"[83,-80,4,0,35,-23,34,-24,33,-24,32,-24,30,-23,29,-22,27,-20,26,-18,24,-15,23,-11,22,-8,21,-4,20,0,19,4,17,8,16,11,14,14,13,17,12,19,10,20,9,21,8,22,6,22,5,21,4,21,1,5,0,0,0,0,0,0,0,0,0,0,0,0,0,0,0,0,0,0,1,-2,7,-6,6,-4,6,-1,6,2,6,6,5,9,5,12,4,14,4,17,4,19,4,20,5,21,5,21,7,20,8,19,10,17,12,15,14,13,17,10,20,7,22,3,25,-1,27,-5,30,-9,32,-13,34,-16]",giovani,unknown,unknown
CSI_DATA,900630,b2:1f:e7:2b:79:66,-42,11,1,7,0,1,1,0,1,0,1,-97,0,1,0,-106504836,0,83,0,128,1,"[83,-80,4,0,21,41,22,41,22,39,22,38,21,36,20,34,18,33,16,31,12,29,8,27,4,25,0,24,-4,22,-8,20,-12,18,-16,16,-19,14,-21,12,-24,10,-25,9,-26,7,-26,5,-26,4,-25,2,-25,1,-7,0,0,0,0,0,0,0,0,0,0,0,0,0,0,0,0,0,0,0,1,2,6,7,3,7,0,7,-4,7,-8,6,-11,6,-14,6,-17,5,-20,5,-22,4,-24,5,-25,5,-25,6,-24,7,-23,9,-22,11,-19,13,-16,16,-13,18,-9,22,-5,25,-2,28,2,31,7,34,11,37,14,39]",giovani,unknown,unknown
CSI_DATA,900632,b2:1f:e7:2b:79:66,-42,11,1,7,0,1,1,0,1,0,1,-97,0,1,0,-106496808,0,83,0,128,1,"[83,-80,4,0,31,27,32,26,31,25,31,24,29,23,28,22,26,21,23,20,20,20,16,19,12,19,8,19,4,19,0,19,-4,18,-8,18,-11,17,-14,16,-17,15,-18,14,-20,13,-20,12,-20,11,-20,10,-20,9,-5,2,0,0,0,0,0,0,0,0,0,0,0,0,0,0,0,0,0,0,2,1,7,4,5,5,2,6,-2,6,-5,7,-8,8,-11,8,-13,9,-16,9,-17,9,-19,10,-19,10,-19,11,-18,12,-17,13,-15,14,-13,16,-9,17,-5,19,-1,20,3,22,7,23,12,25,17,26,21,27,24,27]",giovani,unknown,unknown
CSI_DATA,900634,b2:1f:e7:2b:79:66,-39,11,1,7,0,1,1,0,1,0,1,-97,0,1,0,-106496103,0,83,0,128,1,"[83,-80,4,0,16,-4,16,-5,15,-5,15,-5,14,-5,13,-5,12,-4,12,-4,11,-3,10,-2,9,0,8,1,7,2,6,4,5,5,4,6,3,7,2,8,2,9,1,9,0,9,0,9,-1,9,-1,9,-1,8,-1,2,0,0,0,0,0,0,0,0,0,0,0,0,0,0,0,0,0,0,0,-1,3,-1,3,-1,2,1,1,2,1,3,0,4,-1,5,-1,6,-2,7,-2,7,-2,8,-2,8,-2,8,-1,8,-1,8,0,8,1,7,2,7,4,6,5,5,7,4,8,3,10,2,12,1,13,0,14,-1]",giovani,unknown,unknown
CSI_DATA,900636,b2:1f:e7:2b:79:66,-39,11,1,7,0,1,1,0,1,0,1,-97,0,1,0,-106481597,0,83,0,128,1,"[83,-80,4,0,14,8,15,7,14,7,14,6,13,6,13,6,12,5,10,5,9,5,8,5,6,6,5,6,3,7,2,7,0,7,-2,8,-3,8,-4,8,-5,8,-6,8,-6,7,-7,7,-7,6,-7,6,-7,6,-2,1,0,0,0,0,0,0,0,0,0,0,0,0,0,0,0,0,0,0,0,0,3,1,2,2,1,2,-1,2,-2,3,-3,3,-4,4,-5,4,-6,4,-7,5,-7,5,-7,6,-7,6,-7,6,-6,6,-6,7,-4,7,-3,7,-1,8,0,8,2,8,4,8,6,8,8,8,10,8,11,8]",giovani,unknown,unknown
CSI_DATA,900638,b2:1f:e7:2b:79:66,-39,11,1,7,0,1,1,0,1,0,1,-97,0,1,0,-106474715,0,83,0,128,1,"[83,-80,4,0,-2,16,-2,16,-1,16,-1,15,-1,14,-1,13,-1,13,-2,12,-2,11,-3,10,-4,8,-5,7,-6,6,-6,4,-7,3,-8,2,-9,1,-9,0,-10,-1,-10,-2,-10,-3,-10,-3,-9,-4,-9,-4,-9,-4,-3,-1,0,0,0,0,0,0,0,0,0,0,0,0,0,0,0,0,0,0,0,0,-1,3,-1,2,-2,1,-3,1,-4,0,-5,-1,-5,-2,-6,-3,-7,-4,-8,-4,-8,-4,-8,-4,-9,-4,-9,-4,-9,-3,-9,-2,-9,-1,-8,0,-8,2,-7,3,-7,5,-6,7,-6,9,-5,10,-4,12,-4,13]",giovani,unknown,unknown
CSI_DATA,900640,b2:1f:e7:2b:79:66,-42,11,1,7,0,1,1,0,1,0,1,-97,0,1,0,-106467025,0,83,0,128,1,"[83,-80,4,0,0,42,1,41,2,40,3,39,2,37,2,35,1,33,0,31,-2,28,-4,25,-6,22,-9,19,-12,16,-14,13,-17,10,-19,7,-21,4,-22,1,-23,-1,-24,-3,-24,-5,-23,-6,-23,-7,-22,-8,-21,-8,-6,-2,0,0,0,0,0,0,0,0,0,0,0,0,0,0,0,0,0,0,0,2,1,8,-1,7,-4,5,-6,3,-9,1,-11,0,-13,-2,-15,-4,-17,-5,-19,-6,-20,-6,-21,-6,-21,-6,-21,-5,-21,-3,-21,-1,-21,2,-19,6,-18,9,-16,13,-15,17,-13,21,-11,26,-8,30,-6,34,-4,37]",giovani,unknown,unknown
CSI_DATA,900642,b2:1f:e7:2b:79:66,-42,11,1,7,0,1,1,0,1,0,1,-97,0,1,0,-106449227,0,83,0,128,1,"[83,-80,4,0,42,2,42,1,41,0,40,0,38,0,36,0,34,0,31,1,28,3,25,5,22,7,19,9,16,12,13,15,10,17,6,19,3,21,1,22,-2,23,-4,24,-5,23,-6,23,-7,22,-8,21,-9,20,-3,5,0,0,0,0,0,0,0,0,0,0,0,0,0,0,0,0,0,0,2,0,9,0,7,2,5,4,2,6,0,8,-2,11,-5,12,-7,14,-8,16,-9,17,-10,18,-11,19,-10,19,-8,20,-7,20,-4,20,-1,19,2,19,6,18,11,17,15,16,20,14,24,12,29,11,33,9,36,7]",giovani,unknown,unknown
CSI_DATA,900644,b2:1f:e7:2b:79:66,-42,11,1,7,0,1,1,0,1,0,1,-97,0,1,0,-106441730,0,83,0,128,1,"[83,-80,4,0,-18,-40,-19,-39,-19,-38,-19,-37,-18,-35,-17,-33,-15,-32,-13,-30,-11,-28,-7,-26,-4,-24,0,-22,3,-20,7,-18,11,-16,14,-14,17,-12,19,-11,21,-9,22,-7,23,-6,23,-4,23,-3,22,-2,22,-1,5,0,0,0,0,0,0,0,0,0,0,0,0,0,0,0,0,0,0,0,-2,-2,-5,-8,-3,-8,0,-7,3,-6,7,-6,9,-5,12,-4,15,-3,17,-2,19,-2,21,-2,21,-2,22,-3,21,-4,20,-6,19,-8,17,-10,15,-13,12,-16,9,-19,6,-22,3,-26,-1,-29,-5,-32,-8,-35,-11,-37]",giovani,unknown,unknown
CSI_DATA,900646,b2:1f:e7:2b:79:66,-42,11,1,7,0,1,1,0,1,0,1,-97,0,1,0,-106440859,0,83,0,128,1,"[83,-80,4,0,33,-27,33,-28,31,-28,30,-27,29,-26,27,-25,26,-23,25,-20,24,-17,22,-13,21,-9,21,-6,20,-1,19,3,18,7,17,11,15,14,14,16,13,19,12,20,10,21,9,22,7,22,6,21,5,21,1,5,0,0,0,0,0,0,0,0,0,0,0,0,0,0,0,0,0,0,1,-2,6,-7,6,-5,6,-2,6,2,6,5,6,8,6,11,6,14,6,16,6,18,6,20,6,20,7,20,9,19,10,18,11,16,13,14,15,11,18,8,20,5,22,1,25,-4,27,-8,29,-12,31,-16,32,-20]",giovani,unknown,unknown
CSI_DATA,900648,b2:1f:e7:2b:79:66,-42,11,1,7,0,1,1,0,1,0,1,-97,0,1,0,-106425604,0,83,0,128,1,"[83,-80,4,0,3,42,4,41,5,41,6,39,6,37,5,35,4,33,3,31,1,28,-2,25,-4,23,-7,20,-10,17,-13,14,-16,12,-19,9,-20,6,-22,4,-23,2,-24,0,-24,-2,-24,-3,-24,-4,-23,-5,-22,-6,-6,-2,0,0,0,0,0,0,0,0,0,0,0,0,0,0,0,0,0,0,0,2,1,8,-1,7,-4,5,-7,3,-9,1,-11,0,-13,-2,-16,-4,-18,-5,-19,-7,-21,-7,-21,-7,-22,-6,-21,-5,-21,-3,-21,0,-20,3,-19,6,-18,9,-16,13,-14,17,-12,22,-9,26,-7,30,-4,34,-2,37]",giovani,unknown,unknown
CSI_DATA,900650,b2:1f:e7:2b:79:66,-42,11,1,7,0,1,1,0,1,0,1,-97,0,1,0,-106419622,0,83,0,128,1,"[83,-80,4,0,-28,-33,-28,-32,-28,-31,-28,-30,-27,-28,-25,-27,-23,-26,-21,-25,-18,-24,-14,-23,-10,-22,-6,-22,-2,-21,2,-20,6,-19,10,-18,13,-17,15,-16,18,-15,19,-14,20,-12,21,-11,21,-10,21,-9,20,-8,5,-2,0,0,0,0,0,0,0,0,0,0,0,0,0,0,0,0,0,0,-2,-2,-7,-7,-5,-7,-1,-7,2,-7,5,-7,8,-7,11,-7,14,-7,16,-7,18,-7,20,-7,20,-8,20,-9,19,-10,18,-11,16,-13,14,-15,11,-17,8,-19,4,-21,0,-23,-4,-25,-8,-27,-13,-29,-17,-31,-20,-32]",giovani,unknown,unknown
CSI_DATA,900652,b2:1f:e7:2b:79:66,-42,11,1,7,0,1,1,0,1,0,1,-97,0,1,0,-106418337,0,83,0,128,1,"[83,-80,4,0,-5,-42,-6,-42,-7,-42,-7,-40,-6,-38,-5,-36,-5,-34,-3,-32,-1,-29,1,-27,3,-24,6,-21,9,-18,12,-15,15,-12,18,-9,20,-7,21,-4,22,-2,23,0,23,2,23,3,22,4,21,5,21,6,5,1,0,0,0,0,0,0,0,0,0,0,0,0,0,0,0,0,0,0,-1,-3,-2,-9,0,-8,3,-6,5,-5,8,-3,11,-1,13,1,15,2,17,3,19,5,20,5,21,5,21,4,21,3,21,1,20,-1,19,-4,18,-7,17,-11,15,-14,13,-18,10,-23,8,-27,5,-31,3,-35,1,-38]",giovani,unknown,unknown
CSI_DATA,900654,b2:1f:e7:2b:79:66,-39,11,1,7,0,1,1,0,1,0,1,-97,0,1,0,-106408879,0,83,0,128,1,"[83,-80,4,0,10,-13,10,-14,10,-14,9,-14,9,-13,9,-12,8,-11,8,-10,7,-9,7,-8,7,-6,7,-4,7,-2,7,-1,8,1,8,2,7,4,7,5,7,6,6,6,6,7,5,8,5,8,4,7,4,7,1,1,0,0,0,0,0,0,0,0,0,0,0,0,0,0,0,0,0,0,0,-1,2,-3,2,-3,2,-1,2,0,3,1,3,3,3,4,3,5,3,6,3,7,3,8,3,8,4,7,4,7,5,7,5,6,6,5,6,3,7,2,8,1,8,-1,9,-3,9,-5,10,-7,10,-9,10,-11]",giovani,unknown,unknown
CSI_DATA,900656,b2:1f:e7:2b:79:66,-42,11,1,7,0,1,1,0,1,0,1,-97,0,1,0,-106404064,0,83,0,128,1,"[83,-80,4,0,-42,7,-42,8,-41,8,-39,9,-38,8,-36,7,-34,6,-31,5,-29,3,-26,0,-24,-3,-22,-6,-19,-9,-17,-12,-14,-15,-11,-18,-9,-20,-6,-22,-4,-23,-2,-24,-1,-25,0,-24,1,-24,2,-23,3,-22,0,-6,0,0,0,0,0,0,0,0,0,0,0,0,0,0,0,0,0,0,-3,0,-9,2,-8,0,-7,-3,-5,-6,-3,-9,-2,-11,0,-14,1,-16,2,-18,3,-20,3,-21,3,-22,2,-22,1,-22,-1,-22,-3,-21,-6,-20,-9,-18,-12,-17,-16,-15,-20,-13,-24,-10,-28,-7,-32,-4,-35,-1,-38,1]",giovani,unknown,unknown
CSI_DATA,900658,b2:1f:e7:2b:79:66,-42,11,1,7,0,1,1,0,1,0,1,-97,0,1,0,-106391046,0,83,0,128,1,"[83,-80,4,0,42,2,42,1,41,0,39,0,38,0,36,0,34,1,31,2,28,3,25,5,22,7,18,10,15,12,12,15,8,17,5,19,2,21,-1,22,-3,23,-5,23,-7,23,-8,22,-9,21,-10,20,-11,19,-3,4,0,0,0,0,0,0,0,0,0,0,0,0,0,0,0,0,0,0,2,-1,8,-2,7,0,5,3,3,5,1,8,-1,11,-3,13,-5,15,-6,16,-8,18,-8,19,-8,20,-8,20,-6,20,-5,20,-3,20,0,20,4,19,8,18,12,17,16,15,21,13,25,11,29,10,34,8,37,6]",giovani,unknown,unknown
CSI_DATA,900660,b2:1f:e7:2b:79:66,-39,11,1,7,0,1,1,0,1,0,1,-97,0,1,0,-106385815,0,83,0,128,1,"[83,-80,4,0,16,3,16,2,16,2,16,2,15,2,14,2,13,2,12,2,11,3,9,3,8,4,6,5,5,5,3,6,2,7,0,8,-1,8,-2,9,-3,9,-4,9,-5,9,-5,8,-6,8,-6,7,-6,7,-2,1,0,0,0,0,0,0,0,0,0,0,0,0,0,0,0,0,0,0,0,-1,3,-1,2,0,1,1,0,2,0,3,-1,4,-2,5,-3,5,-4,6,-5,7,-5,7,-5,7,-5,7,-5,7,-4,7,-3,8,-2,8,0,7,1,7,3,7,5,7,7,6,9,6,11,5,13,5,14,4]",giovani,unknown,unknown
CSI_DATA,900662,b2:1f:e7:2b:79:66,-42,11,1,7,0,1,1,0,1,0,1,-97,0,1,0,-106381232,0,83,0,128,1,"[83,-80,4,0,13,40,14,40,14,39,14,37,13,36,12,34,10,32,8,30,6,28,3,25,-1,23,-4,21,-7,19,-11,16,-15,14,-18,11,-20,9,-22,7,-24,4,-25,3,-25,1,-25,0,-24,-2,-23,-3,-23,-3,-6,-1,0,0,0,0,0,0,0,0,0,0,0,0,0,0,0,0,0,0,1,1,4,7,1,6,-2,6,-5,5,-8,4,-11,3,-14,2,-16,1,-19,0,-21,-1,-22,-1,-23,0,-23,0,-22,1,-22,3,-21,5,-20,8,-17,11,-14,14,-12,17,-9,21,-6,24,-3,28,1,31,5,35,7,37]",giovani,unknown,unknown
CSI_DATA,900664,b2:1f:e7:2b:79:66,-42,11,1,7,0,1,1,0,1,0,1,-97,0,1,0,-106371636,0,83,0,128,1,"[83,-80,4,0,-42,-13,-42,-13,-41,-11,-40,-10,-38,-10,-36,-9,-33,-10,-31,-10,-27,-11,-24,-12,-20,-14,-17,-15,-13,-17,-9,-19,-5,-20,-2,-21,2,-22,5,-23,7,-23,9,-23,11,-23,12,-22,12,-20,13,-19,13,-18,3,-5,0,0,0,0,0,0,0,0,0,0,0,0,0,0,0,0,0,0,-3,-1,-9,-2,-7,-4,-4,-5,-2,-7,1,-9,4,-11,6,-12,8,-14,10,-15,12,-16,13,-17,13,-18,12,-18,11,-19,9,-19,7,-20,4,-20,0,-20,-4,-21,-8,-20,-13,-20,-17,-20,-22,-19,-27,-18,-32,-18,-35,-17]",giovani,unknown,unknown
CSI_DATA,900666,b2:1f:e7:2b:79:66,-39,11,1,7,0,1,1,0,1,0,1,-97,0,1,0,-106368074,0,83,0,128,1,"[83,-80,4,0,-11,-14,-12,-14,-11,-13,-11,-13,-11,-12,-10,-11,-9,-11,-8,-11,-7,-10,-6,-10,-4,-9,-3,-9,-1,-9,1,-8,2,-8,4,-8,5,-7,6,-7,7,-7,8,-6,8,-6,8,-5,9,-4,8,-4,8,-4,2,-1,0,0,0,0,0,0,0,0,0,0,0,0,0,0,0,0,0,0,-1,-1,-3,-3,-2,-3,0,-3,1,-3,2,-3,3,-3,4,-2,6,-2,7,-2,8,-2,8,-2,8,-2,8,-3,8,-3,8,-4,7,-5,6,-6,5,-6,4,-7,2,-8,0,-9,-1,-10,-3,-11,-5,-12,-6,-13,-7,-14]",giovani,unknown,unknown
CSI_DATA,900668,b2:1f:e7:2b:79:66,-39,11,1,7,0,1,1,0,1,0,1,-97,0,1,0,-106339294,0,83,0,128,1,"[83,-80,4,0,12,11,13,11,13,10,12,10,12,9,11,9,10,9,9,8,7,8,6,8,4,8,2,8,1,8,-1,8,-3,8,-4,8,-6,7,-7,7,-8,7,-8,6,-9,6,-9,5,-9,5,-9,4,-9,4,-3,1,0,0,0,0,0,0,0,0,0,0,0,0,0,0,0,0,0,0,0,0,2,2,1,2,0,2,-2,2,-3,2,-4,2,-5,3,-6,3,-7,3,-8,3,-9,3,-9,3,-9,3,-8,4,-8,4,-7,5,-6,6,-5,6,-3,7,-1,8,1,8,3,9,4,10,6,10,8,11,10,11]",giovani,unknown,unknown
CSI_DATA,900670,b2:1f:e7:2b:79:66,-38,11,1,7,0,1,1,0,1,0,1,-97,0,1,0,-106329342,0,83,0,128,1,"[83,-80,4,0,-4,-18,-5,-18,-5,-17,-5,-17,-5,-16,-5,-15,-4,-14,-3,-13,-3,-12,-2,-11,0,-10,1,-9,2,-8,4,-8,6,-7,7,-6,8,-5,9,-4,9,-3,10,-3,10,-2,10,-2,10,-1,10,-1,10,-1,2,0,0,0,0,0,0,0,0,0,0,0,0,0,0,0,0,0,0,0,-1,-1,-1,-4,0,-3,1,-3,2,-2,3,-1,4,0,5,1,6,2,7,2,7,3,8,3,8,3,8,2,8,2,8,1,8,0,8,-2,7,-3,6,-4,5,-6,4,-8,3,-10,2,-11,1,-13,0,-15,-1,-16]",giovani,unknown,unknown
CSI_DATA,900672,b2:1f:e7:2b:79:66,-41,11,1,7,0,1,1,0,1,0,1,-97,0,1,0,-106320494,0,83,0,128,1,"[83,-80,4,0,33,21,34,20,34,19,33,18,31,17,29,16,27,16,24,16,21,16,17,16,14,16,10,17,6,17,2,18,-1,19,-5,19,-8,19,-11,19,-13,18,-15,18,-16,17,-17,16,-17,15,-17,14,-17,13,-5,3,0,0,0,0,0,0,0,0,0,0,0,0,0,0,0,0,0,0,1,0,6,3,4,4,1,5,-2,5,-4,6,-7,7,-10,8,-12,8,-14,9,-16,10,-17,10,-17,11,-17,12,-15,13,-14,13,-12,15,-10,16,-6,17,-2,18,2,19,6,20,11,21,15,22,20,22,24,23,27,22]",giovani,unknown,unknown
CSI_DATA,900674,b2:1f:e7:2b:79:66,-42,11,1,7,0,1,1,0,1,0,1,-97,0,1,0,-106311333,0,83,0,128,1,"[83,-80,4,0,-36,26,-36,27,-34,27,-33,26,-32,25,-30,23,-29,21,-27,18,-26,15,-25,11,-24,7,-23,3,-22,-1,-21,-6,-19,-10,-18,-14,-16,-17,-15,-20,-14,-22,-12,-24,-11,-25,-10,-25,-8,-24,-7,-24,-6,-23,-2,-6,0,0,0,0,0,0,0,0,0,0,0,0,0,0,0,0,0,0,-2,1,-6,5,-6,2,-6,-1,-6,-4,-6,-7,-6,-11,-5,-14,-5,-16,-5,-19,-5,-21,-5,-22,-6,-22,-7,-22,-8,-21,-10,-20,-11,-18,-14,-16,-16,-13,-19,-10,-21,-6,-24,-2,-26,3,-29,7,-31,12,-33,16,-35,19]",giovani,unknown,unknown
CSI_DATA,900676,b2:1f:e7:2b:79:66,-42,11,1,7,0,1,1,0,1,0,1,-97,0,1,0,-106297464,0,83,0,128,1,"[83,-80,4,0,6,-44,5,-44,4,-44,4,-42,3,-40,3,-38,4,-36,4,-33,6,-30,8,-26,10,-23,12,-19,15,-16,17,-12,20,-8,21,-5,23,-2,24,1,24,3,25,5,25,7,24,8,23,9,22,10,21,10,5,2,0,0,0,0,0,0,0,0,0,0,0,0,0,0,0,0,0,0,0,-3,1,-8,2,-7,4,-4,6,-2,8,1,10,4,11,6,13,8,14,10,16,11,17,12,18,12,18,11,19,10,19,8,19,5,19,1,19,-2,18,-6,18,-11,17,-15,16,-21,15,-26,13,-31,12,-35,10,-39]",giovani,unknown,unknown
CSI_DATA,900678,b2:1f:e7:2b:79:66,-38,11,1,7,0,1,1,0,1,0,1,-97,0,1,0,-106284183,0,83,0,128,1,"[83,-80,4,0,7,16,7,15,8,15,8,14,7,13,7,13,6,12,5,11,4,11,2,10,1,9,-1,9,-2,8,-4,8,-6,7,-7,6,-8,5,-9,5,-10,4,-11,3,-11,3,-11,2,-11,2,-11,1,-10,1,-3,0,0,0,0,0,0,0,0,0,0,0,0,0,0,0,0,0,0,0,0,0,1,3,0,2,-1,2,-3,1,-4,1,-5,0,-6,0,-7,0,-8,-1,-9,-1,-9,-1,-10,-1,-10,-1,-9,0,-9,1,-9,2,-8,3,-7,4,-6,5,-4,7,-3,8,-1,10,0,11,2,13,3,14,5,14]",giovani,unknown,unknown
CSI_DATA,900680,b2:1f:e7:2b:79:66,-42,11,1,7,0,1,1,0,1,0,1,-97,0,1,0,-106279237,0,83,0,128,1,"[83,-80,4,0,-37,25,-36,26,-35,26,-34,25,-32,24,-31,23,-29,20,-27,18,-26,14,-25,10,-24,6,-23,2,-22,-2,-21,-6,-20,-10,-19,-14,-17,-17,-16,-20,-15,-22,-13,-23,-12,-24,-11,-25,-9,-25,-8,-24,-7,-23,-2,-6,0,0,0,0,0,0,0,0,0,0,0,0,0,0,0,0,0,0,-2,1,-7,4,-7,2,-6,-1,-6,-4,-6,-7,-5,-11,-4,-14,-4,-16,-4,-18,-4,-20,-4,-21,-4,-22,-6,-22,-7,-21,-9,-20,-11,-18,-13,-16,-16,-13,-18,-10,-21,-6,-24,-2,-27,2,-29,7,-32,11,-34,15,-36,18]",giovani,unknown,unknown
CSI_DATA,900682,b2:1f:e7:2b:79:66,-39,11,1,7,0,1,1,0,1,0,1,-97,0,1,0,-106271947,0,83,0,128,1,"[83,-80,4,0,-1,-18,-1,-18,-2,-17,-2,-17,-2,-16,-2,-15,-1,-14,-1,-13,0,-12,1,-11,2,-10,3,-9,4,-7,6,-6,7,-5,8,-4,9,-3,9,-2,10,-1,10,0,10,0,10,1,10,1,9,1,9,2,2,0,0,0,0,0,0,0,0,0,0,0,0,0,0,0,0,0,0,0,-1,-1,-1,-4,0,-3,1,-2,2,-2,3,-1,4,0,4,1,5,2,6,2,6,3,7,3,7,3,7,3,8,2,7,1,7,0,7,-1,7,-2,6,-4,6,-5,5,-7,4,-9,4,-11,3,-13,2,-14,1,-16]",giovani,unknown,unknown
CSI_DATA,900684,b2:1f:e7:2b:79:66,-42,11,1,7,0,1,1,0,1,0,1,-97,0,1,0,-106265504,0,83,0,128,1,"[83,-80,4,0,17,39,18,39,18,38,18,36,17,34,15,32,13,31,11,29,8,26,5,24,1,22,-3,20,-7,18,-11,16,-14,14,-18,12,-20,9,-23,7,-24,6,-26,4,-26,2,-26,1,-25,0,-24,-1,-24,-2,-6,-1,0,0,0,0,0,0,0,0,0,0,0,0,0,0,0,0,0,0,1,1,4,5,1,5,-2,4,-5,3,-8,3,-11,2,-14,2,-16,1,-18,1,-20,0,-22,0,-22,1,-22,2,-22,3,-21,5,-20,7,-18,10,-15,12,-12,15,-9,19,-6,22,-2,25,1,29,5,32,9,35,12,37]",giovani,unknown,unknown
CSI_DATA,900686,b2:1f:e7:2b:79:66,-39,11,1,7,0,1,1,0,1,0,1,-97,0,1,0,-106248772,0,83,0,128,1,"[83,-80,4,0,14,-11,13,-11,13,-11,12,-11,11,-10,11,-10,10,-9,10,-8,9,-6,9,-5,8,-4,8,-2,8,0,8,2,7,3,7,5,6,6,6,7,5,8,5,9,4,9,4,9,3,9,3,9,2,9,0,2,0,0,0,0,0,0,0,0,0,0,0,0,0,0,0,0,0,0,0,-1,2,-2,2,-1,2,0,1,1,1,2,1,4,1,5,1,6,1,7,1,7,0,8,1,8,1,8,2,8,3,7,3,7,4,6,5,4,6,3,7,2,8,0,9,-1,11,-3,12,-5,13,-7,13,-8]",giovani,unknown,unknown
CSI_DATA,900688,b2:1f:e7:2b:79:66,-38,11,1,7,0,1,1,0,1,0,1,-97,0,1,0,-106243680,0,83,0,128,1,"[83,-80,4,0,7,-16,7,-16,7,-16,6,-16,6,-15,6,-14,5,-13,5,-12,5,-11,5,-9,6,-7,7,-6,7,-4,8,-3,8,-1,9,1,9,2,9,3,9,4,9,5,8,5,8,6,8,6,7,6,7,6,1,1,0,0,0,0,0,0,0,0,0,0,0,0,0,0,0,0,0,0,0,-1,1,-3,1,-2,2,-1,2,1,2,2,2,3,2,4,3,5,3,6,3,7,3,7,4,7,4,7,5,7,5,6,6,5,6,4,7,2,7,0,7,-1,8,-3,8,-5,8,-7,8,-9,9,-11,9,-13]",giovani,unknown,unknown
CSI_DATA,900690,b2:1f:e7:2b:79:66,-41,11,1,7,0,1,1,0,1,0,1,-97,0,1,0,-106239164,0,83,0,128,1,"[83,-80,4,0,6,-41,5,-41,4,-41,4,-39,3,-37,4,-35,4,-33,5,-30,6,-27,8,-24,10,-21,12,-18,14,-14,16,-11,18,-7,20,-4,22,-1,23,1,23,3,24,5,24,6,23,7,22,8,21,8,20,9,4,2,0,0,0,0,0,0,0,0,0,0,0,0,0,0,0,0,0,0,0,-2,1,-7,3,-5,4,-3,6,0,7,2,9,5,10,7,11,9,12,11,13,12,14,13,15,13,16,12,16,10,17,8,17,5,17,2,17,-1,17,-5,16,-9,15,-14,15,-19,14,-24,13,-28,11,-33,10,-36]",giovani,unknown,unknown
CSI_DATA,900692,b2:1f:e7:2b:79:66,-37,11,1,7,0,1,1,0,1,0,1,-97,0,1,0,-106234017,0,83,0,128,1,"[83,-80,4,0,-9,15,-9,15,-8,15,-7,15,-7,14,-7,13,-6,12,-6,11,-7,9,-7,8,-7,6,-8,4,-8,3,-9,2,-9,0,-10,-1,-10,-3,-10,-4,-10,-5,-10,-6,-10,-6,-10,-7,-9,-7,-9,-7,-8,-7,-2,-2,0,0,0,0,0,0,0,0,0,0,0,0,0,0,0,0,0,0,-1,0,-2,2,-3,1,-3,0,-3,-2,-3,-3,-3,-4,-4,-5,-4,-6,-4,-7,-4,-8,-5,-8,-5,-8,-5,-8,-6,-8,-6,-7,-7,-6,-7,-5,-8,-3,-8,-2,-8,0,-9,2,-9,5,-9,7,-10,9,-10,11,-10,12]",giovani,unknown,unknown
CSI_DATA,900694,b2:1f:e7:2b:79:66,-37,11,1,7,0,1,1,0,1,0,1,-97,0,1,0,-106228790,0,83,0,128,1,"[83,-80,4,0,8,-16,8,-16,7,-16,7,-15,7,-15,6,-14,6,-13,6,-12,6,-10,6,-9,6,-7,7,-6,7,-4,8,-2,9,-1,9,1,9,2,9,3,9,4,9,5,9,5,9,6,8,6,7,6,7,6,1,1,0,0,0,0,0,0,0,0,0,0,0,0,0,0,0,0,0,0,0,-1,1,-3,1,-2,2,-1,2,0,2,2,2,3,2,4,2,5,3,6,3,7,3,7,3,7,4,7,4,6,5,6,5,5,6,4,7,2,7,1,8,-1,8,-3,8,-5,9,-7,9,-9,9,-11,9,-12]",giovani,unknown,unknown
CSI_DATA,900696,b2:1f:e7:2b:79:66,-42,11,1,7,0,1,1,0,1,0,1,-97,0,1,0,-106224274,0,83,0,128,1,"[83,-80,4,0,15,-43,14,-43,13,-43,12,-41,11,-39,11,-37,11,-35,11,-32,12,-28,13,-24,15,-20,16,-17,18,-12,20,-8,22,-4,23,-1,24,3,24,5,25,8,25,10,25,11,24,12,22,13,21,13,20,13,5,3,0,0,0,0,0,0,0,0,0,0,0,0,0,0,0,0,0,0,0,-2,3,-7,4,-5,5,-2,6,1,7,4,8,7,9,10,9,12,10,15,11,16,12,17,13,17,14,17,15,15,16,13,17,10,17,6,18,2,19,-2,19,-6,20,-11,20,-17,20,-23,19,-28,19,-32,18,-36]",giovani,unknown,unknown
CSI_DATA,900698,b2:1f:e7:2b:79:66,-38,11,1,7,0,1,1,0,1,0,1,-97,0,1,0,-106219035,0,83,0,128,1,"[83,-80,4,0,-12,-14,-12,-14,-12,-13,-11,-13,-11,-12,-10,-12,-10,-11,-9,-11,-7,-10,-6,-10,-4,-10,-3,-9,-1,-9,1,-9,2,-9,4,-9,5,-8,6,-8,7,-8,8,-8,8,-7,8,-7,8,-6,8,-6,8,-5,2,-2,0,0,0,0,0,0,0,0,0,0,0,0,0,0,0,0,0,0,-1,-1,-2,-3,-1,-3,0,-3,2,-2,3,-2,4,-2,5,-1,6,-1,7,-1,7,-1,8,-1,8,-1,8,-1,8,-2,7,-3,7,-4,6,-5,5,-6,3,-7,2,-8,0,-9,-2,-10,-3,-11,-5,-12,-7,-13,-8,-14]",giovani,unknown,unknown
CSI_DATA,900700,b2:1f:e7:2b:79:66,-38,11,1,7,0,1,1,0,1,0,1,-97,0,1,0,-106211625,0,83,0,128,1,"[83,-80,4,0,4,16,5,16,5,16,5,15,5,14,4,13,4,13,3,12,2,11,1,10,-1,9,-3,8,-4,8,-5,7,-7,6,-8,5,-9,4,-10,4,-10,3,-11,3,-11,2,-11,1,-11,1,-11,1,-10,0,-3,0,0,0,0,0,0,0,0,0,0,0,0,0,0,0,0,0,0,0,0,0,0,2,-1,2,-2,1,-3,0,-4,0,-5,-1,-6,-2,-6,-2,-7,-3,-8,-3,-9,-3,-9,-3,-9,-3,-9,-2,-9,-1,-9,0,-8,1,-7,3,-6,4,-5,6,-4,7,-3,9,-2,11,-1,12,0,14,1,15]",giovani,unknown,unknown
CSI_DATA,900702,b2:1f:e7:2b:79:66,-38,11,1,7,0,1,1,0,1,0,1,-97,0,1,0,-106202037,0,83,0,128,1,"[83,-80,4,0,12,12,12,12,12,11,12,11,11,10,10,10,9,9,8,9,7,8,5,8,4,8,2,8,0,8,-1,8,-3,8,-5,8,-6,8,-7,8,-8,7,-9,7,-9,7,-9,6,-9,6,-9,5,-9,5,-3,1,0,0,0,0,0,0,0,0,0,0,0,0,0,0,0,0,0,0,0,0,1,2,1,2,-1,2,-2,2,-3,1,-5,1,-6,1,-7,1,-8,1,-8,1,-9,1,-9,2,-9,2,-9,2,-8,3,-7,4,-6,5,-5,6,-3,7,-2,7,0,8,2,9,4,10,6,11,7,12,8,12]",giovani,unknown,unknown
CSI_DATA,900704,b2:1f:e7:2b:79:66,-37,11,1,7,0,1,1,0,1,0,1,-97,0,1,0,-106192067,0,83,0,128,1,"[83,-80,4,0,0,17,1,17,1,17,1,16,1,15,1,14,1,13,0,12,-1,11,-2,10,-3,9,-5,8,-6,7,-7,6,-8,5,-9,4,-10,3,-11,2,-11,1,-12,0,-12,0,-12,-1,-11,-2,-11,-2,-10,-2,-3,-1,0,0,0,0,0,0,0,0,0,0,0,0,0,0,0,0,0,0,-1,0,-1,3,-2,2,-2,1,-3,0,-4,-1,-5,-2,-5,-3,-6,-4,-6,-5,-7,-5,-7,-5,-8,-5,-8,-5,-8,-5,-8,-4,-8,-2,-8,-1,-8,1,-7,2,-7,4,-6,6,-5,8,-5,10,-4,12,-3,13,-3,14]",giovani,unknown,unknown
CSI_DATA,900706,b2:1f:e7:2b:79:66,-41,11,1,7,0,1,1,0,1,0,1,-97,0,1,0,-106179237,0,83,0,128,1,"[83,-80,4,0,-8,-45,-9,-45,-10,-44,-10,-42,-9,-40,-9,-38,-7,-36,-6,-33,-4,-31,0,-28,3,-25,6,-23,10,-20,14,-17,17,-15,20,-13,22,-10,24,-8,26,-6,27,-5,27,-4,27,-2,26,-1,25,0,25,0,6,0,0,0,0,0,0,0,0,0,0,0,0,0,0,0,0,0,0,0,-1,-3,-1,-8,1,-6,4,-4,6,-2,8,0,10,2,12,4,14,6,16,8,18,9,19,9,20,8,20,8,20,6,20,3,19,0,18,-3,17,-7,15,-11,13,-15,11,-20,9,-25,6,-29,3,-34,0,-38,-2,-41]",giovani,unknown,unknown
CSI_DATA,900708,b2:1f:e7:2b:79:66,-37,11,1,7,0,1,1,0,1,0,1,-97,0,1,0,-106172031,0,83,0,128,1,"[83,-80,4,0,-18,1,-18,2,-17,2,-17,2,-16,2,-15,2,-14,2,-13,1,-12,0,-11,-1,-10,-3,-9,-4,-8,-5,-7,-6,-6,-8,-5,-9,-4,-10,-4,-11,-3,-11,-2,-11,-2,-12,-1,-11,-1,-11,-1,-11,0,-11,0,-3,0,0,0,0,0,0,0,0,0,0,0,0,0,0,0,0,0,0,-1,-1,-3,-1,-3,-2,-2,-2,-1,-3,0,-4,1,-5,2,-5,3,-6,4,-6,4,-7,5,-7,5,-8,4,-8,3,-8,2,-8,1,-8,0,-8,-2,-8,-3,-7,-5,-7,-7,-6,-9,-5,-11,-4,-13,-3,-14,-3,-15,-2]",giovani,unknown,unknown
CSI_DATA,900710,b2:1f:e7:2b:79:66,-41,11,1,7,0,1,1,0,1,0,1,-97,0,1,0,-106161800,0,83,0,128,1,"[83,-80,4,0,40,-4,40,-5,39,-5,38,-6,36,-5,34,-5,32,-4,29,-2,26,0,24,2,21,5,19,8,16,11,14,14,11,17,8,20,6,22,4,23,2,24,0,25,-1,25,-2,25,-3,24,-4,23,-5,22,-2,5,0,0,0,0,0,0,0,0,0,0,0,0,0,0,0,0,0,0,1,-1,6,0,5,1,3,3,1,5,-1,7,-4,10,-6,11,-7,13,-9,14,-9,15,-10,16,-9,17,-8,17,-7,18,-5,17,-3,17,0,16,4,15,8,14,12,13,17,12,21,9,25,7,29,5,33,3,36,1]",giovani,unknown,unknown
CSI_DATA,900712,b2:1f:e7:2b:79:66,-39,11,1,7,0,1,1,0,1,0,1,-97,0,1,0,-106145423,0,83,0,128,1,"[83,-80,4,0,11,-14,10,-14,10,-14,9,-14,9,-13,8,-12,8,-11,8,-10,7,-9,7,-7,7,-6,8,-4,8,-2,8,0,8,1,8,3,8,4,8,5,8,6,8,7,8,7,7,8,7,8,6,8,6,8,1,1,0,0,0,0,0,0,0,0,0,0,0,0,0,0,0,0,0,0,0,-1,2,-2,2,-2,2,0,2,1,2,2,1,4,1,5,1,6,1,7,1,7,1,8,2,8,2,8,3,7,3,7,4,6,5,5,6,3,6,2,7,0,8,-1,9,-4,9,-6,10,-8,11,-9,11,-11]",giovani,unknown,unknown
CSI_DATA,900714,b2:1f:e7:2b:79:66,-37,11,1,7,0,1,1,0,1,0,1,-97,0,1,0,-106140682,0,83,0,128,1,"[83,-80,4,0,-6,16,-5,16,-5,16,-4,16,-4,15,-4,14,-4,13,-4,12,-5,10,-5,9,-6,8,-7,6,-8,5,-9,3,-9,2,-10,1,-11,0,-11,-2,-11,-2,-11,-3,-12,-4,-11,-4,-11,-4,-10,-5,-10,-5,-3,-2,0,0,0,0,0,0,0,0,0,0,0,0,0,0,0,0,0,0,-1,0,-2,2,-2,1,-3,0,-3,-1,-4,-3,-4,-4,-4,-5,-4,-6,-5,-6,-5,-7,-6,-7,-6,-7,-6,-7,-6,-7,-7,-6,-7,-5,-8,-3,-8,-2,-8,0,-8,2,-8,4,-8,6,-8,8,-8,10,-7,12,-7,13]",giovani,unknown,unknown
CSI_DATA,900716,b2:1f:e7:2b:79:66,-41,11,1,7,0,1,1,0,1,0,1,-97,0,1,0,-106131999,0,83,0,128,1,"[83,-80,4,0,-37,-22,-37,-21,-36,-20,-35,-19,-34,-18,-32,-17,-29,-17,-26,-17,-23,-17,-19,-17,-16,-18,-12,-19,-8,-20,-4,-21,0,-22,4,-22,7,-23,9,-23,11,-23,13,-23,14,-22,15,-21,15,-20,15,-19,15,-18,4,-5,0,0,0,0,0,0,0,0,0,0,0,0,0,0,0,0,0,0,-2,-2,-6,-5,-4,-5,-1,-5,2,-6,5,-6,8,-7,11,-7,13,-7,15,-8,17,-8,18,-9,18,-10,17,-11,16,-12,14,-13,12,-14,9,-16,5,-17,1,-18,-3,-20,-7,-21,-12,-22,-17,-22,-22,-23,-27,-23,-30,-24]",giovani,unknown,unknown
CSI_DATA,900718,b2:1f:e7:2b:79:66,-41,11,1,7,0,1,1,0,1,0,1,-97,0,1,0,-106122060,0,83,0,128,1,"[83,-80,4,0,9,-42,8,-42,7,-41,6,-39,6,-37,6,-35,6,-33,6,-30,8,-27,10,-24,12,-21,14,-17,16,-14,18,-10,20,-6,22,-3,23,-1,24,2,25,4,25,6,25,7,24,8,23,9,22,10,21,10,5,2,0,0,0,0,0,0,0,0,0,0,0,0,0,0,0,0,0,0,0,-2,2,-7,3,-5,4,-2,6,1,7,4,8,6,9,8,10,11,11,13,12,14,13,15,14,15,14,14,15,12,16,10,16,7,17,4,17,0,17,-4,17,-8,16,-13,16,-18,15,-23,14,-28,13,-32,13,-36]",giovani,unknown,unknown
CSI_DATA,900720,b2:1f:e7:2b:79:66,-41,11,1,7,0,1,1,0,1,0,1,-97,0,1,0,-106111652,0,83,0,128,1,"[83,-80,4,0,-2,-43,-3,-43,-4,-41,-5,-40,-5,-38,-4,-36,-3,-34,-2,-31,0,-28,2,-26,5,-23,8,-21,12,-18,15,-15,18,-12,20,-10,22,-7,24,-6,25,-4,26,-2,26,-1,26,0,25,1,24,2,24,2,5,0,0,0,0,0,0,0,0,0,0,0,0,0,0,0,0,0,0,0,0,-2,0,-7,2,-5,4,-3,6,0,8,2,9,4,11,6,12,8,14,9,15,10,16,11,17,11,17,10,18,8,18,6,17,3,17,0,16,-4,15,-8,14,-12,12,-17,11,-21,9,-26,6,-30,4,-35,2,-38]",giovani,unknown,unknown
CSI_DATA,900722,b2:1f:e7:2b:79:66,-37,11,1,7,0,1,1,0,1,0,1,-97,0,1,0,-106102015,0,83,0,128,1,"[83,-80,4,0,-17,7,-17,7,-16,7,-15,7,-14,7,-14,7,-13,6,-12,5,-11,4,-11,2,-10,1,-10,-1,-10,-2,-9,-4,-9,-5,-8,-7,-8,-8,-7,-9,-7,-10,-6,-10,-6,-11,-6,-11,-5,-11,-5,-10,-4,-10,-1,-3,0,0,0,0,0,0,0,0,0,0,0,0,0,0,0,0,0,0,-1,0,-4,0,-3,-1,-2,-2,-2,-3,-1,-4,0,-5,1,-6,1,-7,2,-8,2,-8,2,-9,2,-9,1,-9,0,-9,0,-9,-1,-8,-3,-8,-4,-7,-6,-6,-7,-5,-9,-3,-10,-2,-12,0,-13,1,-14,2,-15,3]",giovani,unknown,unknown
CSI_DATA,900724,b2:1f:e7:2b:79:66,-37,11,1,7,0,1,1,0,1,0,1,-97,0,1,0,-106091694,0,83,0,128,1,"[83,-80,4,0,11,13,11,12,12,12,11,11,11,11,10,10,9,10,8,9,7,9,5,9,3,9,2,9,0,9,-1,9,-3,9,-5,9,-6,8,-7,8,-8,8,-8,8,-9,7,-9,7,-9,6,-9,6,-9,5,-3,1,0,0,0,0,0,0,0,0,0,0,0,0,0,0,0,0,0,0,0,0,1,2,0,2,-1,1,-3,1,-4,1,-5,0,-6,0,-7,0,-8,0,-9,-1,-9,-1,-10,0,-9,0,-9,1,-9,1,-8,2,-7,3,-6,4,-4,6,-3,7,-1,8,1,9,2,10,4,11,6,12,7,12]",giovani,unknown,unknown
CSI_DATA,900726,b2:1f:e7:2b:79:66,-37,11,1,7,0,1,1,0,1,0,1,-97,0,1,0,-106082030,0,83,0,128,1,"[83,-80,4,0,14,-11,13,-11,13,-11,12,-11,12,-11,11,-10,11,-9,10,-8,10,-7,9,-6,9,-4,9,-2,9,0,9,1,9,3,8,4,8,6,8,7,7,8,7,8,7,9,6,9,6,9,5,9,5,8,1,2,0,0,0,0,0,0,0,0,0,0,0,0,0,0,0,0,0,0,0,-1,2,-1,2,0,1,1,1,2,0,3,0,4,-1,5,-1,6,-1,7,-1,8,-1,8,-1,9,-1,9,0,8,1,8,2,7,3,6,4,5,5,4,7,3,8,1,9,-1,10,-3,12,-4,12,-6,13,-7]",giovani,unknown,unknown
CSI_DATA,900728,b2:1f:e7:2b:79:66,-37,11,1,7,0,1,1,0,1,0,1,-97,0,1,0,-106071522,0,83,0,128,1,"[83,-80,4,0,-10,-16,-10,-15,-10,-15,-10,-14,-10,-13,-9,-13,-8,-12,-7,-12,-6,-11,-5,-11,-3,-10,-2,-10,0,-10,2,-9,3,-9,5,-9,6,-9,7,-8,8,-8,9,-8,9,-7,9,-7,9,-6,9,-6,9,-6,2,-2,0,0,0,0,0,0,0,0,0,0,0,0,0,0,0,0,0,0,-1,-1,-1,-3,0,-3,1,-2,2,-2,3,-1,4,0,5,0,6,1,7,1,8,1,8,1,8,1,9,1,8,0,8,-1,8,-2,7,-3,6,-4,4,-6,3,-7,2,-9,0,-10,-1,-12,-3,-13,-5,-14,-6,-15]",giovani,unknown,unknown
CSI_DATA,900730,b2:1f:e7:2b:79:66,-37,11,1,7,0,1,1,0,1,0,1,-97,0,1,0,-106041281,0,83,0,128,1,"[83,-80,4,0,16,-6,16,-6,16,-6,15,-6,15,-6,14,-6,13,-5,12,-4,11,-3,10,-2,9,0,9,1,8,3,8,4,7,6,6,7,5,8,5,9,4,10,3,10,3,11,2,11,2,10,1,10,1,10,0,2,0,0,0,0,0,0,0,0,0,0,0,0,0,0,0,0,0,0,0,-1,2,-1,2,0,1,1,0,2,0,3,-1,4,-2,5,-3,6,-3,7,-3,7,-4,8,-3,8,-3,8,-2,8,-1,8,-1,8,1,7,2,6,4,6,5,5,7,3,9,2,11,1,12,0,14,-1,15,-2]",giovani,unknown,unknown
CSI_DATA,900732,b2:1f:e7:2b:79:66,-37,11,1,7,0,1,1,0,1,0,1,-97,0,1,0,-106035847,0,83,0,128,1,"[83,-80,4,0,-7,-17,-7,-17,-7,-17,-7,-16,-7,-15,-6,-14,-5,-14,-5,-13,-4,-12,-2,-11,-1,-11,1,-10,2,-9,4,-9,6,-8,7,-7,8,-7,9,-6,10,-5,10,-5,11,-4,11,-4,11,-3,10,-3,10,-2,2,-1,0,0,0,0,0,0,0,0,0,0,0,0,0,0,0,0,0,0,-1,-1,-1,-3,0,-3,1,-2,2,-1,3,-1,4,0,5,1,6,1,7,2,8,2,8,2,9,2,9,2,9,1,8,0,8,-1,7,-2,7,-4,6,-5,4,-7,3,-9,2,-10,1,-12,-1,-13,-2,-15,-3,-16]",giovani,unknown,unknown
CSI_DATA,900734,b2:1f:e7:2b:79:66,-37,11,1,7,0,1,1,0,1,0,1,-97,0,1,0,-106030809,0,83,0,128,1,"[83,-80,4,0,11,-14,11,-15,10,-15,10,-14,9,-14,9,-13,9,-12,8,-11,8,-9,8,-8,8,-6,8,-5,9,-3,9,-1,9,1,10,2,10,4,10,5,10,6,9,6,9,7,9,7,8,7,7,7,7,7,1,1,0,0,0,0,0,0,0,0,0,0,0,0,0,0,0,0,0,0,0,-1,2,-2,2,-1,2,0,2,2,1,3,1,4,1,5,1,6,1,7,1,8,1,9,1,9,2,9,2,8,3,8,4,7,5,6,6,4,7,3,8,1,8,-1,9,-3,10,-5,11,-7,11,-9,12,-11]",giovani,unknown,unknown
CSI_DATA,900736,b2:1f:e7:2b:79:66,-37,11,1,7,0,1,1,0,1,0,1,-97,0,1,0,-106026248,0,83,0,128,1,"[83,-80,4,0,2,-19,2,-19,2,-18,1,-18,1,-17,1,-16,1,-15,2,-14,2,-13,3,-11,4,-10,5,-9,6,-7,8,-6,9,-5,10,-3,10,-2,11,-1,11,0,12,0,12,1,11,2,11,2,10,2,10,2,2,0,0,0,0,0,0,0,0,0,0,0,0,0,0,0,0,0,0,0,0,-1,1,-3,1,-2,2,-1,2,0,3,2,3,3,4,4,4,5,5,6,5,6,5,7,6,7,6,6,6,6,7,5,7,4,7,2,7,0,7,-1,7,-3,7,-5,7,-8,6,-10,6,-12,5,-14,5,-16]",giovani,unknown,unknown
CSI_DATA,900738,b2:1f:e7:2b:79:66,-37,11,1,7,0,1,1,0,1,0,1,-97,0,1,0,-106025953,0,83,0,128,1,"[83,-80,4,0,-14,-12,-14,-12,-14,-12,-14,-11,-14,-10,-13,-10,-12,-10,-11,-9,-9,-9,-8,-9,-7,-9,-5,-10,-3,-10,-2,-11,0,-11,2,-11,3,-11,4,-11,5,-11,6,-11,6,-11,7,-10,7,-10,7,-9,7,-9,1,-3,0,0,0,0,0,0,0,0,0,0,0,0,0,0,0,0,0,0,-1,-1,-2,-3,-1,-3,0,-3,2,-2,3,-2,4,-2,5,-2,6,-1,7,-1,8,-1,9,-1,9,-1,9,-2,8,-3,8,-3,7,-4,6,-5,5,-6,3,-7,1,-8,-1,-9,-3,-10,-5,-11,-7,-12,-9,-12,-10,-13]",giovani,unknown,unknown
CSI_DATA,900740,b2:1f:e7:2b:79:66,-41,11,1,7,0,1,1,0,1,0,1,-97,0,1,0,-106016460,0,83,0,128,1,"[83,-80,4,0,-6,-42,-7,-42,-7,-41,-7,-40,-7,-38,-7,-36,-5,-34,-4,-32,-2,-29,1,-27,4,-25,8,-22,11,-19,14,-17,17,-14,20,-12,22,-10,24,-8,25,-6,26,-4,27,-3,26,-2,25,0,24,1,24,1,5,0,0,0,0,0,0,0,0,0,0,0,0,0,0,0,0,0,0,0,-1,-2,0,-7,2,-6,4,-3,6,-1,8,1,10,3,12,5,14,6,16,8,17,9,18,10,19,9,19,9,19,7,19,5,19,2,18,-1,17,-5,15,-9,13,-13,11,-17,10,-22,7,-26,5,-30,2,-34,0,-38]",giovani,unknown,unknown
CSI_DATA,900742,b2:1f:e7:2b:79:66,-37,11,1,7,0,1,1,0,1,0,1,-97,0,1,0,-106016083,0,83,0,128,1,"[83,-80,4,0,17,-6,17,-6,16,-6,15,-6,15,-6,14,-6,13,-5,12,-4,11,-3,11,-2,10,-1,9,1,8,3,8,4,7,6,7,7,6,8,5,9,5,10,4,11,4,11,3,11,3,10,2,10,2,10,0,2,0,0,0,0,0,0,0,0,0,0,0,0,0,0,0,0,0,0,0,-1,2,0,2,0,1,1,0,2,-1,3,-2,4,-3,5,-3,6,-4,7,-4,7,-4,8,-4,8,-4,8,-3,8,-2,8,-1,8,0,7,2,7,3,6,5,5,7,4,9,3,11,1,12,0,14,-1,15,-2]",giovani,unknown,unknown
CSI_DATA,900744,b2:1f:e7:2b:79:66,-37,11,1,7,0,1,1,0,1,0,1,-97,0,1,0,-106006773,0,83,0,128,1,"[83,-80,4,0,-17,8,-16,9,-16,9,-15,8,-14,8,-14,8,-13,7,-12,6,-12,5,-11,3,-11,2,-10,0,-10,-1,-10,-3,-9,-5,-9,-6,-9,-8,-8,-9,-8,-10,-7,-10,-7,-11,-7,-11,-6,-11,-6,-10,-5,-10,-2,-3,0,0,0,0,0,0,0,0,0,0,0,0,0,0,0,0,0,0,-1,0,-3,0,-3,-1,-2,-2,-2,-3,-1,-4,0,-5,0,-6,1,-7,1,-8,2,-9,2,-10,1,-10,1,-10,0,-10,-1,-9,-2,-9,-3,-8,-4,-7,-6,-6,-7,-5,-9,-3,-10,-2,-12,0,-13,2,-14,3,-15,4]",giovani,unknown,unknown
CSI_DATA,900746,b2:1f:e7:2b:79:66,-37,11,1,7,0,1,1,0,1,0,1,-97,0,1,0,-106001483,0,83,0,128,1,"[83,-80,4,0,0,17,0,17,1,17,1,16,1,16,1,15,1,14,0,13,-1,12,-2,10,-4,9,-5,8,-6,7,-8,6,-9,5,-10,4,-11,3,-11,2,-12,1,-12,1,-12,0,-12,-1,-12,-1,-11,-2,-11,-2,-3,-1,0,0,0,0,0,0,0,0,0,0,0,0,0,0,0,0,0,0,-1,0,-1,2,-2,1,-3,0,-4,0,-4,-2,-5,-2,-6,-3,-7,-4,-7,-5,-8,-5,-8,-6,-8,-6,-9,-5,-9,-5,-9,-4,-9,-2,-9,-1,-8,0,-8,2,-7,4,-6,6,-5,8,-5,10,-4,12,-3,14,-2,15]",giovani,unknown,unknown
CSI_DATA,900748,b2:1f:e7:2b:79:66,-37,11,1,7,0,1,1,0,1,0,1,-97,0,1,0,-105990116,0,83,0,128,1,"[83,-80,4,0,12,-13,12,-13,12,-13,11,-13,11,-12,10,-12,10,-11,10,-10,9,-8,9,-7,9,-5,9,-4,9,-2,9,0,9,2,9,3,9,5,9,6,9,7,8,7,8,8,7,8,7,8,6,8,6,8,1,2,0,0,0,0,0,0,0,0,0,0,0,0,0,0,0,0,0,0,0,-1,2,-2,2,-1,2,0,1,2,1,3,1,4,0,6,0,7,0,8,0,8,0,9,1,9,1,9,2,9,2,8,3,7,4,6,5,5,6,4,7,2,8,0,9,-2,10,-4,11,-6,12,-7,13,-9]",giovani,unknown,unknown
CSI_DATA,900750,b2:1f:e7:2b:79:66,-37,11,1,7,0,1,1,0,1,0,1,-97,0,1,0,-105982027,0,83,0,128,1,"[83,-80,4,0,-19,-1,-19,-1,-18,-1,-17,0,-17,0,-16,0,-15,-1,-14,-1,-13,-2,-12,-3,-11,-4,-10,-5,-9,-6,-7,-8,-6,-9,-5,-10,-4,-11,-3,-12,-2,-12,-1,-12,-1,-13,0,-12,0,-12,0,-12,1,-11,0,-3,0,0,0,0,0,0,0,0,0,0,0,0,0,0,0,0,0,0,-1,-1,-3,-2,-2,-2,-1,-3,0,-3,1,-4,2,-5,3,-5,4,-6,5,-6,6,-7,6,-7,6,-7,6,-8,5,-8,4,-8,3,-8,2,-8,0,-8,-2,-8,-4,-8,-6,-7,-8,-7,-10,-6,-12,-5,-14,-5,-15,-4]",giovani,unknown,unknown
CSI_DATA,900752,b2:1f:e7:2b:79:66,-41,11,1,7,0,1,1,0,1,0,1,-97,0,1,0,-105971699,0,83,0,128,1,"[83,-80,4,0,41,3,41,2,40,1,39,0,37,0,36,0,33,1,31,2,28,4,25,6,22,9,19,11,16,14,13,17,10,20,7,22,5,24,3,25,1,26,-1,27,-3,26,-4,26,-5,25,-5,24,-6,23,-2,5,0,0,0,0,0,0,0,0,0,0,0,0,0,0,0,0,0,0,1,0,5,2,4,3,1,4,-2,6,-4,8,-7,9,-9,11,-11,12,-13,13,-14,14,-15,15,-15,16,-14,17,-12,17,-10,17,-8,18,-5,18,0,17,4,17,9,16,13,16,18,14,23,12,28,11,32,9,35,8]",giovani,unknown,unknown
CSI_DATA,900754,b2:1f:e7:2b:79:66,-37,11,1,7,0,1,1,0,1,0,1,-97,0,1,0,-105961991,0,83,0,128,1,"[83,-80,4,0,-4,-18,-5,-18,-5,-18,-5,-17,-5,-16,-4,-15,-4,-15,-3,-14,-2,-13,-1,-12,0,-11,2,-10,3,-9,5,-9,6,-8,8,-7,9,-6,10,-5,10,-5,11,-4,11,-4,11,-3,11,-3,10,-2,10,-2,2,-1,0,0,0,0,0,0,0,0,0,0,0,0,0,0,0,0,0,0,0,-1,0,-3,1,-3,2,-2,3,-1,4,0,4,1,5,2,6,3,7,4,7,4,8,4,8,4,8,4,8,3,8,2,8,1,8,-1,7,-2,6,-4,6,-5,4,-7,3,-9,2,-11,1,-13,0,-15,-1,-16]",giovani,unknown,unknown
CSI_DATA,900756,b2:1f:e7:2b:79:66,-41,11,1,7,0,1,1,0,1,0,1,-97,0,1,0,-105942236,0,83,0,128,1,"[83,-80,4,0,44,-3,43,-4,43,-5,41,-5,40,-5,38,-4,35,-3,33,-2,30,1,27,3,25,6,22,9,19,13,16,16,14,19,11,22,8,24,6,26,4,28,2,28,1,28,-1,28,-2,27,-3,26,-3,25,-1,6,0,0,0,0,0,0,0,0,0,0,0,0,0,0,0,0,0,0,1,0,6,0,5,2,2,4,0,7,-2,9,-5,11,-7,13,-9,15,-10,17,-11,18,-12,20,-12,20,-11,21,-9,21,-7,21,-4,21,-1,20,3,19,8,18,12,17,17,15,22,12,26,10,31,7,36,5,39,2]",giovani,unknown,unknown
CSI_DATA,900758,b2:1f:e7:2b:79:66,-37,11,1,7,0,1,1,0,1,0,1,-97,0,1,0,-105936523,0,83,0,128,1,"[83,-80,4,0,15,9,15,8,15,8,15,7,14,7,13,7,12,7,11,7,10,7,8,7,7,7,5,8,3,9,1,9,0,10,-2,10,-3,10,-4,10,-5,10,-6,10,-7,10,-7,10,-7,9,-7,9,-7,8,-2,2,0,0,0,0,0,0,0,0,0,0,0,0,0,0,0,0,0,0,0,0,1,2,0,2,-1,2,-3,2,-4,2,-5,2,-6,2,-7,3,-8,3,-9,3,-10,3,-10,3,-10,4,-9,4,-8,5,-7,5,-6,6,-4,6,-3,7,0,7,2,8,4,8,6,9,8,9,10,9,12,9]",giovani,unknown,unknown
CSI_DATA,900760,b2:1f:e7:2b:79:66,-37,11,1,7,0,1,1,0,1,0,1,-97,0,1,0,-105931782,0,83,0,128,1,"[83,-80,4,0,-19,-4,-19,-4,-18,-3,-18,-3,-17,-3,-16,-3,-15,-3,-14,-3,-13,-4,-11,-5,-10,-6,-9,-7,-8,-8,-6,-9,-5,-10,-3,-11,-2,-12,-1,-12,0,-13,1,-13,1,-13,1,-13,2,-12,2,-12,2,-11,0,-3,0,0,0,0,0,0,0,0,0,0,0,0,0,0,0,0,0,0,-1,-1,-3,-2,-2,-3,-1,-3,1,-3,2,-4,3,-4,5,-5,6,-5,7,-5,7,-6,8,-6,8,-6,7,-7,6,-7,6,-8,5,-8,3,-8,2,-8,-1,-8,-3,-8,-5,-8,-7,-8,-9,-8,-11,-7,-14,-7,-15,-7]",giovani,unknown,unknown
CSI_DATA,900762,b2:1f:e7:2b:79:66,-37,11,1,7,0,1,1,0,1,0,1,-97,0,1,0,-105922049,0,83,0,128,1,"[83,-80,4,0,-18,6,-18,6,-17,6,-17,6,-16,6,-15,6,-14,5,-14,4,-13,3,-12,1,-12,0,-11,-2,-10,-3,-10,-5,-9,-7,-8,-8,-7,-9,-7,-10,-6,-11,-6,-12,-5,-12,-5,-12,-4,-12,-4,-11,-4,-11,-1,-3,0,0,0,0,0,0,0,0,0,0,0,0,0,0,0,0,0,0,-1,0,-3,-1,-3,-2,-2,-3,-1,-4,0,-5,1,-6,2,-7,2,-8,3,-8,3,-9,3,-10,3,-10,3,-10,2,-10,1,-10,0,-10,-2,-9,-3,-8,-5,-7,-7,-6,-8,-5,-10,-4,-12,-2,-14,0,-15,1,-16,2]",giovani,unknown,unknown
CSI_DATA,900764,b2:1f:e7:2b:79:66,-37,11,1,7,0,1,1,0,1,0,1,-97,0,1,0,-105911528,0,83,0,128,1,"[83,-80,4,0,7,-17,6,-18,6,-17,5,-17,5,-16,5,-15,5,-14,5,-13,5,-12,5,-10,6,-9,7,-8,8,-6,9,-4,10,-3,10,-1,11,0,11,1,11,2,11,2,11,3,11,3,10,4,10,4,10,4,2,1,0,0,0,0,0,0,0,0,0,0,0,0,0,0,0,0,0,0,0,-1,2,-3,2,-1,2,0,2,1,2,3,2,4,3,5,3,6,3,7,3,8,4,8,4,9,4,8,5,8,5,7,6,6,6,4,7,3,7,1,8,-1,8,-3,8,-5,8,-7,8,-10,8,-12,8,-13]",giovani,unknown,unknown
CSI_DATA,900766,b2:1f:e7:2b:79:66,-41,11,1,7,0,1,1,0,1,0,1,-97,0,1,0,-105901972,0,83,0,128,1,"[83,-80,4,0,20,36,21,36,21,35,21,33,20,32,19,31,17,29,15,28,12,27,8,25,4,24,0,23,-4,22,-8,21,-12,20,-15,19,-18,18,-21,16,-23,15,-24,14,-25,13,-25,11,-25,10,-24,9,-24,8,-6,1,0,0,0,0,0,0,0,0,0,0,0,0,0,0,0,0,0,0,0,1,1,6,-1,5,-4,4,-7,3,-10,2,-13,1,-16,0,-18,-1,-20,-2,-22,-3,-23,-2,-24,-2,-24,-1,-23,0,-22,2,-21,5,-19,8,-16,10,-13,13,-9,17,-6,20,-2,23,2,26,6,29,10,32,13,34]",giovani,unknown,unknown
CSI_DATA,900768,b2:1f:e7:2b:79:66,-37,11,1,7,0,1,1,0,1,0,1,-97,0,1,0,-105901650,0,83,0,128,1,"[83,-80,4,0,-6,-18,-7,-18,-7,-17,-7,-17,-6,-16,-6,-15,-5,-14,-5,-14,-4,-13,-2,-12,-1,-12,1,-11,2,-10,4,-10,5,-9,7,-8,8,-8,9,-7,10,-7,10,-6,11,-6,11,-5,10,-4,10,-4,10,-4,2,-1,0,0,0,0,0,0,0,0,0,0,0,0,0,0,0,0,0,0,0,-1,0,-4,1,-3,2,-2,3,-1,4,0,5,1,5,2,6,2,7,3,8,4,8,4,9,3,9,3,9,3,9,2,8,0,8,-1,7,-3,6,-4,5,-6,4,-8,3,-10,2,-11,0,-13,-1,-15,-2,-15]",giovani,unknown,unknown
CSI_DATA,900770,b2:1f:e7:2b:79:66,-37,11,1,7,0,1,1,0,1,0,1,-97,0,1,0,-105887990,0,83,0,128,1,"[83,-80,4,0,16,-8,16,-8,15,-8,15,-8,14,-8,13,-8,13,-7,12,-6,11,-5,11,-4,10,-2,10,0,9,1,9,3,8,5,8,6,7,8,6,9,6,9,5,10,5,10,4,10,4,10,3,10,3,10,0,2,0,0,0,0,0,0,0,0,0,0,0,0,0,0,0,0,0,0,0,-1,2,-1,2,0,1,1,0,3,0,4,-1,5,-2,6,-2,7,-2,8,-3,9,-3,9,-3,10,-2,10,-1,9,-1,9,0,8,1,8,3,7,4,6,6,5,8,3,9,2,11,0,12,-1,14,-3,15,-4]",giovani,unknown,unknown
CSI_DATA,900772,b2:1f:e7:2b:79:66,-37,11,1,7,0,1,1,0,1,0,1,-97,0,1,0,-105882080,0,83,0,128,1,"[83,-80,4,0,-2,17,-1,18,-1,17,-1,17,-1,16,-1,15,-1,14,-1,13,-2,12,-3,11,-4,10,-6,9,-7,7,-8,6,-9,5,-10,4,-11,3,-12,2,-12,1,-13,1,-13,0,-12,0,-12,-1,-12,-1,-11,-2,-3,-1,0,0,0,0,0,0,0,0,0,0,0,0,0,0,0,0,0,0,-1,0,-2,2,-2,1,-3,0,-4,-2,-4,-3,-5,-4,-5,-5,-6,-6,-6,-7,-7,-7,-7,-8,-7,-8,-8,-7,-8,-7,-8,-6,-9,-4,-9,-3,-9,-1,-8,0,-8,2,-8,5,-7,7,-6,9,-6,11,-5,13,-4,14]",giovani,unknown,unknown
CSI_DATA,900774,b2:1f:e7:2b:79:66,-37,11,1,7,0,1,1,0,1,0,1,-97,0,1,0,-105872020,0,83,0,128,1,"[83,-80,4,0,-12,-14,-12,-14,-12,-14,-12,-13,-12,-13,-11,-12,-10,-12,-9,-11,-8,-11,-6,-11,-5,-11,-3,-11,-1,-10,0,-10,2,-10,4,-10,5,-10,6,-10,7,-10,8,-9,8,-9,8,-8,8,-8,8,-7,8,-7,2,-2,0,0,0,0,0,0,0,0,0,0,0,0,0,0,0,0,0,0,-1,-1,-1,-3,0,-3,1,-3,2,-2,4,-2,5,-1,6,-1,7,-1,8,0,9,0,9,0,10,-1,9,-1,9,-1,9,-2,8,-3,7,-4,6,-6,4,-7,3,-8,1,-9,-1,-10,-3,-11,-4,-12,-6,-13,-8,-14]",giovani,unknown,unknown
CSI_DATA,900776,b2:1f:e7:2b:79:66,-37,11,1,7,0,1,1,0,1,0,1,-97,0,1,0,-105861475,0,83,0,128,1,"[83,-80,4,0,17,3,17,3,17,2,16,2,16,2,15,2,14,2,13,2,12,3,10,4,9,5,8,6,6,7,5,8,4,9,2,10,1,11,0,11,-1,12,-2,12,-2,11,-3,11,-3,11,-3,10,-4,10,-1,2,0,0,0,0,0,0,0,0,0,0,0,0,0,0,0,0,0,0,0,0,2,1,1,1,0,2,-2,2,-3,3,-4,4,-5,4,-6,5,-7,5,-8,5,-8,6,-8,6,-8,6,-7,7,-6,7,-5,7,-4,7,-2,7,0,7,2,7,4,7,6,7,8,6,11,6,13,5,14,4]",giovani,unknown,unknown
CSI_DATA,900778,b2:1f:e7:2b:79:66,-37,11,1,7,0,1,1,0,1,0,1,-97,0,1,0,-105848622,0,83,0,128,1,"[83,-80,4,0,-12,13,-11,13,-11,13,-10,13,-10,12,-10,11,-9,11,-9,10,-9,8,-9,7,-9,5,-10,4,-10,2,-10,0,-11,-1,-11,-3,-11,-4,-11,-6,-10,-7,-10,-7,-10,-8,-10,-8,-9,-8,-8,-8,-8,-8,-2,-2,0,0,0,0,0,0,0,0,0,0,0,0,0,0,0,0,0,0,-1,0,-3,1,-3,0,-3,-2,-3,-3,-3,-4,-2,-6,-2,-7,-2,-8,-2,-9,-2,-9,-3,-10,-3,-10,-4,-10,-4,-10,-5,-9,-5,-8,-6,-7,-7,-5,-7,-4,-8,-2,-9,0,-10,2,-10,4,-11,6,-11,8,-11,10]",giovani,unknown,unknown
CSI_DATA,900780,b2:1f:e7:2b:79:66,-37,11,1,7,0,1,1,0,1,0,1,-97,0,1,0,-105838817,0,83,0,128,1,"[83,-80,4,0,10,13,11,13,11,12,10,12,10,11,9,11,8,10,7,10,6,10,5,9,3,9,2,9,0,9,-2,9,-3,9,-5,9,-6,9,-7,8,-8,8,-9,8,-9,7,-10,7,-9,6,-9,6,-9,5,-3,1,0,0,0,0,0,0,0,0,0,0,0,0,0,0,0,0,0,0,0,0,0,2,-1,2,-2,1,-3,1,-5,1,-6,0,-7,0,-8,0,-9,0,-9,0,-10,0,-10,0,-10,0,-10,1,-10,1,-9,2,-8,4,-7,5,-5,6,-4,7,-2,8,0,9,1,10,3,11,5,12,6,13]",giovani,unknown,unknown
CSI_DATA,900782,b2:1f:e7:2b:79:66,-37,11,1,7,0,1,1,0,1,0,1,-97,0,1,0,-105832032,0,83,0,128,1,"[83,-80,4,0,-18,6,-18,6,-17,7,-16,7,-16,7,-15,6,-14,5,-13,4,-13,3,-12,2,-12,0,-11,-1,-10,-3,-10,-5,-9,-6,-9,-8,-8,-9,-7,-10,-7,-11,-6,-11,-6,-12,-5,-12,-4,-12,-4,-11,-4,-11,-1,-3,0,0,0,0,0,0,0,0,0,0,0,0,0,0,0,0,0,0,-1,0,-3,-1,-3,-2,-2,-3,-1,-4,0,-5,1,-6,1,-7,2,-8,3,-9,3,-10,3,-10,3,-10,3,-10,2,-10,1,-10,0,-10,-2,-9,-3,-8,-5,-8,-6,-6,-8,-5,-10,-3,-12,-2,-13,0,-15,1,-15,2]",giovani,unknown,unknown
CSI_DATA,900784,b2:1f:e7:2b:79:66,-37,11,1,7,0,1,1,0,1,0,1,-97,0,1,0,-105821650,0,83,0,128,1,"[83,-80,4,0,-17,1,-17,2,-16,2,-16,2,-15,2,-14,2,-14,1,-13,1,-12,0,-11,-1,-10,-2,-9,-4,-9,-5,-8,-6,-7,-7,-6,-9,-5,-10,-4,-10,-4,-11,-4,-11,-3,-11,-3,-11,-2,-11,-2,-11,-1,-10,-1,-3,0,0,0,0,0,0,0,0,0,0,0,0,0,0,0,0,0,0,-1,-1,-3,-2,-2,-2,-1,-3,0,-3,1,-4,2,-5,3,-6,4,-6,4,-7,5,-7,5,-8,5,-8,5,-8,4,-8,3,-8,2,-8,1,-8,-1,-8,-3,-8,-4,-7,-6,-6,-8,-5,-10,-4,-11,-3,-13,-2,-14,-2]",giovani,unknown,unknown
CSI_DATA,900786,b2:1f:e7:2b:79:66,-37,11,1,7,0,1,1,0,1,0,1,-97,0,1,0,-105811959,0,83,0,128,1,"[83,-80,4,0,10,-13,10,-13,9,-13,9,-13,9,-12,8,-12,8,-11,8,-10,7,-9,7,-8,8,-6,8,-5,8,-3,9,-2,9,0,9,1,9,2,9,3,9,4,9,5,9,5,9,6,8,6,8,6,7,6,1,1,0,0,0,0,0,0,0,0,0,0,0,0,0,0,0,0,0,0,0,-1,2,-1,2,0,2,1,1,2,1,3,1,5,0,6,0,7,0,8,0,8,0,8,1,9,1,8,2,8,2,8,3,7,4,6,5,5,6,3,6,2,7,0,8,-2,9,-4,9,-6,10,-7,11,-9]",giovani,unknown,unknown
CSI_DATA,900788,b2:1f:e7:2b:79:66,-37,11,1,7,0,1,1,0,1,0,1,-97,0,1,0,-105801804,0,83,0,128,1,"[83,-80,4,0,-7,16,-7,16,-6,16,-6,16,-5,15,-6,14,-6,13,-6,12,-6,11,-7,9,-7,8,-8,7,-9,5,-10,3,-11,2,-11,1,-12,-1,-12,-2,-12,-3,-12,-4,-12,-4,-12,-5,-11,-5,-11,-5,-10,-5,-3,-2,0,0,0,0,0,0,0,0,0,0,0,0,0,0,0,0,0,0,-1,0,-2,1,-3,1,-3,-1,-3,-2,-4,-4,-4,-5,-4,-6,-5,-7,-5,-8,-5,-9,-5,-9,-6,-9,-6,-9,-7,-9,-7,-8,-7,-7,-8,-5,-8,-4,-9,-2,-9,0,-9,2,-9,5,-9,7,-9,9,-9,11,-9,13]",giovani,unknown,unknown
CSI_DATA,900790,b2:1f:e7:2b:79:66,-37,11,1,7,0,1,1,0,1,0,1,-97,0,1,0,-105791915,0,83,0,128,1,"[83,-80,4,0,4,-34,3,-34,3,-34,2,-33,2,-32,2,-30,3,-29,3,-27,4,-24,6,-22,8,-19,10,-17,12,-14,14,-12,17,-9,19,-7,20,-5,21,-3,22,-1,23,0,23,1,22,2,21,3,20,4,19,4,4,1,0,0,0,0,0,0,0,0,0,0,0,0,0,0,0,0,0,0,0,-2,2,-5,3,-4,5,-1,6,2,7,4,8,6,9,9,9,11,11,12,12,14,12,14,12,14,13,14,13,12,14,10,14,8,15,5,14,2,14,-2,14,-5,13,-9,12,-13,12,-18,11,-22,9,-26,8,-29]",giovani,unknown,unknown
CSI_DATA,900792,b2:1f:e7:2b:79:66,-37,11,1,7,0,1,1,0,1,0,1,-97,0,1,0,-105782080,0,83,0,128,1,"[83,-80,4,0,-13,13,-12,13,-11,13,-11,13,-11,13,-10,12,-10,11,-10,10,-9,8,-9,7,-10,5,-10,3,-10,2,-11,0,-11,-2,-11,-3,-11,-5,-11,-6,-11,-7,-10,-8,-10,-8,-10,-8,-9,-8,-9,-8,-8,-8,-2,-2,0,0,0,0,0,0,0,0,0,0,0,0,0,0,0,0,0,0,-1,0,-3,1,-3,0,-3,-2,-3,-3,-3,-5,-2,-6,-2,-7,-2,-8,-2,-9,-2,-10,-2,-10,-2,-10,-3,-10,-3,-10,-4,-9,-5,-9,-6,-7,-7,-6,-8,-4,-8,-3,-9,-1,-10,2,-11,4,-12,6,-12,8,-12,10]",giovani,unknown,unknown
CSI_DATA,900794,b2:1f:e7:2b:79:66,-37,11,1,7,0,1,1,0,1,0,1,-97,0,1,0,-105781784,0,83,0,128,1,"[83,-80,4,0,12,12,12,12,12,11,12,11,12,10,11,10,10,9,9,9,8,9,6,9,4,9,2,9,1,9,-1,10,-2,10,-4,10,-5,10,-6,10,-7,9,-8,9,-9,9,-9,8,-9,8,-9,7,-8,6,-2,1,0,0,0,0,0,0,0,0,0,0,0,0,0,0,0,0,0,0,0,0,0,2,-1,2,-2,1,-4,1,-5,1,-6,1,-7,1,-8,0,-9,0,-10,0,-11,0,-11,0,-11,1,-10,1,-10,2,-9,3,-8,4,-7,5,-5,6,-3,7,-1,8,1,9,2,10,4,11,6,12,8,13]",giovani,unknown,unknown
CSI_DATA,900796,b2:1f:e7:2b:79:66,-37,11,1,7,0,1,1,0,1,0,1,-97,0,1,0,-105772075,0,83,0,128,1,"[83,-80,4,0,10,13,11,13,11,13,11,12,10,12,10,11,9,11,8,10,6,10,5,10,3,10,1,10,0,10,-2,9,-3,9,-5,9,-6,9,-8,9,-8,8,-9,8,-10,8,-10,7,-10,6,-10,6,-10,5,-3,1,0,0,0,0,0,0,0,0,0,0,0,0,0,0,0,0,0,0,0,0,0,2,-1,2,-2,1,-3,1,-5,1,-6,1,-7,0,-8,0,-9,0,-10,-1,-11,-1,-11,0,-11,0,-10,0,-10,1,-9,2,-8,3,-7,4,-5,6,-4,7,-2,8,0,9,2,10,4,12,5,12,7,13]",giovani,unknown,unknown
CSI_DATA,900798,b2:1f:e7:2b:79:66,-37,11,1,7,0,1,1,0,1,0,1,-97,0,1,0,-105762037,0,83,0,128,1,"[83,-80,4,0,8,15,8,15,8,15,8,14,8,14,7,13,6,12,6,12,4,11,3,10,1,10,0,10,-2,9,-4,9,-5,9,-7,8,-8,8,-9,7,-10,6,-11,6,-11,5,-11,5,-11,4,-11,4,-10,4,-3,0,0,0,0,0,0,0,0,0,0,0,0,0,0,0,0,0,0,0,0,0,0,2,-1,2,-2,1,-4,0,-5,0,-6,-1,-7,-1,-8,-2,-9,-2,-10,-2,-10,-2,-11,-2,-11,-2,-11,-1,-10,0,-10,1,-9,2,-8,3,-7,5,-5,6,-4,8,-2,9,-1,11,1,12,3,13,4,14]",giovani,unknown,unknown
CSI_DATA,900800,b2:1f:e7:2b:79:66,-41,11,1,7,0,1,1,0,1,0,1,-97,0,1,0,-105751655,0,83,0,128,1,"[83,-80,4,0,-26,33,-25,33,-24,33,-23,32,-22,31,-21,29,-20,27,-20,25,-20,21,-20,17,-21,14,-22,10,-22,6,-23,2,-24,-2,-24,-5,-24,-8,-24,-11,-24,-13,-24,-15,-23,-16,-22,-17,-21,-17,-19,-17,-18,-17,-5,-5,0,0,0,0,0,0,0,0,0,0,0,0,0,0,0,0,0,0,-2,0,-6,3,-6,0,-6,-3,-6,-6,-6,-9,-6,-12,-6,-15,-6,-17,-7,-20,-7,-21,-7,-22,-8,-23,-9,-22,-10,-21,-11,-19,-13,-17,-15,-14,-16,-11,-18,-7,-20,-3,-21,1,-23,7,-24,12,-25,16,-26,21,-26,25]",giovani,unknown,unknown
CSI_DATA,900802,b2:1f:e7:2b:79:66,-37,11,1,7,0,1,1,0,1,0,1,-97,0,1,0,-105737681,0,83,0,128,1,"[83,-80,4,0,-17,2,-17,3,-17,4,-16,4,-16,3,-15,3,-14,3,-13,2,-13,1,-12,0,-11,-2,-10,-3,-10,-4,-9,-6,-8,-7,-7,-8,-6,-10,-6,-11,-5,-11,-4,-11,-4,-12,-3,-12,-3,-11,-2,-11,-2,-11,-1,-3,0,0,0,0,0,0,0,0,0,0,0,0,0,0,0,0,0,0,-1,-1,-3,-1,-2,-2,-1,-3,0,-4,0,-5,1,-6,2,-6,3,-7,3,-8,4,-8,4,-9,4,-9,4,-9,3,-10,2,-9,1,-9,0,-9,-2,-8,-4,-8,-5,-7,-7,-6,-9,-5,-11,-4,-13,-2,-14,-1,-15,0]",giovani,unknown,unknown
CSI_DATA,900804,b2:1f:e7:2b:79:66,-37,11,1,7,0,1,1,0,1,0,1,-97,0,1,0,-105731986,0,83,0,128,1,"[83,-80,4,0,-14,-12,-15,-12,-14,-11,-14,-10,-14,-10,-13,-9,-12,-9,-11,-9,-9,-9,-8,-9,-7,-9,-5,-10,-4,-10,-2,-10,0,-11,1,-11,3,-11,4,-11,5,-11,5,-11,6,-11,6,-10,6,-10,6,-9,6,-9,1,-3,0,0,0,0,0,0,0,0,0,0,0,0,0,0,0,0,0,0,-1,-1,-2,-3,0,-3,1,-3,2,-3,3,-2,5,-2,6,-2,7,-2,8,-2,9,-2,9,-2,10,-2,9,-3,9,-3,8,-4,7,-5,6,-6,5,-7,3,-7,1,-8,-1,-9,-3,-10,-5,-11,-7,-11,-8,-12,-10,-12]",giovani,unknown,unknown
CSI_DATA,900806,b2:1f:e7:2b:79:66,-37,11,1,7,0,1,1,0,1,0,1,-97,0,1,0,-105720634,0,83,0,128,1,"[83,-80,4,0,-1,-17,-2,-17,-2,-16,-2,-16,-2,-15,-2,-14,-1,-14,-1,-13,0,-12,1,-11,2,-10,3,-9,4,-8,6,-7,7,-6,8,-5,9,-4,10,-4,10,-3,10,-3,11,-2,10,-1,10,-1,10,-1,9,-1,2,0,0,0,0,0,0,0,0,0,0,0,0,0,0,0,0,0,0,0,0,-1,0,-3,1,-2,2,-1,2,0,3,1,4,2,5,3,5,4,6,4,6,5,7,5,7,5,7,5,7,4,7,3,7,2,7,1,7,-1,7,-2,6,-4,5,-6,5,-8,4,-10,3,-11,2,-13,2,-14]",giovani,unknown,unknown
CSI_DATA,900808,b2:1f:e7:2b:79:66,-37,11,1,7,0,1,1,0,1,0,1,-97,0,1,0,-105709105,0,83,0,128,1,"[83,-80,4,0,-21,-28,-22,-28,-22,-27,-22,-26,-21,-25,-20,-24,-18,-23,-16,-22,-14,-21,-11,-21,-8,-20,-5,-20,-1,-20,2,-20,6,-19,9,-19,11,-19,13,-18,15,-17,16,-17,17,-16,18,-15,17,-13,17,-13,17,-12,4,-3,0,0,0,0,0,0,0,0,0,0,0,0,0,0,0,0,0,0,-1,-2,-1,-7,1,-6,3,-4,5,-3,8,-2,10,-1,13,0,15,0,16,1,18,2,19,2,20,1,19,0,19,-1,18,-2,16,-4,14,-7,12,-9,9,-11,6,-14,3,-16,0,-19,-4,-21,-8,-24,-11,-26,-13,-28]",giovani,unknown,unknown
CSI_DATA,900810,b2:1f:e7:2b:79:66,-37,11,1,7,0,1,1,0,1,0,1,-97,0,1,0,-105701566,0,83,0,128,1,"[83,-80,4,0,13,-12,12,-13,12,-13,11,-13,11,-12,11,-12,10,-11,10,-10,9,-8,9,-7,9,-5,9,-3,9,-2,10,0,10,2,10,4,10,5,9,6,9,7,9,8,8,8,8,8,7,8,6,8,6,8,1,2,0,0,0,0,0,0,0,0,0,0,0,0,0,0,0,0,0,0,0,-1,2,-2,2,-1,2,1,1,2,1,4,1,5,0,6,0,7,0,8,0,9,0,10,1,10,1,10,2,9,3,9,3,8,4,7,5,6,6,4,7,2,8,1,9,-2,10,-4,11,-6,12,-8,12,-9]",giovani,unknown,unknown
CSI_DATA,900812,b2:1f:e7:2b:79:66,-37,11,1,7,0,1,1,0,1,0,1,-97,0,1,0,-105691961,0,83,0,128,1,"[83,-80,4,0,17,4,17,4,17,3,16,3,16,3,15,3,14,3,13,3,11,4,10,4,8,5,7,6,6,7,4,8,3,9,2,10,0,11,-1,11,-2,11,-2,12,-3,11,-3,11,-4,11,-4,10,-4,10,-1,2,0,0,0,0,0,0,0,0,0,0,0,0,0,0,0,0,0,0,0,0,2,1,1,2,-1,2,-2,2,-3,3,-5,4,-6,4,-7,4,-8,5,-8,5,-9,6,-9,6,-9,6,-8,6,-7,7,-6,7,-5,7,-3,8,-1,8,1,8,3,8,6,7,8,7,10,7,12,7,13,6]",giovani,unknown,unknown
CSI_DATA,900814,b2:1f:e7:2b:79:66,-37,11,1,7,0,1,1,0,1,0,1,-97,0,1,0,-105682000,0,83,0,128,1,"[83,-80,4,0,-19,0,-18,0,-18,1,-17,1,-17,1,-16,1,-15,0,-14,0,-13,-1,-12,-2,-11,-3,-10,-5,-9,-6,-8,-8,-7,-9,-6,-10,-5,-11,-4,-12,-3,-12,-3,-12,-2,-13,-2,-13,-1,-12,-1,-12,-1,-11,0,-3,0,0,0,0,0,0,0,0,0,0,0,0,0,0,0,0,0,0,-1,-1,-3,-2,-2,-2,-1,-3,0,-4,1,-5,2,-5,3,-6,4,-7,5,-7,5,-8,6,-8,6,-9,5,-9,4,-9,4,-9,3,-9,1,-9,-1,-9,-3,-8,-5,-8,-6,-7,-8,-6,-11,-5,-12,-4,-14,-4,-15,-3]",giovani,unknown,unknown
CSI_DATA,900816,b2:1f:e7:2b:79:66,-41,11,1,7,0,1,1,0,1,0,1,-97,0,1,0,-105671464,0,83,0,128,1,"[83,-80,4,0,-40,12,-40,13,-39,14,-37,14,-36,13,-34,12,-33,11,-31,9,-29,6,-27,3,-25,0,-24,-4,-22,-8,-21,-12,-19,-15,-17,-18,-15,-21,-14,-23,-12,-25,-11,-26,-10,-26,-9,-26,-7,-26,-6,-25,-5,-24,-2,-6,0,0,0,0,0,0,0,0,0,0,0,0,0,0,0,0,0,0,-2,0,-7,-1,-6,-3,-4,-6,-2,-8,0,-11,2,-13,3,-16,5,-18,6,-20,6,-21,7,-22,6,-23,5,-23,3,-23,1,-22,-1,-21,-4,-20,-8,-18,-11,-16,-15,-14,-19,-11,-23,-7,-27,-4,-31,-1,-34,3,-36,5]",giovani,unknown,unknown
CSI_DATA,900818,b2:1f:e7:2b:79:66,-37,11,1,7,0,1,1,0,1,0,1,-97,0,1,0,-105661977,0,83,0,128,1,"[83,-80,4,0,-2,17,-1,17,-1,17,-1,16,-1,16,-1,15,-1,14,-2,13,-2,12,-3,10,-5,9,-6,8,-7,7,-8,6,-9,5,-10,4,-11,3,-12,2,-12,1,-13,0,-13,-1,-13,-1,-12,-1,-11,-2,-11,-2,-3,-1,0,0,0,0,0,0,0,0,0,0,0,0,0,0,0,0,0,0,-1,0,-2,2,-2,1,-3,0,-4,-1,-5,-3,-5,-4,-6,-5,-6,-5,-7,-6,-7,-7,-8,-7,-8,-7,-9,-7,-9,-6,-9,-5,-9,-4,-9,-3,-9,-1,-8,1,-8,3,-7,5,-7,7,-6,9,-5,11,-5,13,-4,14]",giovani,unknown,unknown
CSI_DATA,900820,b2:1f:e7:2b:79:66,-37,11,1,7,0,1,1,0,1,0,1,-97,0,1,0,-105661609,0,83,0,128,1,"[83,-80,4,0,13,11,13,11,13,11,13,10,12,9,12,9,11,9,10,9,8,9,6,8,5,9,3,9,1,9,0,9,-2,10,-4,10,-5,10,-6,10,-7,10,-8,9,-8,9,-8,8,-9,8,-9,7,-9,7,-2,1,0,0,0,0,0,0,0,0,0,0,0,0,0,0,0,0,0,0,0,0,1,2,0,2,-2,2,-3,2,-4,1,-6,2,-7,2,-8,2,-9,1,-10,1,-10,1,-11,2,-10,2,-10,2,-9,3,-9,4,-7,5,-6,6,-4,7,-2,8,0,8,2,9,4,10,6,11,8,11,9,11]",giovani,unknown,unknown
CSI_DATA,900822,b2:1f:e7:2b:79:66,-37,11,1,7,0,1,1,0,1,0,1,-97,0,1,0,-105647740,0,83,0,128,1,"[83,-80,4,0,-18,-4,-18,-3,-18,-3,-17,-2,-17,-2,-16,-2,-15,-2,-14,-3,-13,-3,-11,-4,-10,-5,-9,-6,-8,-7,-7,-9,-5,-10,-4,-11,-3,-11,-2,-12,-1,-12,0,-13,0,-13,1,-12,1,-12,1,-11,2,-11,0,-3,0,0,0,0,0,0,0,0,0,0,0,0,0,0,0,0,0,0,-1,-1,-3,-2,-2,-3,0,-3,1,-4,2,-4,3,-5,4,-5,5,-6,6,-6,7,-6,7,-7,7,-7,7,-7,6,-8,5,-8,4,-8,3,-9,1,-9,-1,-9,-3,-8,-5,-8,-7,-8,-9,-7,-12,-7,-13,-6,-15,-6]",giovani,unknown,unknown
CSI_DATA,900824,b2:1f:e7:2b:79:66,-38,11,1,7,0,1,1,0,1,0,1,-97,0,1,0,-105633595,0,83,0,128,1,"[83,-80,4,0,-4,-33,-5,-33,-6,-32,-6,-31,-5,-30,-5,-28,-4,-27,-3,-25,-1,-23,1,-21,3,-20,5,-18,8,-16,11,-14,14,-12,16,-10,18,-9,19,-7,20,-6,21,-5,21,-4,21,-3,20,-2,20,-1,19,-1,4,0,0,0,0,0,0,0,0,0,0,0,0,0,0,0,0,0,0,0,0,-2,1,-6,2,-4,4,-2,5,0,7,2,9,3,10,5,12,6,13,8,14,9,15,9,15,9,16,8,16,7,16,5,16,3,15,0,14,-3,13,-6,12,-9,10,-12,9,-16,7,-20,5,-23,2,-27,1,-29]",giovani,unknown,unknown
CSI_DATA,900826,b2:1f:e7:2b:79:66,-37,11,1,7,0,1,1,0,1,0,1,-97,0,1,0,-105628051,0,83,0,128,1,"[83,-80,4,0,15,7,16,7,16,6,15,6,14,6,14,6,13,6,11,6,10,6,9,6,7,7,5,7,4,8,2,9,1,10,-1,10,-2,11,-4,11,-4,11,-5,11,-6,10,-6,10,-6,10,-6,9,-7,9,-2,2,0,0,0,0,0,0,0,0,0,0,0,0,0,0,0,0,0,0,0,0,1,2,0,2,-1,2,-3,2,-4,2,-5,3,-6,3,-7,3,-8,3,-9,3,-10,4,-10,4,-10,4,-9,5,-8,5,-7,6,-6,7,-4,7,-2,7,0,8,2,8,4,8,6,8,9,8,11,8,13,8]",giovani,unknown,unknown
CSI_DATA,900828,b2:1f:e7:2b:79:66,-41,11,1,7,0,1,1,0,1,0,1,-97,0,1,0,-105621751,0,83,0,128,1,"[83,-80,4,0,-42,-13,-42,-12,-41,-11,-40,-10,-38,-9,-36,-9,-34,-10,-31,-11,-28,-12,-25,-13,-21,-15,-18,-17,-14,-19,-11,-22,-7,-24,-3,-25,0,-26,2,-27,5,-28,6,-28,8,-28,9,-27,9,-25,10,-24,10,-23,2,-6,0,0,0,0,0,0,0,0,0,0,0,0,0,0,0,0,0,0,-2,-1,-6,-5,-4,-5,-1,-7,2,-8,5,-9,8,-10,11,-11,13,-12,15,-13,17,-14,18,-15,18,-16,17,-16,15,-17,13,-18,11,-19,7,-19,3,-19,-1,-20,-6,-20,-11,-20,-16,-19,-21,-18,-26,-18,-31,-17,-35,-16]",giovani,unknown,unknown
CSI_DATA,900830,b2:1f:e7:2b:79:66,-37,11,1,7,0,1,1,0,1,0,1,-97,0,1,0,-105612053,0,83,0,128,1,"[83,-80,4,0,-5,-16,-5,-16,-6,-16,-6,-15,-6,-14,-5,-14,-4,-13,-4,-12,-3,-12,-2,-11,0,-10,1,-10,2,-9,4,-8,6,-8,7,-7,8,-6,9,-6,9,-5,10,-5,10,-4,10,-4,10,-3,9,-3,9,-3,2,-1,0,0,0,0,0,0,0,0,0,0,0,0,0,0,0,0,0,0,0,-1,0,-3,1,-2,1,-2,2,-1,3,0,4,1,5,1,6,2,7,2,7,3,8,3,8,3,8,2,8,2,8,1,8,0,7,-1,6,-3,6,-4,5,-6,4,-7,3,-9,1,-11,0,-12,-1,-14,-3,-14]",giovani,unknown,unknown
CSI_DATA,900832,b2:1f:e7:2b:79:66,-37,11,1,7,0,1,1,0,1,0,1,-97,0,1,0,-105601971,0,83,0,128,1,"[83,-80,4,0,5,17,6,16,6,16,6,15,6,15,5,14,5,13,4,12,3,12,1,11,0,10,-2,10,-3,9,-5,9,-6,8,-8,7,-9,7,-10,6,-11,6,-12,5,-12,4,-12,4,-11,3,-11,3,-11,3,-3,0,0,0,0,0,0,0,0,0,0,0,0,0,0,0,0,0,0,0,0,0,-1,2,-1,2,-3,1,-4,0,-5,-1,-6,-1,-7,-2,-8,-3,-9,-3,-9,-3,-10,-3,-10,-3,-10,-3,-10,-2,-10,-1,-10,0,-9,1,-8,3,-7,4,-6,6,-5,8,-3,9,-2,11,0,13,1,14,2,15]",giovani,unknown,unknown
CSI_DATA,900834,b2:1f:e7:2b:79:66,-37,11,1,7,0,1,1,0,1,0,1,-97,0,1,0,-105592055,0,83,0,128,1,"[83,-80,4,0,-19,2,-18,2,-18,3,-17,3,-17,2,-16,2,-15,2,-14,1,-13,0,-12,-1,-11,-2,-10,-4,-9,-5,-8,-7,-7,-8,-6,-9,-6,-11,-5,-11,-4,-12,-3,-12,-3,-13,-2,-13,-2,-12,-1,-12,-1,-11,-1,-3,0,0,0,0,0,0,0,0,0,0,0,0,0,0,0,0,0,0,-1,-1,-3,-1,-2,-2,-1,-3,0,-4,1,-5,2,-6,2,-6,3,-7,4,-8,4,-9,5,-9,5,-9,4,-10,3,-9,2,-9,1,-9,0,-9,-2,-9,-4,-8,-5,-7,-7,-6,-9,-5,-11,-4,-13,-3,-15,-2,-16,-1]",giovani,unknown,unknown
CSI_DATA,900836,b2:1f:e7:2b:79:66,-37,11,1,7,0,1,1,0,1,0,1,-97,0,1,0,-105580360,0,83,0,128,1,"[83,-80,4,0,-18,4,-18,4,-18,4,-17,4,-16,4,-15,4,-15,3,-14,2,-13,1,-12,0,-11,-1,-11,-3,-10,-4,-9,-6,-8,-7,-7,-9,-7,-10,-6,-11,-5,-12,-5,-12,-4,-12,-4,-12,-3,-12,-3,-12,-2,-11,-1,-3,0,0,0,0,0,0,0,0,0,0,0,0,0,0,0,0,0,0,-1,-1,-3,-1,-2,-2,-2,-3,-1,-4,0,-5,1,-6,2,-7,3,-7,3,-8,4,-9,4,-9,4,-10,3,-10,3,-10,2,-10,0,-9,-1,-9,-2,-8,-4,-8,-6,-7,-8,-6,-9,-4,-11,-3,-13,-2,-15,-1,-16,0]",giovani,unknown,unknown
CSI_DATA,900838,b2:1f:e7:2b:79:66,-37,11,1,7,0,1,1,0,1,0,1,-97,0,1,0,-105571567,0,83,0,128,1,"[83,-80,4,0,17,-2,17,-3,17,-3,16,-3,15,-3,15,-3,14,-2,13,-1,12,-1,11,0,10,2,9,3,8,5,7,6,6,7,5,9,4,9,3,10,2,11,2,11,1,12,1,11,0,11,0,10,0,10,0,2,0,0,0,0,0,0,0,0,0,0,0,0,0,0,0,0,0,0,0,0,2,0,1,1,0,2,-1,3,-2,4,-3,5,-4,5,-4,6,-5,7,-5,7,-6,8,-6,8,-5,8,-4,8,-3,8,-2,8,-1,8,0,7,2,7,4,6,6,6,8,4,10,3,12,3,14,2,15,1]",giovani,unknown,unknown
CSI_DATA,900840,b2:1f:e7:2b:79:66,-41,11,1,7,0,1,1,0,1,0,1,-97,0,1,0,-105556009,0,83,0,128,1,"[83,-80,4,0,33,22,34,21,33,20,32,19,31,18,29,18,27,17,24,17,21,17,17,18,14,18,10,19,6,20,2,21,-1,22,-5,22,-8,23,-11,23,-13,22,-15,22,-16,21,-17,20,-17,19,-17,17,-17,16,-5,4,0,0,0,0,0,0,0,0,0,0,0,0,0,0,0,0,0,0,1,1,3,4,1,4,-2,5,-5,5,-8,5,-11,6,-14,6,-16,6,-18,7,-20,7,-21,7,-21,8,-21,9,-20,10,-18,11,-16,13,-13,14,-9,16,-5,17,-1,19,4,20,8,21,13,22,18,23,23,23,26,24]",giovani,unknown,unknown
CSI_DATA,900842,b2:1f:e7:2b:79:66,-41,11,1,7,0,1,1,0,1,0,1,-97,0,1,0,-105550656,0,83,0,128,1,"[83,-80,4,0,-36,26,-35,27,-34,28,-33,27,-32,26,-30,24,-29,22,-27,19,-26,16,-26,12,-25,8,-25,4,-25,0,-24,-5,-24,-9,-23,-13,-22,-16,-22,-19,-21,-21,-20,-23,-19,-24,-17,-24,-16,-24,-14,-24,-13,-23,-4,-6,0,0,0,0,0,0,0,0,0,0,0,0,0,0,0,0,0,0,-2,0,-7,1,-6,-1,-6,-4,-5,-7,-4,-11,-3,-14,-2,-17,-1,-19,-1,-22,-1,-24,-1,-25,-2,-25,-3,-25,-5,-24,-7,-23,-9,-21,-11,-18,-14,-15,-17,-12,-20,-8,-23,-4,-26,1,-28,6,-31,10,-33,15,-34,19]",giovani,unknown,unknown
CSI_DATA,900844,b2:1f:e7:2b:79:66,-37,11,1,7,0,1,1,0,1,0,1,-97,0,1,0,-105536978,0,83,0,128,1,"[83,-80,4,0,-17,1,-18,1,-17,2,-16,2,-16,2,-15,1,-14,1,-13,0,-12,0,-11,-2,-10,-3,-9,-4,-9,-5,-8,-7,-7,-8,-6,-9,-5,-10,-4,-11,-3,-11,-3,-12,-2,-12,-2,-12,-2,-11,-1,-11,-1,-11,-1,-3,0,0,0,0,0,0,0,0,0,0,0,0,0,0,0,0,0,0,-1,-1,-3,-1,-3,-2,-2,-3,-1,-3,0,-4,1,-5,2,-6,3,-7,3,-7,4,-8,4,-8,4,-9,4,-9,3,-9,2,-9,1,-9,0,-9,-2,-8,-4,-8,-5,-7,-7,-6,-9,-5,-11,-4,-12,-3,-14,-3,-15,-2]",giovani,unknown,unknown
CSI_DATA,900846,b2:1f:e7:2b:79:66,-37,11,1,7,0,1,1,0,1,0,1,-97,0,1,0,-105530418,0,83,0,128,1,"[83,-80,4,0,15,-10,14,-11,14,-11,13,-10,13,-10,12,-9,12,-9,11,-7,10,-6,10,-5,10,-3,9,-2,9,0,9,2,9,4,8,5,8,6,8,8,7,8,7,9,7,9,6,9,5,9,5,9,4,9,1,2,0,0,0,0,0,0,0,0,0,0,0,0,0,0,0,0,0,0,0,-1,2,0,2,0,1,1,0,3,0,4,-1,5,-2,6,-2,7,-3,8,-3,9,-3,9,-3,10,-2,10,-1,9,0,9,1,8,2,7,3,6,5,5,6,4,8,2,9,0,10,-1,12,-3,13,-5,14,-6]",giovani,unknown,unknown
CSI_DATA,900848,b2:1f:e7:2b:79:66,-40,11,1,7,0,1,1,0,1,0,1,-97,0,1,0,-105521564,0,83,0,128,1,"[83,-80,4,0,21,37,22,36,22,35,22,34,21,32,19,31,18,30,15,28,12,27,8,26,4,25,0,24,-4,22,-8,22,-12,21,-16,19,-19,18,-21,17,-24,15,-25,14,-26,13,-26,12,-26,10,-25,9,-25,8,-6,1,0,0,0,0,0,0,0,0,0,0,0,0,0,0,0,0,0,0,0,1,1,6,-1,5,-5,4,-8,3,-11,2,-13,1,-16,0,-19,-1,-21,-1,-23,-2,-24,-2,-24,-1,-24,0,-23,1,-22,3,-21,6,-19,9,-16,11,-12,14,-9,17,-5,21,-1,24,3,28,7,30,12,33,15,35]",giovani,unknown,unknown
CSI_DATA,900850,b2:1f:e7:2b:79:66,-37,11,1,7,0,1,1,0,1,0,1,-97,0,1,0,-105511737,0,83,0,128,1,"[83,-80,4,0,15,-6,15,-7,14,-7,14,-7,13,-6,13,-6,12,-6,11,-5,10,-4,10,-2,9,-1,9,1,8,2,8,4,8,5,7,6,6,7,6,8,5,9,5,10,4,10,4,10,3,10,3,9,2,9,0,2,0,0,0,0,0,0,0,0,0,0,0,0,0,0,0,0,0,0,0,0,2,0,2,1,1,1,0,2,-1,3,-1,4,-2,5,-3,6,-3,7,-3,7,-3,8,-3,8,-3,8,-2,8,-1,8,0,7,1,7,2,6,4,5,5,4,7,3,8,2,10,0,11,-1,13,-2,14,-3]",giovani,unknown,unknown
CSI_DATA,900852,b2:1f:e7:2b:79:66,-37,11,1,7,0,1,1,0,1,0,1,-97,0,1,0,-105501164,0,83,0,128,1,"[83,-80,4,0,0,18,0,18,1,17,1,17,1,16,1,15,0,14,0,13,-1,12,-2,11,-4,10,-5,9,-6,8,-8,7,-9,6,-10,4,-11,3,-12,2,-12,2,-13,1,-13,0,-13,0,-12,-1,-12,-1,-11,-1,-3,-1,0,0,0,0,0,0,0,0,0,0,0,0,0,0,0,0,0,0,-1,0,-1,2,-2,1,-3,0,-4,-1,-5,-2,-5,-3,-6,-4,-7,-5,-7,-6,-8,-6,-9,-6,-9,-6,-9,-6,-9,-5,-9,-4,-9,-3,-9,-1,-9,0,-8,2,-8,4,-7,6,-6,8,-5,10,-4,12,-3,14,-2,15]",giovani,unknown,unknown
CSI_DATA,900854,b2:1f:e7:2b:79:66,-41,11,1,7,0,1,1,0,1,0,1,-97,0,1,0,-105491231,0,83,0,128,1,"[83,-80,4,0,41,8,41,7,41,6,39,5,38,5,36,5,33,6,31,7,27,8,24,10,21,12,18,14,14,17,11,19,8,22,4,23,1,25,-1,26,-4,27,-5,27,-7,27,-8,26,-9,25,-9,23,-10,22,-3,5,0,0,0,0,0,0,0,0,0,0,0,0,0,0,0,0,0,0,1,0,5,3,3,4,0,5,-3,6,-5,8,-8,10,-11,11,-13,13,-15,14,-16,14,-17,15,-17,16,-16,17,-14,17,-12,18,-10,18,-6,19,-2,18,2,18,7,18,12,18,17,17,22,16,27,15,32,13,35,12]",giovani,unknown,unknown
CSI_DATA,900856,b2:1f:e7:2b:79:66,-37,11,1,7,0,1,1,0,1,0,1,-97,0,1,0,-105477272,0,83,0,128,1,"[83,-80,4,0,-11,-15,-12,-15,-12,-14,-11,-14,-11,-13,-10,-13,-9,-12,-8,-12,-7,-11,-6,-11,-4,-11,-3,-11,-1,-11,1,-11,3,-11,4,-10,6,-10,7,-10,7,-10,8,-9,8,-9,9,-8,9,-8,8,-7,8,-7,2,-2,0,0,0,0,0,0,0,0,0,0,0,0,0,0,0,0,0,0,-1,-1,-1,-3,0,-3,1,-2,2,-2,4,-1,5,-1,6,0,7,0,8,0,9,0,9,0,9,0,9,0,9,-1,9,-2,8,-3,7,-4,6,-5,5,-7,3,-8,1,-9,0,-10,-2,-11,-4,-13,-6,-14,-7,-15]",giovani,unknown,unknown
CSI_DATA,900858,b2:1f:e7:2b:79:66,-37,11,1,7,0,1,1,0,1,0,1,-97,0,1,0,-105471543,0,83,0,128,1,"[83,-80,4,0,-11,14,-10,14,-10,14,-9,14,-9,13,-9,12,-8,12,-8,11,-8,9,-8,7,-9,6,-9,4,-10,3,-10,1,-11,0,-11,-2,-11,-3,-11,-4,-11,-5,-11,-6,-11,-6,-11,-7,-10,-7,-10,-7,-9,-7,-3,-2,0,0,0,0,0,0,0,0,0,0,0,0,0,0,0,0,0,0,-1,0,-3,1,-3,0,-3,-2,-3,-3,-3,-5,-3,-6,-2,-7,-2,-8,-3,-9,-3,-9,-3,-10,-3,-10,-4,-10,-4,-10,-5,-9,-6,-8,-6,-7,-7,-5,-8,-4,-8,-2,-9,0,-10,3,-10,5,-11,7,-11,9,-11,10]",giovani,unknown,unknown
CSI_DATA,900860,b2:1f:e7:2b:79:66,-37,11,1,7,0,1,1,0,1,0,1,-97,0,1,0,-105461933,0,83,0,128,1,"[83,-80,4,0,-4,33,-3,34,-2,33,-2,32,-1,30,-2,29,-2,27,-3,25,-4,23,-6,20,-8,18,-11,16,-13,13,-15,11,-17,8,-19,6,-21,4,-22,2,-23,1,-23,-1,-23,-2,-23,-2,-22,-3,-21,-4,-20,-4,-5,-1,0,0,0,0,0,0,0,0,0,0,0,0,0,0,0,0,0,0,-1,1,-3,4,-4,2,-6,0,-7,-2,-8,-5,-8,-7,-9,-9,-10,-11,-11,-12,-12,-14,-13,-14,-14,-14,-14,-14,-15,-12,-15,-10,-16,-8,-16,-5,-16,-2,-15,1,-15,5,-14,9,-13,13,-12,18,-11,21,-9,25,-8,28]",giovani,unknown,unknown
CSI_DATA,900862,b2:1f:e7:2b:79:66,-38,11,1,7,0,1,1,0,1,0,1,-97,0,1,0,-105451333,0,83,0,128,1,"[83,-80,4,0,-34,19,-33,20,-32,20,-31,20,-30,19,-28,18,-27,16,-26,14,-24,11,-23,7,-23,4,-22,0,-21,-3,-20,-7,-20,-10,-18,-13,-17,-16,-16,-19,-16,-21,-15,-22,-14,-23,-13,-23,-11,-23,-10,-22,-9,-22,-3,-6,0,0,0,0,0,0,0,0,0,0,0,0,0,0,0,0,0,0,-2,0,-7,1,-6,-2,-5,-4,-3,-7,-2,-10,-1,-12,1,-14,2,-17,2,-19,2,-20,3,-21,2,-22,1,-22,0,-21,-2,-20,-4,-19,-7,-17,-9,-15,-12,-12,-15,-10,-19,-6,-22,-3,-25,2,-27,5,-29,9,-31,12]",giovani,unknown,unknown
CSI_DATA,900864,b2:1f:e7:2b:79:66,-37,11,1,7,0,1,1,0,1,0,1,-97,0,1,0,-105429054,0,83,0,128,1,"[83,-80,4,0,-18,-2,-18,-1,-18,-1,-17,-1,-16,0,-15,0,-14,-1,-13,-1,-12,-2,-11,-3,-10,-4,-9,-5,-8,-6,-7,-8,-6,-9,-5,-10,-4,-11,-3,-11,-2,-12,-1,-12,-1,-12,-1,-12,0,-12,0,-11,0,-11,0,-3,0,0,0,0,0,0,0,0,0,0,0,0,0,0,0,0,0,0,-1,-1,-3,-2,-2,-2,-1,-3,0,-3,2,-4,3,-5,4,-5,5,-6,5,-6,6,-7,6,-7,6,-8,6,-8,5,-8,5,-8,3,-8,2,-8,0,-8,-2,-8,-4,-8,-6,-7,-8,-7,-10,-6,-12,-6,-13,-5,-15,-5]",giovani,unknown,unknown
CSI_DATA,900866,b2:1f:e7:2b:79:66,-41,11,1,7,0,1,1,0,1,0,1,-97,0,1,0,-105423278,0,83,0,128,1,"[83,-80,4,0,-40,13,-40,14,-38,15,-37,14,-35,14,-34,13,-32,12,-30,9,-28,7,-26,3,-25,0,-24,-4,-22,-7,-21,-11,-19,-15,-17,-18,-16,-20,-14,-23,-13,-24,-12,-26,-11,-26,-9,-26,-8,-25,-7,-25,-6,-24,-2,-6,0,0,0,0,0,0,0,0,0,0,0,0,0,0,0,0,0,0,-2,0,-7,0,-6,-2,-4,-5,-3,-8,-1,-10,1,-13,3,-15,4,-17,5,-19,5,-21,5,-22,5,-22,4,-23,2,-22,0,-22,-2,-21,-5,-19,-9,-17,-13,-15,-16,-13,-20,-10,-24,-7,-27,-3,-31,0,-34,3,-36,6]",giovani,unknown,unknown
CSI_DATA,900868,b2:1f:e7:2b:79:66,-41,11,1,7,0,1,1,0,1,0,1,-97,0,1,0,-105417088,0,83,0,128,1,"[83,-80,4,0,-5,42,-4,42,-3,41,-3,39,-3,38,-3,36,-4,34,-5,31,-6,28,-8,25,-11,22,-14,19,-17,16,-19,13,-22,9,-24,7,-25,4,-27,1,-28,-1,-28,-3,-28,-4,-28,-5,-26,-6,-25,-7,-24,-8,-6,-2,0,0,0,0,0,0,0,0,0,0,0,0,0,0,0,0,0,0,-1,1,-2,6,-4,4,-6,1,-8,-2,-10,-4,-12,-6,-13,-8,-14,-11,-16,-12,-18,-14,-19,-14,-19,-14,-20,-13,-20,-12,-20,-9,-21,-7,-21,-3,-20,1,-19,5,-18,9,-17,14,-16,19,-14,24,-13,28,-11,33,-9,36]",giovani,unknown,unknown
CSI_DATA,900870,b2:1f:e7:2b:79:66,-41,11,1,7,0,1,1,0,1,0,1,-97,0,1,0,-105411163,0,83,0,128,1,"[83,-80,4,0,42,-1,42,-2,41,-2,40,-3,38,-2,36,-2,34,-1,31,0,28,2,26,5,23,8,20,10,17,13,14,17,12,20,9,22,6,24,4,26,2,27,0,27,-2,27,-3,27,-4,26,-5,25,-5,24,-2,6,0,0,0,0,0,0,0,0,0,0,0,0,0,0,0,0,0,0,1,0,6,1,4,3,2,5,-1,7,-3,9,-6,11,-8,13,-10,15,-11,16,-12,18,-13,19,-13,19,-12,20,-10,20,-8,20,-5,20,-2,19,2,18,6,18,11,17,16,15,20,13,25,11,29,9,34,7,37,5]",giovani,unknown,unknown
CSI_DATA,900872,b2:1f:e7:2b:79:66,-37,11,1,7,0,1,1,0,1,0,1,-97,0,1,0,-105401913,0,83,0,128,1,"[83,-80,4,0,-12,-12,-12,-11,-12,-11,-12,-10,-12,-10,-11,-9,-10,-9,-9,-9,-8,-9,-6,-9,-5,-9,-3,-9,-2,-9,0,-9,1,-10,3,-9,4,-9,5,-9,6,-9,6,-9,7,-8,7,-8,7,-7,7,-7,7,-7,1,-2,0,0,0,0,0,0,0,0,0,0,0,0,0,0,0,0,0,0,-1,-1,-2,-3,-1,-3,0,-3,2,-3,3,-2,4,-2,5,-2,6,-2,7,-2,8,-2,8,-2,8,-2,8,-3,8,-3,7,-4,7,-5,6,-6,4,-6,3,-7,1,-8,-1,-9,-2,-9,-4,-10,-6,-11,-8,-11,-9,-12]",giovani,unknown,unknown
CSI_DATA,900874,b2:1f:e7:2b:79:66,-37,11,1,7,0,1,1,0,1,0,1,-97,0,1,0,-105391313,0,83,0,128,1,"[83,-80,4,0,-7,-17,-7,-17,-7,-17,-7,-16,-7,-15,-6,-15,-6,-14,-5,-13,-4,-12,-3,-12,-1,-11,0,-11,2,-10,4,-10,5,-9,7,-8,8,-8,9,-7,10,-7,10,-6,11,-6,10,-5,10,-5,10,-4,10,-4,2,-1,0,0,0,0,0,0,0,0,0,0,0,0,0,0,0,0,0,0,-1,-1,-1,-3,0,-3,2,-2,3,-1,4,0,5,0,6,1,6,2,7,2,8,2,9,3,9,2,9,2,9,1,9,0,8,-1,8,-2,7,-4,6,-5,5,-7,4,-8,2,-10,1,-12,-1,-13,-2,-15,-3,-16]",giovani,unknown,unknown
CSI_DATA,900876,b2:1f:e7:2b:79:66,-37,11,1,7,0,1,1,0,1,0,1,-97,0,1,0,-105381890,0,83,0,128,1,"[83,-80,4,0,-16,9,-15,10,-15,10,-14,9,-14,9,-13,8,-12,7,-12,6,-11,5,-11,4,-11,2,-11,0,-10,-1,-10,-3,-10,-5,-10,-6,-9,-8,-8,-9,-8,-10,-8,-10,-7,-11,-7,-11,-6,-11,-5,-10,-5,-10,-2,-3,0,0,0,0,0,0,0,0,0,0,0,0,0,0,0,0,0,0,-1,0,-3,0,-3,-1,-3,-2,-2,-3,-2,-5,-1,-6,-1,-7,0,-8,0,-9,0,-10,0,-10,0,-10,0,-10,-1,-10,-2,-10,-3,-9,-4,-8,-5,-7,-6,-6,-8,-4,-9,-3,-10,-1,-12,1,-13,3,-14,5,-14,6]",giovani,unknown,unknown
CSI_DATA,900878,b2:1f:e7:2b:79:66,-37,11,1,7,0,1,1,0,1,0,1,-97,0,1,0,-105371595,0,83,0,128,1,"[83,-80,4,0,14,9,15,9,15,8,14,8,13,8,13,7,12,7,11,7,9,7,8,7,6,7,4,8,3,9,1,9,0,10,-2,10,-3,10,-5,10,-6,10,-6,10,-7,10,-7,9,-7,9,-7,8,-7,8,-2,2,0,0,0,0,0,0,0,0,0,0,0,0,0,0,0,0,0,0,0,0,1,2,0,2,-1,2,-3,2,-4,2,-5,2,-7,2,-8,2,-8,2,-9,3,-10,3,-10,3,-10,4,-9,4,-9,5,-8,5,-6,6,-4,6,-3,7,-1,8,1,8,3,9,5,9,8,9,9,10,11,10]",giovani,unknown,unknown
CSI_DATA,900880,b2:1f:e7:2b:79:66,-37,11,1,7,0,1,1,0,1,0,1,-97,0,1,0,-105361804,0,83,0,128,1,"[83,-80,4,0,-19,-2,-19,-1,-18,-1,-17,0,-17,0,-16,0,-15,-1,-14,-1,-13,-2,-11,-3,-10,-4,-9,-5,-8,-7,-7,-8,-6,-9,-5,-10,-4,-11,-3,-12,-2,-12,-1,-12,-1,-13,0,-12,0,-12,0,-12,1,-11,0,-3,0,0,0,0,0,0,0,0,0,0,0,0,0,0,0,0,0,0,-1,-1,-3,-2,-2,-2,-1,-3,0,-4,1,-4,3,-5,4,-6,5,-6,5,-7,6,-7,6,-8,6,-8,6,-8,5,-8,4,-9,3,-9,2,-9,0,-9,-2,-8,-4,-8,-6,-8,-8,-7,-10,-6,-12,-5,-14,-5,-15,-5]",giovani,unknown,unknown
CSI_DATA,900882,b2:1f:e7:2b:79:66,-37,11,1,7,0,1,1,0,1,0,1,-97,0,1,0,-105351799,0,83,0,128,1,"[83,-80,4,0,15,8,15,7,15,7,15,6,14,6,13,6,12,6,11,6,10,6,8,6,7,7,5,8,3,8,2,9,0,10,-1,10,-3,10,-4,10,-5,10,-5,10,-6,10,-6,10,-7,9,-7,8,-7,8,-2,2,0,0,0,0,0,0,0,0,0,0,0,0,0,0,0,0,0,0,0,0,1,2,0,2,-1,2,-2,2,-4,2,-5,3,-6,3,-7,3,-8,3,-8,4,-9,4,-9,4,-9,4,-8,5,-8,5,-7,6,-5,6,-4,7,-2,7,0,8,2,8,4,8,6,9,8,9,11,9,12,8]",giovani,unknown,unknown
CSI_DATA,900884,b2:1f:e7:2b:79:66,-37,11,1,7,0,1,1,0,1,0,1,-97,0,1,0,-105341847,0,83,0,128,1,"[83,-80,4,0,-14,-13,-14,-12,-14,-12,-13,-11,-13,-11,-12,-10,-11,-10,-10,-10,-9,-10,-8,-10,-6,-10,-4,-10,-3,-10,-1,-10,1,-11,2,-11,4,-11,5,-11,5,-11,6,-10,7,-10,7,-10,7,-9,7,-9,7,-8,1,-2,0,0,0,0,0,0,0,0,0,0,0,0,0,0,0,0,0,0,-1,-1,-1,-3,-1,-3,1,-3,2,-2,3,-2,5,-2,6,-2,7,-1,8,-1,8,-1,9,-1,9,-2,9,-2,9,-3,8,-4,8,-5,6,-6,5,-7,3,-8,2,-8,0,-9,-2,-10,-4,-11,-6,-12,-8,-13,-9,-13]",giovani,unknown,unknown
CSI_DATA,900886,b2:1f:e7:2b:79:66,-37,11,1,7,0,1,1,0,1,0,1,-97,0,1,0,-105325667,0,83,0,128,1,"[83,-80,4,0,17,-3,17,-3,16,-4,16,-4,15,-4,14,-4,13,-3,12,-2,11,-1,10,0,9,1,8,3,7,4,6,6,6,7,5,9,3,10,2,10,2,11,1,11,1,11,0,11,0,11,-1,10,-1,10,-1,2,0,0,0,0,0,0,0,0,0,0,0,0,0,0,0,0,0,0,0,0,2,0,1,1,0,1,0,2,-1,4,-2,5,-3,6,-4,6,-4,7,-5,8,-5,8,-5,8,-5,8,-4,8,-3,8,-2,8,-1,8,1,7,3,6,4,6,6,5,8,4,10,3,12,2,14,1,15,-1]",giovani,unknown,unknown
CSI_DATA,900888,b2:1f:e7:2b:79:66,-37,11,1,7,0,1,1,0,1,0,1,-97,0,1,0,-105320764,0,83,0,128,1,"[83,-80,4,0,-4,-18,-4,-18,-4,-18,-4,-17,-4,-16,-4,-15,-3,-15,-3,-14,-2,-13,-1,-12,0,-11,2,-10,3,-9,5,-9,7,-8,8,-7,9,-6,10,-5,11,-5,11,-4,11,-4,11,-3,11,-3,10,-3,10,-2,2,-1,0,0,0,0,0,0,0,0,0,0,0,0,0,0,0,0,0,0,0,-1,0,-3,1,-3,2,-2,3,0,4,1,4,2,5,2,6,3,7,4,7,4,8,4,8,4,8,4,8,3,8,2,8,1,8,-1,8,-2,7,-4,6,-5,5,-7,4,-9,3,-11,2,-13,1,-15,0,-16]",giovani,unknown,unknown
CSI_DATA,900890,b2:1f:e7:2b:79:66,-37,11,1,7,0,1,1,0,1,0,1,-97,0,1,0,-105311910,0,83,0,128,1,"[83,-80,4,0,0,-19,0,-19,0,-19,-1,-18,0,-17,0,-16,0,-15,0,-14,1,-13,2,-12,3,-11,4,-9,6,-8,7,-7,8,-6,10,-5,10,-3,11,-3,11,-2,12,-1,12,0,12,0,11,1,11,1,10,1,2,0,0,0,0,0,0,0,0,0,0,0,0,0,0,0,0,0,0,0,0,-1,1,-3,1,-2,2,-1,3,0,3,1,4,2,5,3,5,4,6,5,6,6,7,6,7,6,7,6,8,5,8,4,8,3,8,1,8,0,7,-2,7,-4,6,-6,6,-8,5,-11,4,-12,4,-14,3,-16]",giovani,unknown,unknown
CSI_DATA,900892,b2:1f:e7:2b:79:66,-37,11,1,7,0,1,1,0,1,0,1,-97,0,1,0,-105301562,0,83,0,128,1,"[83,-80,4,0,-1,17,0,17,0,17,1,17,1,16,0,15,0,14,-1,13,-1,12,-2,11,-4,10,-5,8,-7,7,-8,6,-9,5,-10,4,-11,3,-11,2,-12,1,-13,1,-13,0,-13,0,-12,-1,-12,-1,-11,-1,-3,-1,0,0,0,0,0,0,0,0,0,0,0,0,0,0,0,0,0,0,-1,0,-1,2,-2,1,-3,0,-4,-1,-5,-2,-5,-3,-6,-4,-7,-5,-7,-6,-8,-6,-8,-6,-9,-6,-9,-6,-9,-6,-9,-4,-9,-3,-9,-2,-9,0,-8,1,-8,4,-7,6,-6,8,-6,10,-5,12,-4,14,-3,15]",giovani,unknown,unknown
CSI_DATA,900894,b2:1f:e7:2b:79:66,-37,11,1,7,0,1,1,0,1,0,1,-97,0,1,0,-105291809,0,83,0,128,1,"[83,-80,4,0,1,17,2,17,2,17,3,16,3,16,2,15,2,14,1,13,0,12,-1,11,-2,10,-4,9,-5,8,-7,7,-8,6,-9,6,-10,5,-11,4,-12,3,-12,3,-13,2,-12,2,-12,1,-12,1,-12,0,-3,0,0,0,0,0,0,0,0,0,0,0,0,0,0,0,0,0,0,0,-1,0,-1,2,-2,2,-3,0,-4,-1,-5,-2,-6,-3,-6,-4,-7,-4,-8,-5,-8,-6,-9,-6,-9,-6,-10,-5,-10,-5,-10,-4,-10,-2,-9,-1,-9,1,-8,2,-7,4,-6,6,-5,8,-4,10,-3,12,-2,14,-1,15]",giovani,unknown,unknown
CSI_DATA,900896,b2:1f:e7:2b:79:66,-37,11,1,7,0,1,1,0,1,0,1,-97,0,1,0,-105282061,0,83,0,128,1,"[83,-80,4,0,-18,3,-18,4,-18,4,-17,4,-16,4,-16,3,-15,3,-14,2,-13,1,-12,0,-11,-2,-11,-3,-10,-5,-9,-6,-8,-8,-7,-9,-6,-10,-5,-11,-5,-12,-4,-12,-3,-12,-3,-12,-2,-12,-2,-12,-2,-12,-1,-3,0,0,0,0,0,0,0,0,0,0,0,0,0,0,0,0,0,0,-1,0,-3,-1,-3,-2,-2,-3,-1,-4,0,-5,1,-6,2,-7,2,-7,3,-8,3,-9,3,-9,3,-10,3,-10,2,-10,1,-10,0,-10,-1,-9,-3,-8,-5,-8,-6,-7,-8,-6,-10,-4,-12,-3,-13,-2,-15,-1,-16,0]",giovani,unknown,unknown
CSI_DATA,900898,b2:1f:e7:2b:79:66,-37,11,1,7,0,1,1,0,1,0,1,-97,0,1,0,-105271983,0,83,0,128,1,"[83,-80,4,0,15,8,15,8,15,7,15,7,14,6,13,6,12,6,11,6,10,6,8,6,7,7,5,8,4,8,2,9,1,10,-1,10,-2,10,-3,10,-4,11,-5,11,-6,10,-6,10,-6,10,-6,9,-6,8,-2,2,0,0,0,0,0,0,0,0,0,0,0,0,0,0,0,0,0,0,0,0,1,2,0,2,-1,2,-3,2,-4,2,-5,2,-7,2,-8,2,-8,3,-9,3,-10,3,-10,4,-10,4,-9,4,-8,5,-7,6,-6,6,-4,7,-2,7,0,8,2,8,4,8,6,9,8,9,10,9,12,9]",giovani,unknown,unknown
CSI_DATA,900900,b2:1f:e7:2b:79:66,-37,11,1,7,0,1,1,0,1,0,1,-97,0,1,0,-105261977,0,83,0,128,1,"[83,-80,4,0,-5,-18,-6,-18,-6,-17,-6,-17,-6,-16,-5,-15,-5,-14,-4,-14,-3,-13,-2,-12,0,-11,2,-11,3,-10,5,-9,6,-8,8,-7,9,-7,10,-6,10,-5,11,-5,11,-4,11,-4,11,-3,10,-3,10,-2,2,-1,0,0,0,0,0,0,0,0,0,0,0,0,0,0,0,0,0,0,-1,-1,0,-3,1,-3,2,-2,3,-1,4,0,5,1,6,2,6,2,7,3,8,3,8,3,9,3,9,3,9,2,9,1,9,0,8,-1,7,-3,6,-4,5,-6,4,-8,3,-10,2,-11,1,-13,-1,-15,-2,-17]",giovani,unknown,unknown
CSI_DATA,900902,b2:1f:e7:2b:79:66,-37,11,1,7,0,1,1,0,1,0,1,-97,0,1,0,-105251576,0,83,0,128,1,"[83,-80,4,0,17,-1,17,-2,17,-2,16,-2,16,-2,15,-2,14,-1,13,-1,12,0,10,1,9,2,8,4,7,5,6,6,5,8,4,9,3,10,2,11,1,11,1,11,0,11,0,11,-1,11,-1,11,-2,10,-1,2,0,0,0,0,0,0,0,0,0,0,0,0,0,0,0,0,0,0,0,0,2,0,1,1,0,2,-1,3,-1,3,-2,4,-3,5,-4,6,-5,7,-5,7,-6,8,-5,8,-5,8,-4,8,-3,8,-2,8,-1,8,1,8,2,7,4,6,6,6,8,5,10,4,12,3,14,2,15,1]",giovani,unknown,unknown
CSI_DATA,900904,b2:1f:e7:2b:79:66,-37,11,1,7,0,1,1,0,1,0,1,-97,0,1,0,-105241222,0,83,0,128,1,"[83,-80,4,0,10,14,10,14,10,13,10,13,10,12,9,12,8,11,7,10,6,10,4,10,2,9,1,9,-1,9,-3,9,-4,9,-6,9,-7,8,-8,7,-9,7,-10,7,-11,6,-11,6,-11,5,-10,5,-10,4,-3,1,0,0,0,0,0,0,0,0,0,0,0,0,0,0,0,0,0,0,0,0,1,2,0,2,-2,1,-3,1,-5,1,-6,1,-7,0,-8,0,-9,0,-10,0,-10,0,-10,0,-10,1,-10,1,-10,2,-9,3,-8,4,-7,5,-5,6,-4,7,-2,8,0,10,2,11,4,12,6,13,7,13]",giovani,unknown,unknown
CSI_DATA,900906,b2:1f:e7:2b:79:66,-37,11,1,7,0,1,1,0,1,0,1,-97,0,1,0,-105225330,0,83,0,128,1,"[83,-80,4,0,5,16,5,16,6,15,5,15,5,14,5,13,4,12,3,12,2,11,1,10,-1,10,-2,9,-4,8,-5,7,-7,7,-8,6,-9,5,-10,5,-11,4,-11,4,-11,3,-11,2,-11,2,-11,2,-11,1,-3,0,0,0,0,0,0,0,0,0,0,0,0,0,0,0,0,0,0,0,0,0,0,2,-1,2,-2,1,-3,0,-5,0,-6,-1,-7,-1,-7,-2,-8,-2,-9,-3,-10,-3,-10,-3,-10,-2,-10,-1,-10,-1,-9,0,-9,2,-8,3,-7,4,-5,6,-4,7,-3,9,-2,11,0,12,1,13,3,14]",giovani,unknown,unknown
CSI_DATA,900908,b2:1f:e7:2b:79:66,-37,11,1,7,0,1,1,0,1,0,1,-97,0,1,0,-105219681,0,83,0,128,1,"[83,-80,4,0,13,12,13,11,13,11,13,10,12,10,11,9,10,9,9,9,8,8,6,8,4,9,3,9,1,9,-1,9,-3,9,-4,9,-6,9,-7,9,-8,9,-9,8,-9,8,-9,8,-9,7,-9,6,-9,6,-3,1,0,0,0,0,0,0,0,0,0,0,0,0,0,0,0,0,0,0,0,0,1,2,0,2,-2,2,-3,2,-4,2,-6,2,-7,2,-8,2,-9,2,-10,2,-10,2,-10,2,-10,2,-10,3,-9,3,-8,4,-7,5,-6,6,-4,7,-2,8,0,8,2,9,4,10,6,11,8,11,10,11]",giovani,unknown,unknown
CSI_DATA,900910,b2:1f:e7:2b:79:66,-37,11,1,7,0,1,1,0,1,0,1,-97,0,1,0,-105211916,0,83,0,128,1,"[83,-80,4,0,10,-16,9,-16,9,-16,8,-16,8,-15,8,-14,7,-13,7,-12,7,-10,7,-9,8,-7,8,-6,9,-4,9,-2,10,0,10,1,10,3,10,4,10,5,10,5,10,6,10,6,9,6,8,6,8,7,2,1,0,0,0,0,0,0,0,0,0,0,0,0,0,0,0,0,0,0,0,-1,2,-2,2,-1,2,0,2,2,2,3,2,4,2,5,2,7,2,8,3,8,3,9,3,9,3,9,4,8,4,8,5,6,6,5,7,4,7,2,8,0,8,-2,9,-4,9,-7,10,-9,10,-11,10,-12]",giovani,unknown,unknown
CSI_DATA,900912,b2:1f:e7:2b:79:66,-37,11,1,7,0,1,1,0,1,0,1,-97,0,1,0,-105201811,0,83,0,128,1,"[83,-80,4,0,-8,16,-8,16,-7,16,-6,15,-6,15,-6,14,-6,13,-6,12,-6,10,-7,9,-8,7,-8,6,-9,4,-10,3,-11,1,-11,0,-12,-1,-12,-3,-12,-4,-12,-4,-12,-5,-12,-5,-11,-5,-10,-6,-10,-6,-3,-2,0,0,0,0,0,0,0,0,0,0,0,0,0,0,0,0,0,0,-1,0,-2,2,-3,1,-3,-1,-3,-2,-4,-3,-4,-5,-4,-6,-4,-7,-5,-8,-5,-8,-5,-9,-6,-9,-6,-9,-7,-8,-7,-7,-8,-6,-8,-5,-8,-3,-9,-1,-9,0,-9,2,-9,5,-9,7,-9,9,-9,11,-9,12]",giovani,unknown,unknown
CSI_DATA,900914,b2:1f:e7:2b:79:66,-41,11,1,7,0,1,1,0,1,0,1,-97,0,1,0,-105191958,0,83,0,128,1,"[83,-80,4,0,-39,17,-39,18,-37,18,-36,18,-34,17,-33,16,-31,14,-29,12,-27,9,-26,6,-25,2,-24,-1,-23,-5,-21,-9,-20,-13,-18,-16,-17,-19,-16,-22,-15,-24,-13,-25,-12,-25,-11,-25,-10,-25,-8,-24,-7,-24,-2,-6,0,0,0,0,0,0,0,0,0,0,0,0,0,0,0,0,0,0,-2,0,-7,0,-6,-2,-5,-4,-3,-7,-2,-10,0,-13,1,-15,2,-18,3,-19,3,-21,3,-22,3,-23,2,-23,0,-23,-2,-22,-4,-21,-7,-19,-10,-16,-14,-14,-18,-11,-21,-8,-25,-4,-28,0,-31,4,-34,7,-36,10]",giovani,unknown,unknown
CSI_DATA,900916,b2:1f:e7:2b:79:66,-37,11,1,7,0,1,1,0,1,0,1,-97,0,1,0,-105182005,0,83,0,128,1,"[83,-80,4,0,17,4,17,3,17,3,16,2,15,2,15,2,14,2,13,3,11,3,10,4,8,5,7,6,6,7,4,8,3,9,2,10,1,10,0,11,-1,11,-2,11,-3,11,-3,11,-3,11,-3,10,-3,10,-1,2,0,0,0,0,0,0,0,0,0,0,0,0,0,0,0,0,0,0,0,0,2,1,1,1,0,2,-2,2,-3,3,-4,3,-5,4,-6,4,-7,5,-8,5,-8,5,-8,6,-8,6,-7,6,-6,6,-5,7,-4,7,-2,7,0,7,2,7,4,7,6,7,8,7,10,6,12,6,14,6]",giovani,unknown,unknown
CSI_DATA,900918,b2:1f:e7:2b:79:66,-37,11,1,7,0,1,1,0,1,0,1,-97,0,1,0,-105170831,0,83,0,128,1,"[83,-80,4,0,-17,7,-17,7,-16,7,-15,7,-15,7,-14,7,-13,6,-13,5,-12,4,-11,2,-11,1,-10,-1,-10,-2,-10,-4,-9,-6,-9,-7,-8,-8,-8,-9,-7,-10,-7,-11,-6,-11,-6,-11,-5,-11,-5,-11,-4,-11,-1,-3,0,0,0,0,0,0,0,0,0,0,0,0,0,0,0,0,0,0,-1,0,-3,0,-3,-1,-2,-2,-2,-3,-1,-5,0,-6,0,-7,1,-8,1,-9,2,-9,2,-10,1,-10,1,-10,0,-10,-1,-10,-2,-9,-3,-8,-4,-8,-6,-6,-7,-5,-9,-4,-11,-2,-12,-1,-13,1,-15,2,-15,3]",giovani,unknown,unknown
CSI_DATA,900920,b2:1f:e7:2b:79:66,-37,11,1,7,0,1,1,0,1,0,1,-97,0,1,0,-105161797,0,83,0,128,1,"[83,-80,4,0,17,5,17,5,17,4,16,4,15,4,14,4,13,4,12,4,11,4,9,5,8,6,6,7,5,7,3,9,2,9,0,10,-1,11,-2,11,-3,11,-4,11,-4,11,-5,10,-5,10,-5,9,-5,9,-2,2,0,0,0,0,0,0,0,0,0,0,0,0,0,0,0,0,0,0,0,0,2,1,1,1,0,2,-2,2,-3,3,-4,3,-5,4,-6,4,-7,5,-7,5,-8,5,-8,6,-8,6,-7,6,-6,7,-5,7,-4,7,-2,7,0,7,2,8,4,8,6,8,8,7,10,7,12,7,13,7]",giovani,unknown,unknown
CSI_DATA,900922,b2:1f:e7:2b:79:66,-37,11,1,7,0,1,1,0,1,0,1,-97,0,1,0,-105151773,0,83,0,128,1,"[83,-80,4,0,14,-11,14,-11,13,-11,13,-11,12,-11,12,-10,11,-9,10,-8,10,-7,9,-5,9,-3,9,-2,9,0,9,2,9,3,8,5,8,6,7,7,7,8,7,9,6,9,6,10,5,9,4,9,4,9,1,2,0,0,0,0,0,0,0,0,0,0,0,0,0,0,0,0,0,0,0,-1,2,-2,2,-1,2,1,1,2,1,3,1,4,0,6,0,7,0,8,0,9,0,9,0,9,1,9,1,9,2,8,3,8,4,7,5,5,6,4,7,3,8,1,9,-1,11,-3,12,-4,13,-6,13,-8]",giovani,unknown,unknown
CSI_DATA,900924,b2:1f:e7:2b:79:66,-41,11,1,7,0,1,1,0,1,0,1,-97,0,1,0,-105141992,0,83,0,128,1,"[83,-80,4,0,40,-23,39,-24,38,-24,36,-24,35,-23,34,-21,32,-19,30,-17,28,-13,27,-10,26,-6,25,-2,24,3,23,8,22,12,20,15,19,19,17,22,16,24,15,25,14,26,12,26,11,26,10,25,8,25,2,6,0,0,0,0,0,0,0,0,0,0,0,0,0,0,0,0,0,0,1,-1,6,-2,5,0,4,3,3,6,2,10,1,13,-1,16,-2,18,-2,21,-2,22,-2,23,-2,24,0,24,2,23,4,22,6,20,9,18,12,15,16,13,19,10,23,6,26,1,30,-4,33,-8,36,-12,38,-16]",giovani,unknown,unknown
CSI_DATA,900926,b2:1f:e7:2b:79:66,-38,11,1,7,0,1,1,0,1,0,1,-97,0,1,0,-105121932,0,83,0,128,1,"[83,-80,4,0,8,14,8,14,9,13,8,13,8,12,7,11,7,11,6,10,5,10,3,9,1,9,0,9,-2,9,-3,8,-5,8,-6,8,-7,7,-8,7,-9,6,-10,6,-10,6,-10,5,-10,5,-10,4,-10,4,-3,1,0,0,0,0,0,0,0,0,0,0,0,0,0,0,0,0,0,0,0,0,0,2,-1,2,-2,1,-3,1,-4,0,-5,0,-6,0,-7,-1,-8,-1,-9,-1,-10,-1,-10,-1,-10,-1,-9,0,-9,1,-9,2,-8,3,-7,4,-6,5,-4,7,-3,8,-1,9,1,11,2,12,4,13,5,14]",giovani,unknown,unknown
CSI_DATA,900928,b2:1f:e7:2b:79:66,-37,11,1,7,0,1,1,0,1,0,1,-97,0,1,0,-105116624,0,83,0,128,1,"[83,-80,4,0,4,17,5,16,5,16,5,15,5,14,4,14,4,13,3,12,2,11,1,10,-1,10,-3,9,-4,8,-6,7,-7,6,-9,5,-10,5,-11,4,-11,3,-12,3,-12,2,-12,2,-12,1,-11,1,-11,0,-3,0,0,0,0,0,0,0,0,0,0,0,0,0,0,0,0,0,0,0,0,0,0,2,-1,2,-2,1,-3,0,-4,0,-5,-1,-6,-1,-7,-2,-8,-3,-9,-3,-10,-3,-10,-3,-10,-2,-10,-2,-10,-1,-9,0,-9,1,-8,3,-7,4,-6,6,-5,8,-4,9,-2,11,-1,13,0,14,1,15]",giovani,unknown,unknown
CSI_DATA,900930,b2:1f:e7:2b:79:66,-41,11,1,7,0,1,1,0,1,0,1,-97,0,1,0,-105111629,0,83,0,128,1,"[83,-80,4,0,-37,23,-36,24,-35,24,-33,23,-32,22,-31,20,-29,18,-28,16,-26,13,-25,9,-24,6,-24,2,-23,-2,-22,-7,-22,-11,-20,-14,-19,-17,-18,-20,-17,-22,-16,-24,-15,-24,-14,-24,-12,-24,-11,-24,-10,-23,-3,-6,0,0,0,0,0,0,0,0,0,0,0,0,0,0,0,0,0,0,-2,0,-7,2,-6,-1,-5,-4,-4,-7,-3,-10,-2,-13,-1,-15,0,-18,0,-20,0,-21,0,-23,-1,-23,-2,-23,-4,-22,-6,-21,-8,-19,-10,-17,-13,-15,-16,-12,-19,-8,-22,-5,-25,0,-28,4,-31,8,-33,12,-35,16]",giovani,unknown,unknown
CSI_DATA,900932,b2:1f:e7:2b:79:66,-37,11,1,7,0,1,1,0,1,0,1,-97,0,1,0,-105102030,0,83,0,128,1,"[83,-80,4,0,-11,-16,-11,-15,-11,-15,-11,-14,-11,-13,-10,-13,-9,-12,-8,-12,-7,-11,-5,-11,-4,-11,-2,-11,0,-10,2,-10,3,-10,5,-10,6,-9,7,-9,8,-9,9,-8,9,-8,10,-7,9,-7,9,-6,9,-6,2,-2,0,0,0,0,0,0,0,0,0,0,0,0,0,0,0,0,0,0,-1,-1,-1,-3,-1,-3,1,-2,2,-2,3,-2,5,-1,6,-1,7,-1,8,0,9,0,9,0,9,0,9,-1,9,-2,9,-3,8,-4,7,-5,6,-6,4,-7,3,-8,1,-10,-1,-11,-2,-12,-4,-13,-6,-14,-7,-15]",giovani,unknown,unknown
CSI_DATA,900934,b2:1f:e7:2b:79:66,-37,11,1,7,0,1,1,0,1,0,1,-97,0,1,0,-105092074,0,83,0,128,1,"[83,-80,4,0,-15,11,-15,11,-14,11,-13,11,-13,10,-12,10,-12,9,-11,8,-11,6,-11,5,-10,3,-11,2,-11,0,-11,-2,-10,-3,-10,-5,-10,-6,-10,-7,-10,-8,-9,-9,-9,-9,-8,-10,-8,-10,-7,-9,-7,-9,-2,-3,0,0,0,0,0,0,0,0,0,0,0,0,0,0,0,0,0,0,-1,0,-3,0,-3,-1,-3,-2,-2,-3,-2,-5,-1,-6,-1,-7,-1,-8,0,-9,0,-9,-1,-10,-1,-10,-1,-10,-2,-10,-3,-9,-4,-9,-5,-8,-6,-7,-7,-5,-8,-4,-10,-2,-11,0,-12,2,-13,4,-14,6,-15,7]",giovani,unknown,unknown
CSI_DATA,900936,b2:1f:e7:2b:79:66,-37,11,1,7,0,1,1,0,1,0,1,-97,0,1,0,-105081736,0,83,0,128,1,"[83,-80,4,0,-6,17,-6,17,-5,17,-5,16,-5,15,-5,14,-5,13,-5,12,-5,11,-6,10,-7,8,-8,7,-9,5,-9,3,-10,2,-11,1,-11,0,-12,-2,-12,-3,-12,-4,-12,-4,-12,-4,-11,-4,-11,-5,-10,-5,-3,-2,0,0,0,0,0,0,0,0,0,0,0,0,0,0,0,0,0,0,-1,0,-2,2,-2,1,-3,0,-3,-2,-4,-3,-4,-4,-4,-5,-5,-6,-5,-7,-6,-8,-6,-8,-7,-8,-7,-8,-7,-7,-7,-7,-8,-5,-8,-4,-8,-2,-8,0,-8,1,-8,3,-8,6,-8,8,-8,10,-8,12,-7,14]",giovani,unknown,unknown
CSI_DATA,900938,b2:1f:e7:2b:79:66,-37,11,1,7,0,1,1,0,1,0,1,-97,0,1,0,-105068626,0,83,0,128,1,"[83,-80,4,0,18,-1,17,-2,17,-2,17,-2,16,-2,15,-2,14,-1,13,0,12,0,11,1,9,3,8,4,7,5,6,7,5,8,4,9,3,10,2,11,1,11,1,11,0,11,-1,11,-1,11,-2,10,-2,10,-1,2,0,0,0,0,0,0,0,0,0,0,0,0,0,0,0,0,0,0,0,0,2,0,2,1,0,2,-1,2,-1,3,-2,4,-3,5,-4,6,-5,6,-5,7,-6,7,-6,8,-5,8,-4,8,-4,8,-3,8,-1,8,0,7,2,7,4,6,6,6,8,5,10,4,12,3,14,2,15,1]",giovani,unknown,unknown
CSI_DATA,900940,b2:1f:e7:2b:79:66,-38,11,1,7,0,1,1,0,1,0,1,-97,0,1,0,-105061499,0,83,0,128,1,"[83,-80,4,0,22,25,22,24,23,23,22,22,21,21,20,20,18,20,15,19,13,18,10,17,7,17,4,17,1,17,-3,17,-6,17,-9,17,-12,16,-14,16,-15,15,-17,15,-18,14,-18,13,-18,12,-17,11,-17,10,-5,2,0,0,0,0,0,0,0,0,0,0,0,0,0,0,0,0,0,0,0,1,2,4,0,4,-2,3,-5,3,-8,2,-10,2,-12,2,-14,1,-16,1,-17,1,-18,1,-18,2,-18,2,-17,3,-17,4,-15,6,-13,8,-11,10,-8,12,-4,14,-1,16,2,18,6,20,9,22,13,24,16,25]",giovani,unknown,unknown
CSI_DATA,900942,b2:1f:e7:2b:79:66,-37,11,1,7,0,1,1,0,1,0,1,-97,0,1,0,-105051943,0,83,0,128,1,"[83,-80,4,0,-3,17,-3,17,-2,17,-2,16,-2,15,-2,14,-2,13,-2,12,-3,11,-4,10,-5,9,-6,7,-8,6,-9,5,-10,4,-10,2,-11,1,-12,0,-12,0,-12,-1,-12,-2,-12,-2,-12,-3,-11,-3,-11,-3,-3,-1,0,0,0,0,0,0,0,0,0,0,0,0,0,0,0,0,0,0,-1,0,-1,2,-2,1,-3,0,-4,-1,-4,-2,-5,-3,-5,-4,-6,-5,-6,-6,-7,-7,-7,-7,-7,-7,-8,-6,-8,-6,-8,-5,-9,-4,-9,-2,-8,-1,-8,1,-8,3,-8,5,-7,7,-7,9,-6,11,-5,13,-5,14]",giovani,unknown,unknown
CSI_DATA,900944,b2:1f:e7:2b:79:66,-37,11,1,7,0,1,1,0,1,0,1,-97,0,1,0,-105041623,0,83,0,128,1,"[83,-80,4,0,16,-8,15,-8,15,-9,15,-8,14,-8,13,-7,12,-7,12,-6,11,-5,10,-3,10,-2,9,0,9,2,8,3,8,5,7,6,7,8,6,9,5,9,5,10,4,10,4,10,3,10,3,10,2,10,0,2,0,0,0,0,0,0,0,0,0,0,0,0,0,0,0,0,0,0,0,-1,2,-1,2,0,1,1,1,2,0,3,-1,4,-1,6,-2,7,-2,7,-2,8,-2,9,-2,9,-2,9,-1,9,0,8,1,8,2,7,4,6,5,5,7,4,8,3,10,1,11,0,12,-2,14,-3,14,-4]",giovani,unknown,unknown
CSI_DATA,900946,b2:1f:e7:2b:79:66,-41,11,1,7,0,1,1,0,1,0,1,-97,0,1,0,-105029217,0,83,0,128,1,"[83,-80,4,0,15,-38,14,-38,13,-38,12,-36,12,-34,12,-33,12,-30,12,-28,13,-25,14,-21,15,-18,17,-14,18,-10,20,-7,21,-3,22,0,23,3,23,6,23,8,23,10,23,11,22,12,21,12,19,13,18,13,4,3,0,0,0,0,0,0,0,0,0,0,0,0,0,0,0,0,0,0,0,-2,2,-6,3,-4,4,-1,6,2,7,4,7,7,8,10,9,12,10,14,11,15,12,15,12,15,13,15,14,14,15,12,15,9,16,6,17,2,17,-1,18,-5,18,-10,18,-15,18,-20,18,-24,18,-29,17,-32]",giovani,unknown,unknown
CSI_DATA,900948,b2:1f:e7:2b:79:66,-37,11,1,7,0,1,1,0,1,0,1,-97,0,1,0,-105020968,0,83,0,128,1,"[83,-80,4,0,-17,-7,-17,-6,-17,-6,-16,-5,-15,-5,-14,-5,-14,-5,-13,-5,-11,-6,-10,-6,-8,-7,-7,-8,-6,-8,-4,-9,-3,-10,-1,-10,0,-11,1,-11,2,-12,2,-12,3,-12,3,-11,3,-11,3,-10,4,-10,1,-3,0,0,0,0,0,0,0,0,0,0,0,0,0,0,0,0,0,0,-1,-1,-3,-2,-2,-2,-1,-3,1,-3,2,-3,3,-4,4,-4,5,-4,6,-4,7,-5,7,-5,7,-5,7,-6,6,-6,5,-7,4,-7,3,-8,2,-8,0,-8,-2,-9,-4,-9,-6,-9,-8,-9,-10,-9,-12,-8,-13,-8]",giovani,unknown,unknown
CSI_DATA,900950,b2:1f:e7:2b:79:66,-37,11,1,7,0,1,1,0,1,0,1,-97,0,1,0,-105011979,0,83,0,128,1,"[83,-80,4,0,17,5,17,5,17,4,16,4,15,3,14,3,13,4,12,4,11,4,9,5,8,6,6,6,5,7,3,8,2,9,1,10,0,10,-1,11,-2,11,-3,11,-4,11,-4,11,-4,10,-4,10,-4,9,-1,2,0,0,0,0,0,0,0,0,0,0,0,0,0,0,0,0,0,0,0,0,2,1,1,1,0,2,-2,2,-3,2,-4,3,-5,3,-6,4,-7,4,-7,4,-8,5,-8,5,-8,5,-7,6,-6,6,-5,7,-4,7,-2,7,0,7,2,8,4,8,6,7,8,7,10,7,12,7,14,7]",giovani,unknown,unknown
CSI_DATA,900952,b2:1f:e7:2b:79:66,-37,11,1,7,0,1,1,0,1,0,1,-97,0,1,0,-105001434,0,83,0,128,1,"[83,-80,4,0,-9,16,-8,16,-8,16,-7,15,-7,15,-7,14,-6,13,-7,11,-7,10,-7,8,-8,7,-9,5,-9,4,-10,2,-10,0,-11,-1,-11,-2,-11,-4,-11,-5,-11,-5,-11,-6,-11,-6,-10,-6,-10,-7,-10,-7,-3,-2,0,0,0,0,0,0,0,0,0,0,0,0,0,0,0,0,0,0,-1,0,-2,1,-2,0,-3,-1,-3,-2,-3,-4,-3,-5,-4,-6,-4,-7,-4,-8,-5,-8,-5,-9,-5,-9,-5,-9,-6,-8,-7,-8,-7,-6,-8,-5,-8,-3,-8,-2,-9,0,-9,2,-9,5,-9,7,-9,9,-10,11,-10,12]",giovani,unknown,unknown
CSI_DATA,900954,b2:1f:e7:2b:79:66,-37,11,1,7,0,1,1,0,1,0,1,-97,0,1,0,-104991941,0,83,0,128,1,"[83,-80,4,0,17,5,17,5,17,4,16,4,15,4,15,4,14,4,12,4,11,4,9,5,8,6,6,7,5,8,3,9,2,9,0,10,-1,10,-2,11,-3,11,-4,11,-5,11,-5,11,-5,10,-5,10,-6,9,-2,2,0,0,0,0,0,0,0,0,0,0,0,0,0,0,0,0,0,0,0,0,2,1,1,1,0,2,-2,2,-3,3,-4,3,-5,4,-6,4,-7,4,-8,5,-8,5,-8,5,-8,6,-7,6,-6,6,-5,7,-4,7,-2,7,0,7,2,8,4,8,6,7,8,7,10,7,13,7,14,7]",giovani,unknown,unknown
CSI_DATA,900956,b2:1f:e7:2b:79:66,-37,11,1,7,0,1,1,0,1,0,1,-97,0,1,0,-104982061,0,83,0,128,1,"[83,-80,4,0,-18,-7,-18,-6,-17,-6,-17,-5,-16,-5,-15,-5,-14,-5,-13,-5,-12,-6,-10,-6,-9,-7,-8,-8,-6,-9,-4,-10,-3,-10,-1,-11,0,-11,1,-12,2,-12,3,-12,3,-12,4,-12,4,-11,4,-11,4,-10,1,-3,0,0,0,0,0,0,0,0,0,0,0,0,0,0,0,0,0,0,-1,-1,-3,-2,-2,-2,-1,-3,1,-3,2,-3,3,-4,4,-4,5,-4,6,-5,7,-5,7,-6,7,-6,7,-7,6,-7,5,-7,4,-7,3,-8,1,-8,-1,-8,-3,-9,-5,-9,-7,-9,-9,-8,-11,-8,-13,-8,-14,-8]",giovani,unknown,unknown
CSI_DATA,900958,b2:1f:e7:2b:79:66,-37,11,1,7,0,1,1,0,1,0,1,-97,0,1,0,-104972029,0,83,0,128,1,"[83,-80,4,0,15,8,16,7,15,7,15,6,14,6,14,6,12,6,11,6,10,6,8,6,7,7,5,7,3,8,2,9,1,9,-1,10,-2,10,-4,10,-4,10,-5,10,-6,10,-6,10,-6,9,-6,9,-6,8,-2,2,0,0,0,0,0,0,0,0,0,0,0,0,0,0,0,0,0,0,0,0,1,1,0,1,-1,2,-2,2,-4,2,-5,2,-6,2,-7,3,-8,3,-9,3,-9,3,-9,3,-9,4,-8,4,-7,5,-6,6,-5,6,-3,7,-1,7,1,8,3,8,5,8,6,9,8,9,11,9,12,9]",giovani,unknown,unknown
CSI_DATA,900960,b2:1f:e7:2b:79:66,-37,11,1,7,0,1,1,0,1,0,1,-97,0,1,0,-104962029,0,83,0,128,1,"[83,-80,4,0,14,-10,14,-11,14,-11,13,-10,13,-10,12,-9,11,-8,11,-7,10,-6,10,-5,9,-3,9,-1,9,0,9,2,8,4,8,6,7,7,7,8,6,9,6,9,5,10,5,10,4,10,4,9,3,9,0,2,0,0,0,0,0,0,0,0,0,0,0,0,0,0,0,0,0,0,0,-1,2,-2,2,-1,1,0,1,2,1,3,0,4,0,5,-1,6,-1,7,-1,8,-1,9,0,9,0,9,1,8,2,8,2,7,3,6,4,5,6,4,7,3,8,1,10,-1,11,-3,12,-4,13,-6,14,-8]",giovani,unknown,unknown
CSI_DATA,900962,b2:1f:e7:2b:79:66,-37,11,1,7,0,1,1,0,1,0,1,-97,0,1,0,-104950874,0,83,0,128,1,"[83,-80,4,0,13,11,13,11,13,11,13,10,12,9,11,9,10,9,9,9,8,8,6,8,4,8,3,8,1,9,-1,9,-2,9,-4,9,-5,9,-6,9,-7,9,-8,8,-9,8,-9,8,-9,7,-9,6,-9,6,-3,1,0,0,0,0,0,0,0,0,0,0,0,0,0,0,0,0,0,0,0,0,1,2,0,2,-1,2,-2,2,-4,2,-5,1,-6,1,-7,1,-8,1,-9,1,-9,2,-9,2,-9,2,-9,3,-8,3,-7,4,-6,5,-5,6,-3,7,-1,8,0,8,2,9,4,10,6,10,8,11,10,11]",giovani,unknown,unknown
CSI_DATA,900964,b2:1f:e7:2b:79:66,-41,11,1,7,0,1,1,0,1,0,1,-97,0,1,0,-104941743,0,83,0,128,1,"[83,-80,4,0,24,-34,23,-34,22,-34,21,-33,20,-32,20,-30,19,-27,19,-25,18,-22,18,-18,19,-14,20,-11,20,-6,21,-2,22,2,22,5,22,8,22,11,22,13,21,15,21,16,20,17,18,17,17,17,16,17,4,4,0,0,0,0,0,0,0,0,0,0,0,0,0,0,0,0,0,0,1,-2,4,-5,4,-3,4,0,5,3,5,6,5,9,5,12,5,14,5,16,6,18,6,19,7,19,8,18,9,17,11,16,12,13,14,10,15,7,17,4,19,0,20,-5,22,-10,23,-15,24,-19,25,-24,25,-27]",giovani,unknown,unknown
CSI_DATA,900966,b2:1f:e7:2b:79:66,-41,11,1,7,0,1,1,0,1,0,1,-97,0,1,0,-104931827,0,83,0,128,1,"[83,-80,4,0,41,4,41,3,40,2,39,1,37,1,35,2,33,2,30,3,27,5,24,7,21,9,18,12,15,14,12,17,9,20,6,22,4,24,1,25,-1,26,-3,26,-4,26,-5,26,-6,25,-6,23,-7,22,-2,5,0,0,0,0,0,0,0,0,0,0,0,0,0,0,0,0,0,0,1,0,5,1,4,3,1,4,-1,6,-4,7,-7,9,-9,11,-11,12,-12,13,-13,14,-14,15,-14,16,-13,16,-11,17,-9,17,-6,17,-3,17,1,17,5,17,10,16,15,15,19,14,24,13,28,11,33,10,36,8]",giovani,unknown,unknown
CSI_DATA,900968,b2:1f:e7:2b:79:66,-42,11,1,7,0,1,1,0,1,0,1,-97,0,1,0,-104917830,0,83,0,128,1,"[83,-80,4,0,-13,42,-12,42,-11,41,-10,40,-10,38,-10,36,-10,33,-10,30,-11,27,-13,23,-15,20,-17,16,-19,13,-21,9,-23,5,-25,2,-26,-1,-27,-4,-27,-6,-28,-8,-27,-9,-26,-10,-25,-11,-24,-11,-23,-12,-6,-3,0,0,0,0,0,0,0,0,0,0,0,0,0,0,0,0,0,0,-1,1,-3,5,-4,3,-6,0,-7,-3,-8,-6,-9,-8,-10,-11,-11,-13,-12,-15,-13,-16,-14,-17,-15,-17,-16,-16,-17,-15,-18,-12,-18,-9,-19,-6,-19,-2,-20,2,-20,7,-20,12,-20,17,-19,22,-18,27,-17,32,-16,36]",giovani,unknown,unknown
CSI_DATA,900970,b2:1f:e7:2b:79:66,-37,11,1,7,0,1,1,0,1,0,1,-97,0,1,0,-104911586,0,83,0,128,1,"[83,-80,4,0,-14,-13,-14,-12,-14,-12,-14,-11,-13,-11,-12,-10,-11,-10,-10,-10,-9,-10,-7,-9,-6,-10,-4,-10,-2,-10,-1,-10,1,-10,3,-11,4,-11,5,-10,6,-10,7,-10,7,-10,7,-9,8,-9,7,-8,7,-8,1,-2,0,0,0,0,0,0,0,0,0,0,0,0,0,0,0,0,0,0,-1,-1,-2,-3,-1,-3,0,-2,2,-2,3,-2,4,-2,5,-2,6,-2,7,-2,8,-2,9,-2,9,-2,8,-3,8,-3,7,-4,6,-5,5,-6,4,-7,2,-8,1,-9,-1,-10,-3,-11,-5,-11,-7,-12,-9,-13,-10,-13]",giovani,unknown,unknown
CSI_DATA,900972,b2:1f:e7:2b:79:66,-37,11,1,7,0,1,1,0,1,0,1,-97,0,1,0,-104902048,0,83,0,128,1,"[83,-80,4,0,-19,2,-18,3,-18,3,-17,3,-16,3,-16,3,-15,2,-14,1,-13,0,-12,-1,-11,-3,-10,-4,-9,-5,-8,-7,-7,-8,-6,-9,-5,-10,-4,-11,-3,-12,-3,-12,-2,-12,-1,-12,-1,-12,-1,-12,0,-11,0,-3,0,0,0,0,0,0,0,0,0,0,0,0,0,0,0,0,0,0,-1,0,-3,0,-3,-1,-2,-2,-1,-3,0,-4,1,-5,1,-6,2,-7,2,-7,3,-8,3,-9,3,-9,2,-9,2,-9,1,-9,-1,-9,-2,-8,-3,-8,-5,-7,-7,-6,-9,-5,-10,-4,-12,-3,-14,-2,-15,-1,-16,1]",giovani,unknown,unknown
CSI_DATA,900974,b2:1f:e7:2b:79:66,-37,11,1,7,0,1,1,0,1,0,1,-97,0,1,0,-104892082,0,83,0,128,1,"[83,-80,4,0,-19,3,-19,4,-18,4,-17,4,-16,4,-15,3,-14,3,-14,2,-13,1,-12,-1,-11,-2,-10,-3,-9,-5,-8,-6,-7,-8,-6,-9,-5,-10,-5,-11,-4,-12,-3,-12,-3,-12,-2,-12,-2,-12,-1,-12,-1,-11,-1,-3,0,0,0,0,0,0,0,0,0,0,0,0,0,0,0,0,0,0,-1,0,-3,-1,-2,-1,-2,-2,-1,-3,0,-4,1,-5,2,-6,2,-7,2,-8,3,-8,3,-9,3,-9,3,-9,2,-9,1,-9,0,-9,-2,-8,-3,-8,-5,-7,-7,-6,-9,-5,-10,-4,-12,-3,-14,-2,-15,0,-16,1]",giovani,unknown,unknown
CSI_DATA,900976,b2:1f:e7:2b:79:66,-37,11,1,7,0,1,1,0,1,0,1,-97,0,1,0,-104882073,0,83,0,128,1,"[83,-80,4,0,14,-11,14,-12,13,-12,13,-11,12,-11,12,-10,11,-9,11,-8,10,-7,10,-5,9,-4,9,-2,9,0,9,2,9,3,9,5,8,6,8,7,7,8,7,9,7,9,6,9,6,9,5,9,5,9,1,2,0,0,0,0,0,0,0,0,0,0,0,0,0,0,0,0,0,0,0,-1,2,-2,2,-1,1,0,1,2,0,3,0,4,0,5,0,6,-1,7,-1,8,-1,9,0,9,0,9,1,8,2,8,3,7,4,6,5,5,6,4,7,2,9,0,10,-1,11,-3,12,-5,13,-7,14,-8]",giovani,unknown,unknown
CSI_DATA,900978,b2:1f:e7:2b:79:66,-41,11,1,7,0,1,1,0,1,0,1,-97,0,1,0,-104872112,0,83,0,128,1,"[83,-80,4,0,-43,-5,-43,-4,-42,-3,-40,-3,-39,-3,-37,-3,-34,-4,-31,-5,-28,-7,-25,-9,-22,-11,-20,-13,-16,-16,-13,-19,-10,-21,-7,-23,-4,-25,-2,-26,0,-27,2,-28,3,-28,4,-27,5,-26,6,-25,6,-24,1,-6,0,0,0,0,0,0,0,0,0,0,0,0,0,0,0,0,0,0,-2,-1,-7,-2,-5,-3,-3,-5,0,-7,2,-8,5,-10,7,-12,9,-13,11,-14,11,-15,12,-16,12,-17,11,-18,9,-18,7,-18,4,-19,1,-19,-3,-18,-7,-18,-12,-17,-16,-16,-21,-15,-25,-13,-30,-12,-35,-11,-38,-9]",giovani,unknown,unknown
CSI_DATA,900980,b2:1f:e7:2b:79:66,-41,11,1,7,0,1,1,0,1,0,1,-97,0,1,0,-104862047,0,83,0,128,1,"[83,-80,4,0,-7,-47,-8,-47,-8,-45,-8,-44,-8,-42,-7,-39,-6,-37,-4,-35,-2,-32,1,-29,5,-27,9,-24,12,-21,16,-18,19,-15,22,-13,25,-10,27,-8,28,-6,29,-4,29,-3,29,-2,28,0,27,1,26,1,6,0,0,0,0,0,0,0,0,0,0,0,0,0,0,0,0,0,0,0,-1,-2,-1,-7,1,-6,4,-3,6,-1,9,1,11,4,13,6,15,7,17,9,18,10,19,10,20,9,21,8,21,7,20,4,20,1,19,-3,18,-7,16,-11,14,-15,12,-20,10,-25,7,-30,4,-35,1,-39,-1,-43]",giovani,unknown,unknown
CSI_DATA,900982,b2:1f:e7:2b:79:66,-41,11,1,7,0,1,1,0,1,0,1,-97,0,1,0,-104851502,0,83,0,128,1,"[83,-80,4,0,46,0,46,-1,45,-2,43,-2,41,-2,39,-2,36,-1,33,1,30,3,27,6,24,8,21,11,18,15,15,18,12,21,9,24,6,26,3,27,1,28,-1,29,-2,29,-4,29,-4,28,-5,26,-6,25,-2,6,0,0,0,0,0,0,0,0,0,0,0,0,0,0,0,0,0,0,1,0,6,1,4,2,2,4,-1,6,-3,8,-6,11,-8,12,-10,14,-12,16,-13,17,-13,18,-13,19,-12,19,-10,19,-7,19,-5,19,-1,19,3,18,8,17,13,16,18,15,23,13,28,11,33,9,38,6,41,4]",giovani,unknown,unknown
CSI_DATA,900984,b2:1f:e7:2b:79:66,-37,11,1,7,0,1,1,0,1,0,1,-97,0,1,0,-104841919,0,83,0,128,1,"[83,-80,4,0,11,-14,11,-14,10,-14,10,-14,9,-13,9,-12,9,-11,8,-10,8,-9,8,-7,8,-6,8,-4,9,-2,9,-1,9,1,9,3,9,4,9,5,9,6,9,7,8,7,8,7,7,7,7,7,7,7,1,1,0,0,0,0,0,0,0,0,0,0,0,0,0,0,0,0,0,0,0,-1,2,-2,2,-1,1,0,1,1,1,3,1,4,1,5,1,6,1,7,1,7,1,8,1,8,2,8,2,8,3,7,4,6,5,5,6,3,6,2,7,1,8,-1,9,-3,10,-5,11,-7,11,-9,12,-11]",giovani,unknown,unknown
CSI_DATA,900986,b2:1f:e7:2b:79:66,-37,11,1,7,0,1,1,0,1,0,1,-97,0,1,0,-104831364,0,83,0,128,1,"[83,-80,4,0,-2,-18,-2,-18,-2,-18,-2,-17,-2,-16,-2,-16,-2,-15,-1,-13,0,-12,1,-11,2,-11,3,-9,5,-8,6,-7,7,-6,9,-5,9,-4,10,-4,11,-3,11,-3,11,-2,11,-1,11,-1,10,-1,10,-1,2,0,0,0,0,0,0,0,0,0,0,0,0,0,0,0,0,0,0,0,0,-1,0,-3,1,-2,1,-1,2,0,3,1,3,2,4,3,5,4,5,4,6,5,6,5,7,5,7,5,7,4,7,3,7,1,7,0,7,-2,6,-4,6,-5,5,-7,4,-9,4,-11,3,-13,2,-15,2,-16]",giovani,unknown,unknown
CSI_DATA,900988,b2:1f:e7:2b:79:66,-37,11,1,7,0,1,1,0,1,0,1,-97,0,1,0,-104816613,0,83,0,128,1,"[83,-80,4,0,7,-16,7,-16,6,-16,6,-15,6,-15,5,-14,5,-13,5,-12,5,-11,6,-9,6,-8,7,-6,7,-5,8,-3,9,-2,10,0,10,1,10,2,10,3,10,3,10,3,10,4,9,4,9,4,8,4,2,1,0,0,0,0,0,0,0,0,0,0,0,0,0,0,0,0,0,0,0,-1,1,-2,1,-1,1,0,2,1,2,2,2,3,2,4,2,5,2,6,2,7,2,7,3,7,3,7,4,6,5,6,5,5,6,3,6,2,7,0,7,-1,7,-3,8,-5,8,-7,8,-9,9,-11,9,-13]",giovani,unknown,unknown
CSI_DATA,900990,b2:1f:e7:2b:79:66,-37,11,1,7,0,1,1,0,1,0,1,-97,0,1,0,-104811710,0,83,0,128,1,"[83,-80,4,0,-15,-12,-15,-11,-15,-11,-14,-10,-14,-10,-13,-9,-12,-9,-10,-9,-9,-9,-7,-9,-6,-9,-4,-9,-2,-9,0,-10,1,-10,3,-10,4,-10,6,-10,7,-9,7,-9,8,-9,8,-9,8,-8,8,-7,8,-7,2,-2,0,0,0,0,0,0,0,0,0,0,0,0,0,0,0,0,0,0,-1,-1,-3,-2,-2,-2,0,-2,1,-2,2,-3,4,-3,5,-3,6,-3,7,-3,7,-3,8,-3,8,-4,8,-4,7,-5,6,-5,5,-6,4,-7,3,-7,1,-8,-1,-9,-3,-10,-5,-10,-7,-10,-9,-11,-11,-11,-12,-12]",giovani,unknown,unknown
CSI_DATA,900992,b2:1f:e7:2b:79:66,-37,11,1,7,0,1,1,0,1,0,1,-97,0,1,0,-104802037,0,83,0,128,1,"[83,-80,4,0,13,-13,13,-13,12,-13,12,-13,11,-12,11,-11,10,-11,10,-9,9,-8,9,-6,9,-5,9,-3,9,-1,9,1,9,2,9,4,9,5,9,6,8,7,8,8,8,9,7,9,7,9,6,8,6,8,1,2,0,0,0,0,0,0,0,0,0,0,0,0,0,0,0,0,0,0,0,-1,2,-2,2,-1,1,0,1,2,0,3,0,4,0,5,-1,6,-1,7,-1,8,-1,8,0,8,1,8,1,8,2,8,3,7,4,6,5,4,6,3,7,1,9,0,10,-2,11,-4,12,-6,13,-8,13,-9]",giovani,unknown,unknown
CSI_DATA,900994,b2:1f:e7:2b:79:66,-37,11,1,7,0,1,1,0,1,0,1,-97,0,1,0,-104792067,0,83,0,128,1,"[83,-80,4,0,18,-1,18,-1,18,-2,17,-2,16,-2,15,-1,14,-1,13,0,12,1,10,2,9,3,8,4,7,6,6,7,4,8,3,9,2,10,1,11,0,11,-1,12,-1,12,-2,11,-2,11,-2,11,-3,10,-1,2,0,0,0,0,0,0,0,0,0,0,0,0,0,0,0,0,0,0,0,0,2,0,1,0,0,1,-1,2,-2,3,-3,4,-4,5,-4,5,-5,6,-5,6,-6,7,-6,7,-5,7,-4,8,-3,8,-2,7,-1,7,1,7,3,7,5,6,7,5,9,4,11,3,13,3,15,2,16,1]",giovani,unknown,unknown
CSI_DATA,900996,b2:1f:e7:2b:79:66,-37,11,1,7,0,1,1,0,1,0,1,-97,0,1,0,-104782061,0,83,0,128,1,"[83,-80,4,0,-18,-7,-18,-7,-17,-6,-17,-6,-16,-5,-15,-5,-14,-5,-13,-6,-11,-6,-10,-7,-9,-7,-7,-8,-6,-9,-4,-10,-3,-11,-1,-11,0,-12,1,-12,2,-12,3,-12,3,-12,4,-12,4,-11,4,-11,4,-10,1,-3,0,0,0,0,0,0,0,0,0,0,0,0,0,0,0,0,0,0,-1,-1,-3,-2,-2,-2,-1,-3,1,-3,2,-3,3,-3,4,-4,5,-4,6,-4,7,-4,7,-5,7,-5,6,-6,6,-6,5,-7,4,-7,3,-7,1,-8,-1,-8,-3,-8,-5,-9,-7,-9,-9,-9,-11,-8,-13,-9,-15,-8]",giovani,unknown,unknown
CSI_DATA,900998,b2:1f:e7:2b:79:66,-37,11,1,7,0,1,1,0,1,0,1,-97,0,1,0,-104771705,0,83,0,128,1,"[83,-80,4,0,-18,4,-18,4,-17,5,-16,5,-16,4,-15,4,-14,3,-13,3,-12,2,-11,0,-11,-1,-10,-2,-9,-4,-8,-6,-8,-7,-7,-8,-6,-9,-6,-10,-5,-11,-5,-11,-4,-12,-4,-12,-4,-11,-3,-11,-3,-11,-1,-3,0,0,0,0,0,0,0,0,0,0,0,0,0,0,0,0,0,0,-1,0,-3,-1,-2,-1,-2,-2,-1,-3,0,-4,1,-5,2,-5,3,-6,3,-7,4,-7,4,-8,3,-8,3,-9,2,-9,1,-9,0,-8,-1,-8,-3,-7,-5,-7,-6,-6,-8,-5,-10,-3,-12,-2,-13,-1,-15,0,-16,1]",giovani,unknown,unknown
CSI_DATA,901000,b2:1f:e7:2b:79:66,-37,11,1,7,0,1,1,0,1,0,1,-97,0,1,0,-104761337,0,83,0,128,1,"[83,-80,4,0,15,8,15,8,15,8,15,7,14,7,13,6,12,6,11,7,9,7,8,7,6,7,4,8,3,8,1,9,0,9,-2,10,-3,10,-4,10,-5,10,-6,10,-7,10,-7,9,-7,9,-7,8,-7,8,-2,2,0,0,0,0,0,0,0,0,0,0,0,0,0,0,0,0,0,0,0,0,1,1,0,1,-1,1,-2,1,-3,2,-4,2,-6,2,-7,2,-7,2,-8,2,-9,2,-9,3,-8,3,-8,4,-7,4,-6,5,-5,6,-3,6,-2,7,0,7,2,8,4,8,7,9,9,9,11,9,12,9]",giovani,unknown,unknown
CSI_DATA,901002,b2:1f:e7:2b:79:66,-37,11,1,7,0,1,1,0,1,0,1,-97,0,1,0,-104751907,0,83,0,128,1,"[83,-80,4,0,12,12,12,12,12,11,12,11,11,10,11,10,10,9,8,9,7,9,5,8,4,8,2,9,0,9,-1,9,-3,9,-5,9,-6,9,-7,9,-8,8,-8,8,-9,7,-9,7,-9,7,-9,6,-9,6,-3,1,0,0,0,0,0,0,0,0,0,0,0,0,0,0,0,0,0,0,0,0,1,2,0,1,-1,1,-3,1,-4,1,-5,1,-6,0,-7,0,-8,0,-8,0,-9,0,-9,1,-9,1,-9,2,-8,2,-7,3,-6,4,-5,5,-3,6,-2,7,0,8,2,9,4,10,6,11,7,12,9,12]",giovani,unknown,unknown
CSI_DATA,901004,b2:1f:e7:2b:79:66,-41,11,1,7,0,1,1,0,1,0,1,-97,0,1,0,-104742072,0,83,0,128,1,"[83,-80,4,0,28,-32,27,-33,25,-32,24,-31,23,-30,22,-28,21,-25,21,-23,20,-19,20,-16,20,-12,20,-8,21,-4,21,0,21,4,21,8,21,11,20,14,20,16,19,17,18,18,17,19,16,19,15,19,14,18,3,4,0,0,0,0,0,0,0,0,0,0,0,0,0,0,0,0,0,0,1,-2,4,-4,4,-2,4,1,4,3,3,6,3,9,3,12,3,14,3,16,3,18,4,18,4,19,6,18,7,17,8,15,10,13,12,10,14,7,16,4,18,0,20,-4,22,-9,24,-13,26,-18,27,-22,28,-25]",giovani,unknown,unknown
CSI_DATA,901006,b2:1f:e7:2b:79:66,-37,11,1,7,0,1,1,0,1,0,1,-97,0,1,0,-104732030,0,83,0,128,1,"[83,-80,4,0,-7,-17,-7,-17,-8,-17,-7,-16,-7,-15,-7,-14,-6,-14,-5,-13,-4,-12,-3,-11,-2,-11,0,-10,2,-10,4,-9,5,-9,7,-8,8,-7,9,-7,9,-6,10,-6,10,-6,10,-5,10,-5,10,-4,9,-4,2,-1,0,0,0,0,0,0,0,0,0,0,0,0,0,0,0,0,0,0,-1,-1,-1,-3,0,-3,1,-2,2,-1,3,0,4,1,5,1,5,2,6,2,7,3,7,3,8,2,8,2,8,1,7,0,7,-1,7,-2,6,-4,5,-5,4,-7,3,-8,1,-10,0,-12,-2,-13,-3,-15,-3,-16]",giovani,unknown,unknown
CSI_DATA,901008,b2:1f:e7:2b:79:66,-38,11,1,7,0,1,1,0,1,0,1,-97,0,1,0,-104713490,0,83,0,128,1,"[83,-80,4,0,-14,-11,-15,-11,-14,-11,-14,-10,-13,-9,-12,-9,-11,-9,-10,-8,-9,-8,-7,-8,-6,-9,-4,-9,-2,-9,-1,-9,1,-10,3,-10,4,-10,5,-10,6,-9,6,-9,7,-9,7,-9,7,-8,7,-8,7,-7,1,-2,0,0,0,0,0,0,0,0,0,0,0,0,0,0,0,0,0,0,-1,-1,-2,-2,-1,-2,0,-2,1,-2,2,-2,4,-2,5,-2,6,-2,7,-2,7,-2,8,-2,8,-2,8,-3,7,-4,6,-4,6,-5,4,-6,3,-7,2,-8,0,-8,-2,-9,-4,-10,-6,-10,-8,-11,-10,-12,-11,-12]",giovani,unknown,unknown
CSI_DATA,901010,b2:1f:e7:2b:79:66,-41,11,1,7,0,1,1,0,1,0,1,-97,0,1,0,-104707596,0,83,0,128,1,"[83,-80,4,0,-38,-23,-38,-22,-37,-21,-36,-20,-35,-19,-33,-18,-30,-17,-27,-17,-24,-17,-20,-18,-16,-19,-12,-20,-8,-21,-5,-23,-1,-24,3,-24,6,-25,8,-25,10,-25,12,-25,13,-24,14,-23,14,-22,14,-21,14,-20,3,-5,0,0,0,0,0,0,0,0,0,0,0,0,0,0,0,0,0,0,-2,-2,-5,-5,-3,-5,0,-5,3,-5,6,-5,9,-5,12,-5,14,-5,16,-6,17,-6,18,-7,18,-8,17,-9,16,-10,14,-12,12,-13,9,-15,5,-17,1,-18,-3,-20,-8,-21,-13,-23,-18,-23,-23,-24,-28,-25,-31,-25]",giovani,unknown,unknown
CSI_DATA,901012,b2:1f:e7:2b:79:66,-37,11,1,7,0,1,1,0,1,0,1,-97,0,1,0,-104701730,0,83,0,128,1,"[83,-80,4,0,-19,-2,-19,-1,-19,-1,-18,0,-17,0,-16,0,-15,-1,-14,-1,-13,-2,-11,-3,-10,-4,-9,-6,-8,-7,-7,-8,-6,-9,-4,-10,-3,-11,-3,-12,-2,-12,-1,-13,-1,-13,0,-13,0,-12,0,-12,1,-11,0,-3,0,0,0,0,0,0,0,0,0,0,0,0,0,0,0,0,0,0,-1,-1,-3,-1,-2,-2,-1,-2,0,-3,1,-3,2,-4,3,-5,4,-5,5,-5,5,-6,6,-6,6,-7,5,-7,4,-8,3,-8,2,-8,1,-8,-1,-8,-3,-8,-5,-7,-7,-7,-9,-6,-11,-6,-13,-5,-15,-5,-16,-4]",giovani,unknown,unknown
CSI_DATA,901014,b2:1f:e7:2b:79:66,-37,11,1,7,0,1,1,0,1,0,1,-97,0,1,0,-104692048,0,83,0,128,1,"[83,-80,4,0,-16,10,-16,10,-15,10,-14,10,-14,9,-13,9,-12,8,-12,7,-11,5,-11,4,-11,2,-11,1,-10,-1,-10,-3,-10,-5,-10,-6,-9,-7,-9,-8,-9,-9,-8,-10,-8,-10,-8,-10,-7,-10,-7,-10,-6,-10,-2,-3,0,0,0,0,0,0,0,0,0,0,0,0,0,0,0,0,0,0,-1,0,-3,0,-3,0,-2,-1,-2,-3,-1,-4,-1,-5,0,-6,1,-7,1,-8,1,-8,1,-9,0,-9,0,-9,-1,-9,-2,-9,-3,-8,-4,-7,-6,-6,-7,-5,-8,-3,-10,-2,-11,0,-12,2,-13,4,-14,5,-15,6]",giovani,unknown,unknown
CSI_DATA,901016,b2:1f:e7:2b:79:66,-37,11,1,7,0,1,1,0,1,0,1,-97,0,1,0,-104681683,0,83,0,128,1,"[83,-80,4,0,10,14,10,14,10,14,10,13,9,12,9,12,8,11,7,11,5,10,4,10,2,9,0,9,-1,9,-3,9,-5,9,-6,8,-8,8,-9,7,-9,7,-10,7,-10,6,-10,6,-10,5,-10,5,-10,4,-3,1,0,0,0,0,0,0,0,0,0,0,0,0,0,0,0,0,0,0,0,0,1,2,0,2,-2,1,-3,0,-4,0,-5,0,-6,0,-7,-1,-8,-1,-8,-1,-9,-1,-9,-1,-9,-1,-9,0,-8,1,-8,2,-7,3,-6,4,-4,6,-3,7,-1,8,1,10,2,11,4,12,6,13,8,14]",giovani,unknown,unknown
CSI_DATA,901018,b2:1f:e7:2b:79:66,-41,11,1,7,0,1,1,0,1,0,1,-97,0,1,0,-104671956,0,83,0,128,1,"[83,-80,4,0,-35,25,-34,26,-33,26,-31,25,-30,24,-28,23,-27,20,-26,18,-25,14,-24,11,-23,7,-23,3,-23,-1,-22,-5,-22,-9,-21,-13,-20,-16,-19,-18,-19,-20,-18,-22,-17,-22,-16,-23,-14,-22,-13,-22,-12,-22,-3,-6,0,0,0,0,0,0,0,0,0,0,0,0,0,0,0,0,0,0,-2,0,-6,2,-5,0,-4,-3,-4,-6,-2,-8,-1,-11,0,-14,0,-16,0,-17,0,-19,0,-20,0,-20,-2,-20,-3,-19,-5,-18,-8,-16,-10,-14,-13,-11,-16,-8,-19,-5,-22,-1,-25,3,-27,8,-30,11,-32,15,-34,19]",giovani,unknown,unknown
CSI_DATA,901020,b2:1f:e7:2b:79:66,-41,11,1,7,0,1,1,0,1,0,1,-97,0,1,0,-104658242,0,83,0,128,1,"[83,-80,4,0,13,45,14,44,15,43,14,41,14,39,13,37,11,35,9,33,5,30,2,28,-2,26,-6,24,-10,21,-14,19,-18,17,-21,15,-24,13,-26,11,-28,10,-29,8,-30,6,-30,5,-29,4,-28,3,-27,2,-7,0,0,0,0,0,0,0,0,0,0,0,0,0,0,0,0,0,0,0,0,1,1,6,-1,5,-4,3,-7,1,-9,-1,-12,-2,-14,-4,-16,-5,-18,-6,-20,-7,-21,-7,-21,-6,-22,-5,-21,-3,-21,-1,-20,3,-19,6,-16,10,-14,14,-11,18,-8,22,-5,27,-2,31,1,35,5,39,8,41]",giovani,unknown,unknown
CSI_DATA,901022,b2:1f:e7:2b:79:66,-37,11,1,7,0,1,1,0,1,0,1,-97,0,1,0,-104652024,0,83,0,128,1,"[83,-80,4,0,-11,-16,-11,-16,-11,-15,-10,-14,-10,-13,-9,-13,-8,-12,-7,-12,-6,-11,-5,-11,-3,-10,-1,-10,0,-10,2,-10,4,-10,5,-9,7,-9,7,-8,8,-8,9,-8,9,-7,9,-7,9,-6,9,-6,9,-6,2,-2,0,0,0,0,0,0,0,0,0,0,0,0,0,0,0,0,0,0,-1,-1,-2,-3,-1,-2,0,-2,2,-1,3,-1,4,0,5,0,6,0,6,1,7,1,8,1,8,0,8,0,8,-1,7,-2,7,-3,6,-4,5,-5,4,-7,2,-8,1,-9,-1,-11,-3,-12,-4,-13,-6,-14,-7,-15]",giovani,unknown,unknown
CSI_DATA,901024,b2:1f:e7:2b:79:66,-37,11,1,7,0,1,1,0,1,0,1,-97,0,1,0,-104641498,0,83,0,128,1,"[83,-80,4,0,-7,-17,-8,-17,-8,-17,-8,-16,-8,-15,-7,-14,-6,-14,-5,-13,-4,-12,-2,-11,-1,-11,0,-10,2,-10,4,-9,5,-9,7,-8,8,-7,9,-7,9,-6,10,-6,11,-5,11,-5,10,-4,10,-4,10,-4,2,-1,0,0,0,0,0,0,0,0,0,0,0,0,0,0,0,0,0,0,-1,-1,-1,-3,0,-3,1,-2,2,-1,3,0,4,0,5,1,5,1,6,2,7,2,7,2,8,2,8,1,8,1,7,-1,7,-2,7,-3,6,-4,5,-6,3,-7,2,-9,1,-11,-1,-12,-2,-14,-4,-15,-5,-16]",giovani,unknown,unknown
CSI_DATA,901026,b2:1f:e7:2b:79:66,-37,11,1,7,0,1,1,0,1,0,1,-97,0,1,0,-104632005,0,83,0,128,1,"[83,-80,4,0,-14,12,-13,12,-13,12,-12,12,-11,11,-11,11,-10,10,-10,9,-10,7,-9,5,-10,4,-10,2,-10,1,-10,-1,-10,-3,-10,-4,-10,-5,-10,-7,-10,-7,-10,-8,-10,-8,-9,-8,-9,-8,-8,-8,-7,-8,-2,-2,0,0,0,0,0,0,0,0,0,0,0,0,0,0,0,0,0,0,-1,0,-3,1,-3,0,-2,-1,-2,-3,-1,-4,-1,-5,-1,-6,0,-7,0,-8,0,-8,0,-9,-1,-9,-1,-9,-2,-9,-3,-8,-4,-7,-5,-6,-6,-5,-7,-3,-8,-2,-9,0,-10,2,-11,4,-12,6,-13,7,-14,8]",giovani,unknown,unknown
CSI_DATA,901028,b2:1f:e7:2b:79:66,-38,11,1,7,0,1,1,0,1,0,1,-97,0,1,0,-104610127,0,83,0,128,1,"[83,-80,4,0,3,-18,3,-18,2,-17,2,-17,2,-16,2,-15,2,-14,2,-13,3,-11,3,-10,4,-9,5,-7,6,-6,8,-5,9,-3,9,-2,10,-1,10,0,10,1,11,1,11,2,10,2,10,2,9,2,9,3,2,0,0,0,0,0,0,0,0,0,0,0,0,0,0,0,0,0,0,0,0,-1,1,-3,1,-2,1,-1,2,1,2,2,2,3,2,4,3,5,3,5,4,6,4,6,4,6,5,6,5,5,5,4,6,3,6,2,6,0,6,-1,6,-3,6,-5,6,-8,6,-10,5,-12,5,-13,5,-15]",giovani,unknown,unknown
CSI_DATA,901030,b2:1f:e7:2b:79:66,-37,11,1,7,0,1,1,0,1,0,1,-97,0,1,0,-104604891,0,83,0,128,1,"[83,-80,4,0,-8,-17,-8,-17,-8,-16,-8,-16,-8,-15,-7,-14,-6,-13,-5,-13,-4,-12,-3,-11,-2,-11,0,-10,2,-10,3,-9,5,-9,6,-8,8,-8,8,-7,9,-7,10,-7,10,-6,10,-6,10,-5,9,-5,9,-5,2,-1,0,0,0,0,0,0,0,0,0,0,0,0,0,0,0,0,0,0,-1,-1,-1,-3,0,-3,1,-2,2,-1,3,0,4,1,4,1,5,2,6,2,7,2,7,3,7,2,7,2,7,1,7,0,7,-1,6,-3,6,-4,5,-6,3,-7,2,-9,1,-11,0,-12,-2,-14,-3,-15,-4,-16]",giovani,unknown,unknown
CSI_DATA,901032,b2:1f:e7:2b:79:66,-37,11,1,7,0,1,1,0,1,0,1,-97,0,1,0,-104599907,0,83,0,128,1,"[83,-80,4,0,8,16,8,16,8,15,8,14,7,14,7,13,6,12,5,12,3,11,2,10,0,9,-1,9,-3,9,-5,8,-6,8,-8,7,-9,6,-10,6,-11,5,-11,5,-11,4,-11,4,-11,3,-11,3,-11,3,-3,0,0,0,0,0,0,0,0,0,0,0,0,0,0,0,0,0,0,0,0,0,1,2,0,1,-1,1,-3,0,-4,0,-5,-1,-6,-1,-7,-1,-8,-2,-8,-2,-9,-2,-9,-1,-9,-1,-9,0,-8,1,-8,2,-7,3,-6,4,-5,5,-4,7,-2,8,-1,10,1,11,3,13,5,14,6,15]",giovani,unknown,unknown
CSI_DATA,901034,b2:1f:e7:2b:79:66,-37,11,1,7,0,1,1,0,1,0,1,-97,0,1,0,-104591567,0,83,0,128,1,"[83,-80,4,0,-1,18,-1,18,-1,17,-1,17,0,16,-1,15,-1,14,-1,13,-2,11,-3,10,-4,9,-6,8,-7,7,-8,5,-9,4,-10,3,-11,2,-12,1,-12,0,-12,-1,-12,-1,-12,-1,-12,-2,-11,-2,-11,-2,-3,-1,0,0,0,0,0,0,0,0,0,0,0,0,0,0,0,0,0,0,-1,0,-1,2,-2,1,-2,0,-3,-1,-4,-2,-4,-3,-5,-4,-5,-5,-5,-6,-6,-6,-7,-7,-7,-6,-7,-6,-7,-5,-8,-4,-8,-3,-8,-1,-8,0,-7,2,-7,4,-7,6,-6,8,-5,10,-5,12,-4,14,-4,15]",giovani,unknown,unknown
CSI_DATA,901036,b2:1f:e7:2b:79:66,-37,11,1,7,0,1,1,0,1,0,1,-97,0,1,0,-104581949,0,83,0,128,1,"[83,-80,4,0,8,-17,8,-17,8,-17,7,-16,7,-15,7,-14,6,-13,6,-12,6,-11,7,-9,7,-7,8,-6,8,-4,9,-2,9,0,10,1,10,2,10,3,10,4,10,5,10,6,9,6,9,6,8,6,8,6,2,1,0,0,0,0,0,0,0,0,0,0,0,0,0,0,0,0,0,0,0,-1,1,-3,1,-2,1,0,1,1,2,2,2,3,2,5,2,6,2,6,2,7,3,7,3,7,4,7,4,7,5,6,5,5,6,3,6,2,7,0,7,-2,8,-4,8,-6,9,-8,9,-10,9,-12,10,-14]",giovani,unknown,unknown
CSI_DATA,901038,b2:1f:e7:2b:79:66,-41,11,1,7,0,1,1,0,1,0,1,-97,0,1,0,-104571923,0,83,0,128,1,"[83,-80,4,0,-4,-43,-5,-42,-5,-42,-6,-40,-5,-38,-5,-36,-4,-34,-2,-31,0,-29,2,-26,5,-24,8,-21,11,-19,14,-17,17,-14,20,-12,22,-10,24,-8,25,-7,26,-5,26,-4,26,-3,25,-2,24,-1,23,0,5,0,0,0,0,0,0,0,0,0,0,0,0,0,0,0,0,0,0,0,0,-2,0,-7,2,-5,3,-2,5,0,7,2,8,4,9,6,11,8,12,9,13,11,14,11,15,10,16,9,16,7,16,5,16,2,16,-2,15,-5,14,-9,13,-14,11,-18,10,-23,8,-28,6,-32,3,-36,2,-39]",giovani,unknown,unknown
CSI_DATA,901040,b2:1f:e7:2b:79:66,-41,11,1,7,0,1,1,0,1,0,1,-97,0,1,0,-104561973,0,83,0,128,1,"[83,-80,4,0,-37,-22,-37,-22,-36,-21,-35,-19,-34,-18,-32,-18,-29,-17,-26,-17,-23,-18,-19,-18,-15,-19,-12,-20,-8,-21,-4,-22,0,-23,3,-23,6,-24,9,-24,11,-24,13,-24,14,-23,14,-22,15,-21,15,-20,15,-19,3,-5,0,0,0,0,0,0,0,0,0,0,0,0,0,0,0,0,0,0,-2,-2,-5,-5,-3,-5,0,-5,3,-4,6,-5,9,-5,11,-5,13,-5,15,-5,17,-6,18,-6,18,-7,17,-8,15,-9,14,-11,11,-13,9,-14,5,-16,1,-17,-4,-19,-8,-20,-13,-21,-17,-23,-22,-23,-27,-24,-30,-24]",giovani,unknown,unknown
CSI_DATA,901042,b2:1f:e7:2b:79:66,-41,11,1,7,0,1,1,0,1,0,1,-97,0,1,0,-104551716,0,83,0,128,1,"[83,-80,4,0,6,-42,5,-42,4,-41,3,-40,3,-38,3,-36,3,-33,4,-31,6,-28,8,-25,10,-22,12,-19,15,-16,17,-12,20,-9,22,-7,23,-4,25,-2,25,0,26,1,26,2,26,3,25,4,23,5,22,5,5,1,0,0,0,0,0,0,0,0,0,0,0,0,0,0,0,0,0,0,0,-2,2,-6,3,-4,4,-1,5,2,6,4,7,7,8,9,8,11,10,12,11,14,11,14,12,14,13,13,14,11,14,9,15,6,15,2,16,-1,15,-5,15,-10,15,-14,14,-19,13,-25,12,-29,11,-33,10,-37]",giovani,unknown,unknown
CSI_DATA,901044,b2:1f:e7:2b:79:66,-37,11,1,7,0,1,1,0,1,0,1,-97,0,1,0,-104541542,0,83,0,128,1,"[83,-80,4,0,-1,18,-1,18,0,17,0,16,0,15,0,14,-1,14,-1,13,-2,11,-3,10,-4,9,-5,8,-7,7,-8,6,-9,4,-10,3,-11,2,-12,1,-12,1,-12,0,-13,-1,-12,-1,-12,-1,-11,-1,-11,-2,-3,-1,0,0,0,0,0,0,0,0,0,0,0,0,0,0,0,0,0,0,-1,0,-1,2,-2,1,-2,0,-3,-1,-3,-2,-4,-3,-4,-4,-5,-5,-5,-6,-6,-6,-6,-6,-6,-6,-7,-6,-7,-5,-7,-4,-8,-3,-8,-2,-7,0,-7,2,-7,4,-6,6,-6,8,-5,10,-5,12,-4,14,-3,15]",giovani,unknown,unknown
CSI_DATA,901046,b2:1f:e7:2b:79:66,-37,11,1,7,0,1,1,0,1,0,1,-97,0,1,0,-104532068,0,83,0,128,1,"[83,-80,4,0,-5,-18,-5,-18,-6,-18,-6,-17,-5,-16,-5,-15,-4,-14,-4,-13,-3,-12,-1,-11,0,-11,2,-10,3,-9,5,-8,6,-8,8,-7,9,-6,9,-6,10,-5,11,-5,11,-4,11,-4,11,-3,10,-3,10,-2,2,-1,0,0,0,0,0,0,0,0,0,0,0,0,0,0,0,0,0,0,-1,-1,0,-3,0,-2,1,-1,2,0,3,0,3,1,4,2,5,3,5,3,6,4,7,4,7,3,7,3,7,2,7,1,7,0,6,-1,6,-3,5,-5,4,-7,3,-8,2,-10,1,-12,0,-14,-2,-15,-3,-16]",giovani,unknown,unknown
CSI_DATA,901048,b2:1f:e7:2b:79:66,-37,11,1,7,0,1,1,0,1,0,1,-97,0,1,0,-104521622,0,83,0,128,1,"[83,-80,4,0,17,-3,17,-4,17,-4,16,-4,15,-4,14,-3,14,-3,12,-2,11,-2,10,0,9,1,8,2,8,4,7,6,6,7,5,8,4,9,3,10,3,11,2,11,2,11,1,11,1,11,1,10,0,10,0,2,0,0,0,0,0,0,0,0,0,0,0,0,0,0,0,0,0,0,0,0,2,0,1,0,0,1,-1,2,-2,2,-2,3,-3,4,-4,5,-4,5,-4,6,-5,6,-5,7,-4,7,-3,7,-2,7,-1,7,0,7,2,6,3,5,5,5,7,4,9,3,11,2,12,1,14,0,15,-1]",giovani,unknown,unknown
CSI_DATA,901050,b2:1f:e7:2b:79:66,-42,11,1,7,0,1,1,0,1,0,1,-97,0,1,0,-104506467,0,83,0,128,1,"[83,-80,4,0,-35,-31,-35,-30,-34,-28,-33,-27,-32,-26,-29,-24,-27,-23,-24,-23,-20,-22,-16,-22,-12,-22,-7,-22,-3,-22,1,-22,6,-22,10,-22,13,-22,16,-21,18,-21,20,-20,21,-19,21,-18,21,-17,21,-15,21,-14,5,-4,0,0,0,0,0,0,0,0,0,0,0,0,0,0,0,0,0,0,-2,-1,-5,-4,-2,-4,1,-4,4,-4,7,-4,10,-4,13,-4,15,-4,17,-4,19,-4,20,-4,20,-5,19,-6,18,-8,16,-10,14,-12,11,-14,8,-16,4,-19,-1,-21,-5,-23,-10,-25,-14,-27,-20,-29,-24,-30,-28,-31]",giovani,unknown,unknown
CSI_DATA,901052,b2:1f:e7:2b:79:66,-37,11,1,7,0,1,1,0,1,0,1,-97,0,1,0,-104500547,0,83,0,128,1,"[83,-80,4,0,-6,17,-5,17,-4,17,-4,16,-4,15,-4,15,-4,13,-4,12,-4,11,-5,9,-6,8,-7,7,-8,5,-9,4,-10,2,-11,1,-11,0,-12,-1,-12,-2,-12,-2,-12,-3,-12,-3,-12,-3,-11,-4,-11,-4,-3,-1,0,0,0,0,0,0,0,0,0,0,0,0,0,0,0,0,0,0,-1,0,-2,2,-2,1,-2,0,-3,-2,-3,-3,-3,-4,-3,-5,-4,-6,-4,-7,-4,-7,-5,-8,-5,-7,-5,-7,-6,-7,-6,-6,-7,-4,-7,-3,-8,-1,-8,1,-8,3,-8,5,-8,7,-8,9,-8,11,-7,13,-7,14]",giovani,unknown,unknown
CSI_DATA,901054,b2:1f:e7:2b:79:66,-37,11,1,7,0,1,1,0,1,0,1,-97,0,1,0,-104492026,0,83,0,128,1,"[83,-80,4,0,18,-3,18,-4,17,-4,17,-4,16,-4,15,-3,14,-3,13,-2,12,-1,11,0,10,1,9,3,8,4,7,6,6,7,5,8,4,9,4,10,3,11,2,11,2,12,1,11,1,11,1,11,1,10,0,2,0,0,0,0,0,0,0,0,0,0,0,0,0,0,0,0,0,0,0,0,2,0,1,0,0,1,-1,2,-2,2,-3,3,-4,4,-4,5,-5,5,-5,6,-5,6,-5,6,-5,7,-4,7,-3,7,-2,7,0,7,1,6,3,6,5,5,7,5,9,4,11,3,13,2,15,1,16,0]",giovani,unknown,unknown
CSI_DATA,901056,b2:1f:e7:2b:79:66,-41,11,1,7,0,1,1,0,1,0,1,-97,0,1,0,-104481966,0,83,0,128,1,"[83,-80,4,0,-44,-4,-44,-3,-42,-2,-41,-2,-39,-1,-37,-2,-34,-2,-31,-3,-28,-5,-26,-8,-23,-10,-20,-13,-17,-15,-14,-18,-11,-21,-9,-23,-6,-25,-4,-26,-3,-27,-1,-28,0,-28,1,-27,2,-26,3,-25,4,-25,1,-6,0,0,0,0,0,0,0,0,0,0,0,0,0,0,0,0,0,0,-2,-1,-7,-3,-5,-3,-2,-4,0,-6,3,-7,6,-8,8,-9,10,-10,11,-11,12,-12,13,-13,12,-14,11,-15,10,-15,7,-16,4,-17,1,-17,-3,-17,-8,-17,-12,-16,-17,-15,-22,-14,-26,-13,-31,-12,-35,-11,-39,-9]",giovani,unknown,unknown
CSI_DATA,901058,b2:1f:e7:2b:79:66,-37,11,1,7,0,1,1,0,1,0,1,-97,0,1,0,-104472005,0,83,0,128,1,"[83,-80,4,0,-10,-16,-10,-16,-10,-15,-10,-15,-10,-14,-9,-13,-8,-13,-7,-12,-6,-11,-4,-11,-3,-10,-1,-10,1,-10,2,-10,4,-9,6,-9,7,-8,8,-8,9,-8,9,-7,9,-7,9,-7,9,-6,9,-6,9,-5,2,-2,0,0,0,0,0,0,0,0,0,0,0,0,0,0,0,0,0,0,-1,-1,-1,-3,0,-2,1,-2,2,-1,3,0,4,0,5,1,5,1,6,2,7,2,8,2,8,1,8,1,7,0,7,-1,7,-2,6,-3,5,-5,4,-6,3,-7,1,-9,0,-10,-2,-12,-4,-13,-5,-14,-6,-15]",giovani,unknown,unknown
CSI_DATA,901060,b2:1f:e7:2b:79:66,-37,11,1,7,0,1,1,0,1,0,1,-97,0,1,0,-104462057,0,83,0,128,1,"[83,-80,4,0,-11,-16,-11,-15,-11,-15,-11,-14,-10,-13,-10,-13,-9,-12,-8,-12,-7,-11,-5,-10,-4,-10,-2,-10,0,-10,1,-10,3,-10,5,-9,6,-9,7,-9,8,-9,8,-8,9,-8,9,-8,8,-7,8,-7,8,-7,2,-2,0,0,0,0,0,0,0,0,0,0,0,0,0,0,0,0,0,0,-1,-1,-1,-3,0,-2,1,-2,2,-1,3,0,4,0,5,1,6,1,6,2,7,2,8,2,8,1,8,1,8,0,7,-1,7,-2,6,-3,5,-5,3,-6,2,-7,1,-9,-1,-10,-3,-12,-4,-13,-6,-14,-7,-15]",giovani,unknown,unknown
CSI_DATA,901062,b2:1f:e7:2b:79:66,-37,11,1,7,0,1,1,0,1,0,1,-97,0,1,0,-104452003,0,83,0,128,1,"[83,-80,4,0,-3,17,-3,17,-2,17,-2,16,-2,15,-2,14,-2,13,-3,12,-3,11,-4,9,-5,8,-6,7,-7,6,-8,4,-9,3,-10,2,-11,1,-11,0,-12,-1,-12,-2,-12,-2,-12,-2,-12,-3,-11,-3,-11,-3,-3,-1,0,0,0,0,0,0,0,0,0,0,0,0,0,0,0,0,0,0,-1,0,-1,2,-2,1,-2,0,-3,-1,-3,-2,-4,-3,-4,-4,-4,-5,-5,-6,-5,-6,-6,-7,-6,-6,-6,-6,-7,-6,-7,-5,-7,-3,-7,-2,-7,0,-7,2,-7,3,-7,5,-7,7,-6,10,-6,12,-5,14,-5,15]",giovani,unknown,unknown
CSI_DATA,901064,b2:1f:e7:2b:79:66,-38,11,1,7,0,1,1,0,1,0,1,-97,0,1,0,-104440513,0,83,0,128,1,"[83,-80,4,0,-12,-15,-12,-14,-12,-14,-12,-13,-11,-12,-10,-12,-9,-11,-8,-11,-7,-11,-5,-10,-4,-10,-2,-10,-1,-10,1,-10,3,-10,4,-9,6,-9,7,-9,8,-9,8,-8,9,-8,9,-7,9,-7,8,-7,8,-6,2,-2,0,0,0,0,0,0,0,0,0,0,0,0,0,0,0,0,0,0,-1,-1,-2,-3,-1,-2,0,-2,2,-1,3,-1,4,-1,5,0,6,0,6,0,7,1,7,0,8,0,8,-1,7,-1,7,-2,6,-3,5,-4,4,-5,3,-7,1,-8,0,-9,-2,-10,-4,-12,-5,-13,-7,-14,-9,-14]",giovani,unknown,unknown
CSI_DATA,901066,b2:1f:e7:2b:79:66,-37,11,1,7,0,1,1,0,1,0,1,-97,0,1,0,-104431947,0,83,0,128,1,"[83,-80,4,0,-17,-9,-17,-9,-16,-8,-16,-8,-15,-7,-14,-7,-13,-7,-12,-7,-10,-7,-9,-7,-7,-8,-6,-8,-4,-9,-3,-10,-1,-10,0,-11,2,-11,3,-11,4,-11,4,-11,5,-11,5,-11,5,-10,5,-10,5,-9,1,-3,0,0,0,0,0,0,0,0,0,0,0,0,0,0,0,0,0,0,-1,-1,-3,-2,-2,-2,0,-2,1,-2,2,-2,3,-2,4,-2,5,-3,6,-3,7,-3,7,-3,7,-3,7,-4,6,-4,5,-5,4,-6,3,-6,2,-7,0,-8,-2,-8,-4,-9,-6,-9,-8,-9,-10,-10,-12,-10,-13,-10]",giovani,unknown,unknown
CSI_DATA,901068,b2:1f:e7:2b:79:66,-42,11,1,7,0,1,1,0,1,0,1,-97,0,1,0,-104403447,0,83,0,128,1,"[83,-80,4,0,-42,-10,-42,-10,-41,-9,-39,-8,-38,-7,-35,-7,-33,-8,-30,-8,-27,-10,-23,-12,-20,-14,-16,-16,-13,-18,-10,-20,-6,-22,-3,-23,0,-25,2,-26,4,-26,5,-27,7,-26,8,-25,8,-24,9,-23,9,-22,2,-6,0,0,0,0,0,0,0,0,0,0,0,0,0,0,0,0,0,0,-2,-1,-6,-2,-4,-3,-1,-4,1,-5,4,-6,6,-8,9,-9,11,-10,12,-11,13,-11,14,-12,14,-13,13,-14,11,-15,9,-15,6,-16,3,-17,-1,-17,-5,-17,-10,-17,-15,-17,-19,-17,-24,-16,-29,-16,-33,-15,-36,-14]",giovani,unknown,unknown
CSI_DATA,901070,b2:1f:e7:2b:79:66,-38,11,1,7,0,1,1,0,1,0,1,-97,0,1,0,-104397050,0,83,0,128,1,"[83,-80,4,0,-14,12,-14,12,-13,12,-12,12,-12,11,-11,10,-11,9,-10,8,-10,7,-10,5,-10,4,-10,2,-10,0,-10,-2,-10,-3,-10,-5,-9,-6,-9,-8,-9,-9,-9,-9,-9,-10,-8,-10,-7,-10,-7,-9,-7,-9,-2,-3,0,0,0,0,0,0,0,0,0,0,0,0,0,0,0,0,0,0,-1,0,-3,1,-2,0,-2,-2,-2,-3,-1,-4,0,-5,0,-6,0,-7,1,-8,1,-8,0,-9,0,-9,0,-9,-1,-9,-2,-8,-3,-7,-4,-6,-5,-5,-6,-4,-8,-2,-9,0,-10,2,-11,4,-12,6,-13,7,-13,8]",giovani,unknown,unknown
CSI_DATA,901072,b2:1f:e7:2b:79:66,-37,11,1,7,0,1,1,0,1,0,1,-97,0,1,0,-104391796,0,83,0,128,1,"[83,-80,4,0,-6,-18,-7,-18,-7,-17,-7,-16,-7,-15,-6,-15,-5,-14,-5,-13,-4,-12,-2,-12,-1,-11,1,-10,2,-9,4,-9,6,-8,7,-8,8,-7,9,-6,10,-6,10,-5,10,-5,11,-5,10,-4,10,-4,10,-4,2,-1,0,0,0,0,0,0,0,0,0,0,0,0,0,0,0,0,0,0,-1,-1,-1,-3,0,-3,1,-2,2,-1,3,0,3,1,4,1,5,2,6,3,6,3,7,3,7,3,7,2,7,1,7,0,7,-1,6,-2,6,-3,5,-5,4,-7,3,-9,1,-11,0,-12,-1,-14,-3,-15,-4,-16]",giovani,unknown,unknown
CSI_DATA,901074,b2:1f:e7:2b:79:66,-37,11,1,7,0,1,1,0,1,0,1,-97,0,1,0,-104386492,0,83,0,128,1,"[83,-80,4,0,8,-17,8,-17,7,-17,7,-16,6,-15,6,-14,6,-13,6,-12,6,-11,6,-9,7,-7,7,-6,8,-4,9,-3,9,-1,10,0,10,2,10,3,10,4,10,4,10,5,10,5,9,5,9,5,8,5,2,1,0,0,0,0,0,0,0,0,0,0,0,0,0,0,0,0,0,0,0,-1,1,-2,1,-2,1,0,1,1,1,2,1,3,1,4,2,5,2,6,2,7,2,7,3,7,3,7,4,6,4,6,5,4,5,3,6,2,7,0,7,-2,8,-4,8,-6,9,-8,9,-10,9,-12,9,-13]",giovani,unknown,unknown
CSI_DATA,901076,b2:1f:e7:2b:79:66,-37,11,1,7,0,1,1,0,1,0,1,-97,0,1,0,-104381733,0,83,0,128,1,"[83,-80,4,0,-19,0,-19,1,-18,1,-18,1,-17,1,-16,1,-15,0,-14,0,-12,-1,-11,-2,-10,-3,-9,-5,-8,-6,-7,-7,-6,-9,-5,-10,-4,-11,-3,-11,-2,-12,-2,-12,-1,-12,-1,-12,-1,-12,0,-11,0,-11,0,-3,0,0,0,0,0,0,0,0,0,0,0,0,0,0,0,0,0,0,-1,-1,-3,-1,-2,-2,-1,-2,0,-3,1,-3,2,-4,3,-4,4,-5,5,-5,5,-6,5,-6,5,-7,5,-7,4,-7,3,-7,2,-8,0,-8,-2,-7,-3,-7,-5,-7,-7,-6,-9,-6,-12,-5,-14,-4,-15,-3,-16,-3]",giovani,unknown,unknown
CSI_DATA,901078,b2:1f:e7:2b:79:66,-37,11,1,7,0,1,1,0,1,0,1,-97,0,1,0,-104371948,0,83,0,128,1,"[83,-80,4,0,9,15,10,14,10,14,10,13,9,12,8,12,7,11,6,11,5,10,3,10,2,9,0,9,-2,9,-3,9,-5,8,-6,8,-8,7,-9,7,-10,7,-10,6,-11,6,-11,5,-10,5,-10,4,-10,4,-3,1,0,0,0,0,0,0,0,0,0,0,0,0,0,0,0,0,0,0,0,0,1,2,0,1,-2,1,-3,0,-4,0,-5,0,-6,-1,-7,-1,-8,-1,-8,-2,-9,-2,-9,-1,-9,-1,-9,0,-8,1,-8,2,-7,3,-5,4,-4,6,-3,7,-1,8,1,10,2,11,4,13,6,13,7,14]",giovani,unknown,unknown
CSI_DATA,901080,b2:1f:e7:2b:79:66,-37,11,1,7,0,1,1,0,1,0,1,-97,0,1,0,-104361888,0,83,0,128,1,"[83,-80,4,0,-19,2,-19,2,-18,2,-17,2,-16,2,-15,2,-14,2,-13,1,-12,0,-11,-1,-10,-2,-10,-4,-9,-5,-8,-7,-7,-8,-6,-9,-5,-10,-4,-11,-4,-12,-3,-12,-3,-12,-2,-12,-2,-12,-1,-11,-1,-11,-1,-3,0,0,0,0,0,0,0,0,0,0,0,0,0,0,0,0,0,0,-1,-1,-3,-1,-2,-1,-1,-2,0,-3,1,-4,2,-4,3,-5,3,-5,4,-6,4,-6,4,-7,4,-7,4,-7,3,-8,2,-8,1,-8,-1,-7,-2,-7,-4,-7,-6,-6,-8,-5,-10,-4,-12,-3,-14,-2,-15,-2,-17,-1]",giovani,unknown,unknown
CSI_DATA,901082,b2:1f:e7:2b:79:66,-37,11,1,7,0,1,1,0,1,0,1,-97,0,1,0,-104351802,0,83,0,128,1,"[83,-80,4,0,-1,-19,-2,-19,-2,-18,-2,-17,-2,-17,-2,-16,-1,-15,-1,-13,0,-12,1,-11,2,-10,3,-9,5,-8,6,-7,8,-6,9,-5,10,-4,10,-3,11,-3,11,-2,11,-1,11,-1,11,-1,11,0,10,0,2,0,0,0,0,0,0,0,0,0,0,0,0,0,0,0,0,0,0,0,0,-1,0,-3,0,-2,1,-1,2,0,2,1,3,2,3,3,4,3,5,4,5,5,6,5,6,5,6,4,7,3,7,2,7,1,6,0,6,-2,6,-4,5,-5,5,-7,4,-9,3,-11,2,-13,2,-15,1,-16]",giovani,unknown,unknown
CSI_DATA,901084,b2:1f:e7:2b:79:66,-41,11,1,7,0,1,1,0,1,0,1,-97,0,1,0,-104341994,0,83,0,128,1,"[83,-80,4,0,-30,-32,-30,-31,-30,-29,-29,-28,-28,-26,-26,-25,-24,-24,-21,-23,-18,-23,-14,-22,-11,-22,-7,-22,-3,-22,1,-22,5,-22,9,-22,11,-22,14,-21,16,-21,18,-21,18,-20,19,-19,19,-18,18,-16,18,-15,4,-4,0,0,0,0,0,0,0,0,0,0,0,0,0,0,0,0,0,0,-1,-2,-4,-6,-1,-5,1,-4,4,-3,7,-2,9,-2,12,-1,14,0,16,0,17,0,18,0,18,-1,18,-2,17,-4,16,-6,14,-9,12,-11,9,-13,5,-16,1,-19,-2,-21,-6,-24,-11,-26,-15,-28,-20,-30,-23,-31]",giovani,unknown,unknown
CSI_DATA,901086,b2:1f:e7:2b:79:66,-41,11,1,7,0,1,1,0,1,0,1,-97,0,1,0,-104329384,0,83,0,128,1,"[83,-80,4,0,42,-21,41,-22,39,-23,37,-22,36,-21,34,-20,32,-18,30,-15,28,-12,26,-8,25,-4,24,0,23,4,22,9,21,13,19,16,18,19,16,22,15,24,14,25,13,26,12,26,11,26,10,25,8,24,2,6,0,0,0,0,0,0,0,0,0,0,0,0,0,0,0,0,0,0,1,-1,5,-2,4,0,3,2,1,5,-1,8,-3,11,-4,13,-5,15,-6,17,-7,18,-7,19,-6,20,-4,20,-2,19,0,18,3,17,6,15,10,13,14,11,18,8,22,4,26,0,30,-4,34,-8,37,-12,39,-15]",giovani,unknown,unknown
CSI_DATA,901088,b2:1f:e7:2b:79:66,-41,11,1,7,0,1,1,0,1,0,1,-97,0,1,0,-104322042,0,83,0,128,1,"[83,-80,4,0,5,46,6,46,7,45,7,43,6,41,5,38,4,36,3,33,0,30,-3,28,-6,25,-10,23,-13,20,-17,17,-20,15,-23,12,-26,10,-27,7,-29,6,-30,4,-30,3,-30,2,-29,1,-28,0,-27,-1,-7,-1,0,0,0,0,0,0,0,0,0,0,0,0,0,0,0,0,0,0,0,1,-1,6,-2,4,-5,1,-7,-1,-8,-3,-10,-6,-12,-8,-13,-10,-15,-11,-16,-12,-17,-12,-18,-11,-18,-10,-18,-8,-18,-6,-19,-2,-18,1,-17,5,-15,10,-14,14,-12,19,-10,24,-8,30,-5,34,-2,38,0,42]",giovani,unknown,unknown
CSI_DATA,901090,b2:1f:e7:2b:79:66,-38,11,1,7,0,1,1,0,1,0,1,-97,0,1,0,-104302773,0,83,0,128,1,"[83,-80,4,0,15,8,15,8,15,7,15,7,14,6,13,6,12,6,11,6,9,6,8,6,6,7,5,7,3,8,2,9,0,9,-1,10,-2,10,-3,10,-4,10,-5,10,-6,10,-6,10,-6,9,-6,9,-6,8,-2,2,0,0,0,0,0,0,0,0,0,0,0,0,0,0,0,0,0,0,0,0,1,1,1,1,-1,1,-2,1,-3,1,-4,1,-5,1,-6,1,-7,1,-8,1,-8,2,-8,2,-8,2,-8,3,-7,4,-6,4,-4,5,-3,6,-1,6,1,7,3,8,5,8,7,9,9,9,11,9,12,9]",giovani,unknown,unknown
CSI_DATA,901092,b2:1f:e7:2b:79:66,-38,11,1,7,0,1,1,0,1,0,1,-97,0,1,0,-104297682,0,83,0,128,1,"[83,-80,4,0,39,-2,39,-3,37,-3,36,-4,34,-4,32,-3,30,-2,27,-1,25,1,22,3,19,6,17,9,14,12,12,14,10,17,7,19,5,21,3,23,2,24,0,25,-1,25,-2,24,-3,23,-4,22,-4,22,-1,5,0,0,0,0,0,0,0,0,0,0,0,0,0,0,0,0,0,0,1,0,5,0,3,1,1,3,-2,4,-4,5,-6,7,-9,8,-10,9,-12,10,-13,11,-13,12,-13,13,-12,13,-10,13,-8,13,-5,14,-2,13,1,13,6,12,10,12,14,11,18,9,23,8,27,6,31,5,34,3]",giovani,unknown,unknown
CSI_DATA,901094,b2:1f:e7:2b:79:66,-37,11,1,7,0,1,1,0,1,0,1,-97,0,1,0,-104291907,0,83,0,128,1,"[83,-80,4,0,5,-18,5,-18,5,-18,4,-17,4,-16,4,-15,4,-14,4,-13,4,-12,5,-10,6,-9,7,-7,7,-6,8,-4,9,-2,10,-1,11,0,11,1,11,2,11,3,11,3,11,4,10,4,10,4,9,4,2,1,0,0,0,0,0,0,0,0,0,0,0,0,0,0,0,0,0,0,0,-1,1,-3,1,-2,1,0,1,1,2,2,2,3,2,4,2,5,3,6,3,7,3,7,3,7,4,7,4,6,5,5,5,4,6,2,6,1,7,-1,7,-3,7,-5,7,-7,7,-9,7,-11,7,-13,7,-15]",giovani,unknown,unknown
CSI_DATA,901096,b2:1f:e7:2b:79:66,-37,11,1,7,0,1,1,0,1,0,1,-97,0,1,0,-104281690,0,83,0,128,1,"[83,-80,4,0,-10,-16,-10,-16,-11,-15,-10,-15,-10,-14,-9,-13,-8,-12,-7,-12,-6,-11,-5,-11,-3,-10,-1,-10,0,-10,2,-10,4,-10,5,-9,6,-9,7,-9,8,-8,9,-8,9,-8,9,-7,9,-7,9,-6,9,-6,2,-2,0,0,0,0,0,0,0,0,0,0,0,0,0,0,0,0,0,0,-1,-1,-1,-3,-1,-2,0,-2,2,-1,3,-1,4,0,4,0,5,1,6,1,7,1,7,1,7,1,7,0,7,0,7,-1,6,-3,6,-4,5,-5,4,-6,2,-8,1,-9,-1,-11,-2,-12,-4,-14,-6,-15,-7,-15]",giovani,unknown,unknown
CSI_DATA,901098,b2:1f:e7:2b:79:66,-37,11,1,7,0,1,1,0,1,0,1,-97,0,1,0,-104270837,0,83,0,128,1,"[83,-80,4,0,-12,13,-12,13,-11,13,-11,13,-11,12,-10,11,-10,10,-9,8,-9,7,-9,6,-9,4,-10,2,-10,1,-10,-1,-10,-3,-10,-4,-10,-6,-10,-7,-9,-8,-9,-8,-9,-9,-9,-9,-8,-9,-8,-9,-7,-9,-2,-3,0,0,0,0,0,0,0,0,0,0,0,0,0,0,0,0,0,0,-1,0,-3,1,-2,0,-2,-1,-2,-2,-2,-4,-2,-5,-2,-6,-2,-7,-1,-7,-1,-8,-2,-8,-2,-9,-3,-8,-3,-8,-4,-7,-5,-6,-6,-5,-7,-4,-7,-2,-8,-1,-9,1,-10,3,-11,5,-12,7,-12,9,-12,11]",giovani,unknown,unknown
CSI_DATA,901100,b2:1f:e7:2b:79:66,-37,11,1,7,0,1,1,0,1,0,1,-97,0,1,0,-104261471,0,83,0,128,1,"[83,-80,4,0,-5,17,-4,18,-4,17,-3,16,-3,15,-3,14,-3,14,-3,12,-4,11,-5,9,-6,8,-7,7,-8,5,-9,4,-10,3,-11,2,-11,1,-12,0,-12,-1,-12,-2,-12,-3,-12,-3,-12,-3,-11,-3,-11,-3,-3,-1,0,0,0,0,0,0,0,0,0,0,0,0,0,0,0,0,0,0,-1,0,-1,2,-2,1,-2,-1,-3,-2,-3,-3,-3,-4,-3,-5,-4,-6,-4,-7,-4,-7,-5,-7,-5,-7,-5,-7,-6,-6,-6,-5,-7,-4,-7,-3,-7,-1,-8,1,-8,3,-7,5,-7,7,-7,9,-7,11,-6,13,-6,14]",giovani,unknown,unknown
CSI_DATA,901102,b2:1f:e7:2b:79:66,-37,11,1,7,0,1,1,0,1,0,1,-97,0,1,0,-104247803,0,83,0,128,1,"[83,-80,4,0,10,14,10,14,10,13,10,13,10,12,9,11,8,11,7,10,6,10,4,9,2,9,0,9,-1,9,-3,9,-4,8,-6,8,-7,8,-8,7,-9,7,-10,7,-10,6,-10,6,-10,5,-10,5,-10,4,-3,1,0,0,0,0,0,0,0,0,0,0,0,0,0,0,0,0,0,0,0,0,1,2,0,1,-2,1,-3,0,-4,0,-5,-1,-6,-1,-7,-1,-7,-1,-8,-1,-9,-1,-9,-1,-8,0,-8,0,-8,1,-7,2,-6,3,-5,4,-4,6,-2,7,-1,8,1,9,2,11,4,12,6,13,8,13]",giovani,unknown,unknown
CSI_DATA,901104,b2:1f:e7:2b:79:66,-37,11,1,7,0,1,1,0,1,0,1,-97,0,1,0,-104242045,0,83,0,128,1,"[83,-80,4,0,-16,-10,-16,-10,-16,-9,-16,-9,-15,-8,-14,-8,-13,-7,-12,-7,-10,-7,-9,-8,-7,-8,-6,-9,-4,-9,-3,-10,-1,-11,0,-11,2,-11,2,-11,3,-12,4,-12,4,-11,5,-11,5,-10,5,-10,5,-10,1,-3,0,0,0,0,0,0,0,0,0,0,0,0,0,0,0,0,0,0,-1,-1,-2,-3,-1,-2,0,-2,1,-2,3,-2,4,-2,5,-1,6,-1,7,-1,7,-1,7,-2,7,-2,7,-3,7,-3,6,-4,5,-5,4,-6,2,-7,1,-7,-1,-8,-3,-9,-5,-9,-7,-10,-9,-10,-11,-11,-13,-11]",giovani,unknown,unknown
CSI_DATA,901106,b2:1f:e7:2b:79:66,-41,11,1,7,0,1,1,0,1,0,1,-97,0,1,0,-104231711,0,83,0,128,1,"[83,-80,4,0,-1,-43,-2,-43,-2,-42,-3,-40,-3,-38,-2,-36,-1,-34,0,-31,2,-29,4,-26,7,-23,10,-21,13,-18,16,-15,19,-12,21,-10,23,-7,25,-5,26,-3,27,-2,27,-1,26,0,25,1,24,2,24,2,5,0,0,0,0,0,0,0,0,0,0,0,0,0,0,0,0,0,0,0,0,-2,1,-6,2,-4,3,-2,5,1,6,3,7,5,8,7,10,9,11,11,12,12,13,12,14,12,14,11,15,9,15,7,15,3,15,0,15,-4,14,-8,13,-12,12,-17,11,-22,9,-27,7,-31,5,-35,4,-39]",giovani,unknown,unknown
CSI_DATA,901108,b2:1f:e7:2b:79:66,-41,11,1,7,0,1,1,0,1,0,1,-97,0,1,0,-104221984,0,83,0,128,1,"[83,-80,4,0,6,-43,6,-43,5,-42,4,-40,4,-38,4,-36,4,-34,5,-31,6,-28,8,-25,11,-22,13,-19,16,-15,18,-12,21,-9,23,-6,24,-3,25,-1,26,1,26,3,26,4,26,5,25,5,24,6,23,7,5,1,0,0,0,0,0,0,0,0,0,0,0,0,0,0,0,0,0,0,0,-2,2,-6,2,-4,4,-1,5,2,6,4,6,7,7,9,8,11,9,12,10,14,11,14,12,14,13,13,13,11,14,9,15,6,15,2,15,-1,15,-5,15,-10,15,-15,14,-20,13,-25,12,-29,11,-34,10,-38]",giovani,unknown,unknown
CSI_DATA,901110,b2:1f:e7:2b:79:66,-38,11,1,7,0,1,1,0,1,0,1,-97,0,1,0,-104200727,0,83,0,128,1,"[83,-80,4,0,-11,-15,-11,-15,-11,-14,-11,-14,-10,-13,-10,-12,-9,-12,-8,-11,-6,-11,-5,-10,-3,-10,-2,-10,0,-10,2,-10,3,-9,5,-9,6,-9,7,-8,8,-8,9,-8,9,-7,9,-7,9,-6,9,-6,9,-6,2,-2,0,0,0,0,0,0,0,0,0,0,0,0,0,0,0,0,0,0,-1,-1,-2,-3,-1,-3,0,-2,1,-1,2,-1,3,0,4,0,5,0,6,1,7,1,7,1,7,0,7,0,7,-1,7,-2,6,-3,5,-4,4,-5,3,-7,2,-8,0,-9,-1,-11,-3,-12,-5,-13,-7,-14,-8,-15]",giovani,unknown,unknown
CSI_DATA,901112,b2:1f:e7:2b:79:66,-41,11,1,7,0,1,1,0,1,0,1,-97,0,1,0,-104194981,0,83,0,128,1,"[83,-80,4,0,-5,-43,-6,-43,-6,-42,-6,-40,-6,-37,-5,-35,-4,-33,-2,-31,0,-28,2,-25,5,-23,8,-20,11,-17,14,-15,18,-12,20,-10,22,-8,24,-6,25,-4,26,-2,26,-1,26,0,25,0,24,1,23,2,5,0,0,0,0,0,0,0,0,0,0,0,0,0,0,0,0,0,0,0,-1,-2,-1,-6,0,-5,2,-2,4,0,6,2,8,4,9,6,11,7,13,9,14,10,15,10,16,9,16,8,16,6,16,4,16,1,16,-3,15,-6,14,-10,13,-14,11,-19,9,-23,7,-28,5,-32,2,-36,1,-39]",giovani,unknown,unknown
CSI_DATA,901114,b2:1f:e7:2b:79:66,-37,11,1,7,0,1,1,0,1,0,1,-97,0,1,0,-104189612,0,83,0,128,1,"[83,-80,4,0,13,13,13,12,13,11,13,11,12,10,11,10,10,9,9,9,8,9,6,8,4,8,2,9,1,9,-1,9,-3,9,-4,9,-6,9,-7,9,-8,9,-9,9,-9,8,-9,8,-9,8,-9,7,-9,7,-3,1,0,0,0,0,0,0,0,0,0,0,0,0,0,0,0,0,0,0,0,0,1,2,0,1,-1,1,-2,0,-4,0,-5,0,-6,0,-7,0,-8,-1,-8,-1,-9,0,-9,0,-9,0,-9,1,-8,2,-7,3,-6,4,-5,5,-3,6,-1,7,0,8,2,9,4,10,7,11,9,12,10,13]",giovani,unknown,unknown
CSI_DATA,901116,b2:1f:e7:2b:79:66,-37,11,1,7,0,1,1,0,1,0,1,-97,0,1,0,-104182027,0,83,0,128,1,"[83,-80,4,0,-17,10,-16,10,-15,10,-15,10,-14,9,-13,8,-13,8,-12,6,-11,5,-11,3,-11,2,-10,0,-10,-2,-10,-4,-9,-5,-9,-7,-8,-8,-8,-9,-8,-10,-7,-11,-7,-11,-7,-11,-6,-11,-6,-11,-5,-10,-2,-3,0,0,0,0,0,0,0,0,0,0,0,0,0,0,0,0,0,0,-1,0,-3,0,-3,-1,-2,-2,-1,-3,-1,-4,0,-5,1,-6,1,-7,1,-7,1,-8,1,-9,1,-9,1,-9,0,-9,-1,-8,-2,-8,-4,-7,-5,-6,-7,-5,-8,-3,-9,-2,-11,0,-12,2,-14,3,-15,5,-16,6]",giovani,unknown,unknown
CSI_DATA,901118,b2:1f:e7:2b:79:66,-37,11,1,7,0,1,1,0,1,0,1,-97,0,1,0,-104172004,0,83,0,128,1,"[83,-80,4,0,5,17,5,17,6,17,6,16,5,15,5,14,4,13,3,12,2,11,1,10,0,10,-2,9,-4,8,-5,8,-7,7,-8,7,-9,6,-10,6,-11,5,-11,5,-12,4,-12,4,-11,3,-11,3,-11,3,-3,0,0,0,0,0,0,0,0,0,0,0,0,0,0,0,0,0,0,0,0,0,0,2,-1,2,-2,0,-3,-1,-4,-1,-4,-2,-5,-3,-6,-3,-6,-4,-7,-4,-7,-5,-8,-4,-8,-4,-8,-3,-8,-2,-8,0,-7,1,-7,2,-6,4,-5,6,-4,8,-3,9,-1,11,0,13,1,15,2,16]",giovani,unknown,unknown
CSI_DATA,901120,b2:1f:e7:2b:79:66,-41,11,1,7,0,1,1,0,1,0,1,-97,0,1,0,-104162089,0,83,0,128,1,"[83,-80,4,0,-4,-48,-4,-48,-5,-46,-5,-45,-5,-42,-4,-40,-3,-38,-2,-35,0,-32,3,-29,7,-26,10,-23,14,-20,17,-17,20,-14,23,-11,25,-9,27,-7,29,-5,30,-3,30,-2,29,-1,28,0,27,1,26,2,6,0,0,0,0,0,0,0,0,0,0,0,0,0,0,0,0,0,0,0,0,-2,0,-7,2,-5,4,-2,6,0,7,3,9,5,10,7,12,9,13,11,15,12,16,12,17,12,17,10,17,8,18,6,17,2,17,-2,16,-6,15,-10,14,-15,12,-20,10,-25,8,-30,6,-35,3,-40,2,-43]",giovani,unknown,unknown
CSI_DATA,901122,b2:1f:e7:2b:79:66,-37,11,1,7,0,1,1,0,1,0,1,-97,0,1,0,-104146964,0,83,0,128,1,"[83,-80,4,0,7,16,7,16,8,15,7,15,7,14,7,13,6,12,5,11,4,11,2,10,1,10,-1,9,-2,9,-4,9,-5,8,-7,8,-8,7,-9,7,-10,6,-10,6,-11,6,-11,5,-11,5,-10,4,-10,4,-3,1,0,0,0,0,0,0,0,0,0,0,0,0,0,0,0,0,0,0,0,0,-1,2,-1,1,-2,0,-3,-1,-4,-1,-4,-2,-5,-3,-6,-3,-7,-4,-7,-4,-8,-4,-8,-4,-8,-3,-8,-3,-8,-2,-8,0,-7,1,-6,3,-5,4,-4,6,-3,8,-2,9,0,11,1,13,2,14,3,15]",giovani,unknown,unknown
CSI_DATA,901124,b2:1f:e7:2b:79:66,-37,11,1,7,0,1,1,0,1,0,1,-97,0,1,0,-104141480,0,83,0,128,1,"[83,-80,4,0,17,-5,17,-6,16,-6,16,-6,15,-5,14,-5,13,-5,12,-4,11,-3,10,-1,9,0,9,2,8,3,7,5,7,6,6,8,5,9,4,10,4,10,3,11,3,11,2,11,2,10,1,10,1,10,0,2,0,0,0,0,0,0,0,0,0,0,0,0,0,0,0,0,0,0,0,-1,2,-1,1,0,1,1,0,2,-1,3,-2,3,-3,4,-3,5,-4,6,-4,6,-4,7,-4,7,-3,7,-3,7,-2,7,-1,7,1,6,2,6,4,5,6,4,8,3,9,2,11,1,13,0,15,-1,16,-2]",giovani,unknown,unknown
CSI_DATA,901126,b2:1f:e7:2b:79:66,-41,11,1,7,0,1,1,0,1,0,1,-97,0,1,0,-104130717,0,83,0,128,1,"[83,-80,4,0,-43,21,-42,22,-40,22,-39,21,-37,20,-35,19,-33,17,-31,14,-29,11,-28,7,-27,3,-25,-1,-24,-5,-23,-10,-21,-14,-20,-18,-18,-21,-17,-23,-16,-25,-15,-27,-14,-27,-12,-27,-11,-27,-10,-26,-9,-26,-2,-7,0,0,0,0,0,0,0,0,0,0,0,0,0,0,0,0,0,0,-2,0,-7,2,-6,-1,-4,-3,-3,-6,-1,-9,1,-11,2,-14,3,-16,4,-18,4,-19,4,-20,3,-21,2,-21,0,-20,-3,-19,-5,-18,-8,-16,-12,-14,-16,-11,-20,-8,-24,-5,-28,-1,-31,3,-35,7,-38,11,-40,14]",giovani,unknown,unknown
CSI_DATA,901128,b2:1f:e7:2b:79:66,-37,11,1,7,0,1,1,0,1,0,1,-97,0,1,0,-104121520,0,83,0,128,1,"[83,-80,4,0,16,7,16,6,16,6,15,5,14,5,14,5,13,5,11,5,10,5,9,5,7,6,6,7,4,8,3,9,1,9,0,10,-1,10,-2,10,-3,11,-4,11,-4,11,-5,10,-5,10,-5,9,-5,9,-2,2,0,0,0,0,0,0,0,0,0,0,0,0,0,0,0,0,0,0,0,0,1,1,0,1,-1,1,-2,1,-3,1,-4,1,-6,2,-6,2,-7,2,-8,2,-8,2,-8,3,-8,3,-7,3,-6,4,-5,5,-4,5,-3,6,-1,6,1,7,3,7,5,8,7,8,10,8,12,8,13,8]",giovani,unknown,unknown
CSI_DATA,901130,b2:1f:e7:2b:79:66,-37,11,1,7,0,1,1,0,1,0,1,-97,0,1,0,-104111911,0,83,0,128,1,"[83,-80,4,0,9,-16,9,-16,8,-16,8,-15,7,-14,7,-14,7,-13,7,-11,7,-10,7,-9,7,-7,8,-5,8,-4,9,-2,9,0,10,1,10,2,10,3,10,4,10,5,10,6,9,6,9,6,8,6,8,6,2,1,0,0,0,0,0,0,0,0,0,0,0,0,0,0,0,0,0,0,0,-1,1,-2,1,-1,1,0,1,1,1,2,1,4,1,5,1,6,1,6,1,7,1,7,2,7,2,7,3,7,3,6,4,5,5,4,5,2,6,1,7,-1,8,-3,8,-5,9,-7,9,-9,10,-11,10,-13]",giovani,unknown,unknown
CSI_DATA,901132,b2:1f:e7:2b:79:66,-38,11,1,7,0,1,1,0,1,0,1,-97,0,1,0,-104096684,0,83,0,128,1,"[83,-80,4,0,-8,16,-8,16,-7,16,-7,15,-7,14,-6,14,-6,12,-6,11,-6,10,-7,8,-7,7,-8,5,-9,4,-10,2,-10,1,-11,-1,-11,-2,-11,-3,-12,-4,-12,-5,-12,-5,-11,-5,-11,-5,-10,-5,-10,-5,-3,-2,0,0,0,0,0,0,0,0,0,0,0,0,0,0,0,0,0,0,-1,0,-2,1,-2,1,-2,-1,-2,-2,-2,-3,-2,-4,-2,-5,-2,-6,-3,-7,-3,-8,-3,-8,-4,-8,-4,-8,-5,-7,-5,-6,-6,-5,-6,-4,-7,-2,-8,-1,-8,1,-8,3,-9,5,-9,8,-9,10,-9,11,-9,13]",giovani,unknown,unknown
CSI_DATA,901134,b2:1f:e7:2b:79:66,-41,11,1,7,0,1,1,0,1,0,1,-97,0,1,0,-104091151,0,83,0,128,1,"[83,-80,4,0,-2,46,-1,46,0,45,0,42,0,40,0,38,-1,36,-2,33,-4,30,-7,27,-10,23,-13,20,-16,17,-19,14,-22,11,-25,8,-26,6,-28,3,-29,1,-30,0,-30,-2,-30,-3,-29,-4,-27,-5,-26,-5,-7,-2,0,0,0,0,0,0,0,0,0,0,0,0,0,0,0,0,0,0,-1,1,-2,6,-3,4,-5,1,-6,-2,-8,-4,-9,-7,-10,-9,-12,-11,-13,-12,-14,-14,-15,-14,-16,-13,-17,-12,-17,-10,-18,-8,-18,-5,-18,-1,-18,3,-17,7,-16,12,-15,17,-14,22,-12,28,-10,33,-8,37,-7,40]",giovani,unknown,unknown
CSI_DATA,901136,b2:1f:e7:2b:79:66,-41,11,1,7,0,1,1,0,1,0,1,-97,0,1,0,-104082063,0,83,0,128,1,"[83,-80,4,0,-24,-42,-25,-41,-25,-40,-25,-38,-23,-36,-22,-34,-20,-33,-17,-31,-14,-29,-10,-28,-6,-27,-1,-25,3,-24,8,-23,12,-22,16,-21,19,-19,22,-18,24,-17,25,-16,26,-15,26,-14,26,-13,25,-12,25,-11,6,-3,0,0,0,0,0,0,0,0,0,0,0,0,0,0,0,0,0,0,-1,-2,-3,-7,0,-6,2,-4,5,-2,8,0,10,1,13,2,15,3,17,4,19,5,20,4,21,3,21,2,20,0,19,-2,18,-5,16,-9,13,-12,10,-16,7,-20,3,-24,-1,-28,-5,-31,-10,-35,-14,-38,-17,-40]",giovani,unknown,unknown
CSI_DATA,901138,b2:1f:e7:2b:79:66,-41,11,1,7,0,1,1,0,1,0,1,-97,0,1,0,-104071581,0,83,0,128,1,"[83,-80,4,0,-44,-3,-44,-2,-43,-1,-41,-1,-39,-1,-37,-1,-34,-2,-32,-3,-29,-5,-26,-7,-22,-10,-19,-12,-16,-15,-13,-18,-10,-21,-7,-23,-4,-25,-2,-26,0,-27,1,-28,3,-28,4,-27,4,-26,5,-25,5,-24,1,-6,0,0,0,0,0,0,0,0,0,0,0,0,0,0,0,0,0,0,-2,-1,-7,-2,-4,-3,-2,-4,1,-6,3,-7,6,-9,8,-10,10,-11,11,-12,12,-13,13,-14,12,-15,11,-16,9,-16,7,-16,4,-17,1,-17,-3,-17,-8,-16,-12,-15,-17,-15,-22,-13,-26,-12,-31,-10,-36,-8,-39,-7]",giovani,unknown,unknown
CSI_DATA,901140,b2:1f:e7:2b:79:66,-37,11,1,7,0,1,1,0,1,0,1,-97,0,1,0,-104061957,0,83,0,128,1,"[83,-80,4,0,-13,-14,-13,-14,-13,-14,-12,-13,-12,-12,-11,-11,-10,-11,-9,-11,-8,-10,-6,-10,-5,-10,-3,-10,-1,-10,1,-10,2,-10,4,-10,5,-10,6,-10,7,-9,8,-9,8,-9,8,-8,8,-8,8,-7,8,-7,2,-2,0,0,0,0,0,0,0,0,0,0,0,0,0,0,0,0,0,0,-1,-1,-2,-3,-1,-3,0,-2,1,-2,2,-1,4,-1,5,0,6,0,6,0,7,0,7,0,8,0,7,-1,7,-1,7,-2,6,-4,5,-5,4,-6,2,-7,1,-8,-1,-9,-2,-11,-4,-12,-6,-13,-8,-14,-9,-14]",giovani,unknown,unknown
CSI_DATA,901142,b2:1f:e7:2b:79:66,-37,11,1,7,0,1,1,0,1,0,1,-97,0,1,0,-104052019,0,83,0,128,1,"[83,-80,4,0,18,0,17,0,17,-1,16,-1,16,-1,15,-1,14,0,12,0,11,1,10,2,9,3,8,4,6,6,5,7,4,8,3,9,2,10,1,11,0,11,-1,11,-1,11,-2,11,-2,11,-2,10,-2,10,-1,2,0,0,0,0,0,0,0,0,0,0,0,0,0,0,0,0,0,0,0,0,2,0,1,0,0,1,-1,2,-2,2,-3,3,-4,4,-5,4,-5,4,-6,5,-6,5,-6,6,-5,6,-5,6,-4,6,-3,6,-1,6,0,6,2,6,4,6,6,5,8,5,10,4,12,4,14,3,15,2]",giovani,unknown,unknown
CSI_DATA,901144,b2:1f:e7:2b:79:66,-37,11,1,7,0,1,1,0,1,0,1,-97,0,1,0,-104041982,0,83,0,128,1,"[83,-80,4,0,-3,17,-3,17,-3,17,-2,16,-2,16,-2,15,-2,14,-3,12,-3,11,-4,10,-5,8,-6,7,-7,6,-8,4,-10,3,-11,2,-11,1,-12,0,-12,-1,-12,-2,-12,-2,-12,-3,-12,-3,-11,-3,-11,-3,-3,-1,0,0,0,0,0,0,0,0,0,0,0,0,0,0,0,0,0,0,-1,0,-1,2,-2,1,-2,0,-3,-1,-3,-3,-3,-4,-4,-4,-4,-5,-4,-6,-5,-7,-5,-7,-6,-7,-6,-7,-6,-6,-7,-5,-7,-4,-7,-2,-7,0,-7,1,-7,3,-7,5,-7,7,-7,10,-6,12,-6,13,-6,15]",giovani,unknown,unknown
CSI_DATA,901146,b2:1f:e7:2b:79:66,-37,11,1,7,0,1,1,0,1,0,1,-97,0,1,0,-104030824,0,83,0,128,1,"[83,-80,4,0,-14,12,-13,12,-13,12,-12,12,-11,11,-11,11,-10,10,-10,8,-10,7,-9,6,-9,4,-10,2,-10,1,-10,-1,-10,-3,-10,-4,-10,-6,-10,-7,-10,-8,-9,-8,-9,-9,-9,-9,-8,-9,-8,-9,-7,-9,-2,-3,0,0,0,0,0,0,0,0,0,0,0,0,0,0,0,0,0,0,-1,0,-3,1,-3,0,-2,-1,-2,-2,-2,-4,-1,-4,-1,-5,0,-6,0,-7,0,-8,-1,-8,-1,-9,-1,-9,-2,-8,-3,-8,-4,-7,-5,-6,-6,-5,-7,-3,-8,-2,-9,0,-10,2,-11,4,-12,6,-13,8,-13,9]",giovani,unknown,unknown
CSI_DATA,901148,b2:1f:e7:2b:79:66,-37,11,1,7,0,1,1,0,1,0,1,-97,0,1,0,-104021422,0,83,0,128,1,"[83,-80,4,0,-1,-18,-1,-18,-2,-18,-2,-17,-2,-16,-2,-16,-1,-15,-1,-14,0,-13,1,-11,2,-10,3,-9,5,-8,6,-7,8,-6,9,-5,9,-4,10,-3,11,-2,11,-2,11,-2,11,-1,11,-1,10,-1,10,0,2,0,0,0,0,0,0,0,0,0,0,0,0,0,0,0,0,0,0,0,0,-1,0,-3,0,-2,1,-1,2,0,2,1,3,2,3,3,4,4,4,5,5,5,5,5,5,5,6,5,6,4,6,3,6,2,6,0,6,-2,6,-3,5,-5,5,-7,4,-9,4,-11,3,-13,2,-15,2,-16]",giovani,unknown,unknown
CSI_DATA,901150,b2:1f:e7:2b:79:66,-41,11,1,7,0,1,1,0,1,0,1,-97,0,1,0,-104011561,0,83,0,128,1,"[83,-80,4,0,-27,32,-26,33,-25,32,-24,31,-23,30,-22,28,-21,26,-20,23,-20,19,-20,16,-20,12,-21,8,-21,4,-22,0,-22,-4,-22,-7,-22,-10,-22,-13,-22,-15,-22,-17,-21,-18,-20,-18,-19,-18,-18,-18,-17,-18,-4,-5,0,0,0,0,0,0,0,0,0,0,0,0,0,0,0,0,0,0,-2,1,-5,3,-5,1,-4,-2,-4,-4,-4,-7,-3,-10,-3,-12,-3,-15,-3,-17,-3,-18,-4,-19,-4,-19,-6,-18,-7,-17,-9,-16,-11,-14,-13,-11,-15,-8,-17,-4,-19,0,-21,4,-23,9,-24,14,-26,18,-27,22,-27,26]",giovani,unknown,unknown
CSI_DATA,901152,b2:1f:e7:2b:79:66,-38,11,1,7,0,1,1,0,1,0,1,-97,0,1,0,-103995215,0,83,0,128,1,"[83,-80,4,0,-19,-1,-19,0,-18,0,-17,0,-16,0,-15,0,-14,0,-13,-1,-12,-2,-11,-3,-10,-4,-8,-5,-7,-6,-6,-8,-5,-9,-4,-10,-3,-11,-2,-12,-1,-12,0,-12,0,-12,1,-12,1,-12,1,-11,2,-11,0,-3,0,0,0,0,0,0,0,0,0,0,0,0,0,0,0,0,0,0,-1,0,-3,-1,-2,-1,-1,-2,0,-2,1,-3,2,-4,3,-4,4,-5,4,-5,5,-6,5,-6,5,-7,5,-7,4,-7,3,-7,2,-7,0,-8,-1,-7,-3,-7,-5,-7,-7,-6,-9,-6,-11,-5,-13,-4,-15,-4,-16,-3]",giovani,unknown,unknown
CSI_DATA,901154,b2:1f:e7:2b:79:66,-41,11,1,7,0,1,1,0,1,0,1,-97,0,1,0,-103989745,0,83,0,128,1,"[83,-80,4,0,40,-14,40,-14,38,-15,37,-15,35,-14,33,-13,31,-11,29,-9,27,-7,25,-3,23,0,21,3,19,7,17,11,16,15,14,18,12,20,11,22,10,24,8,25,7,25,6,25,5,25,4,24,3,24,0,5,0,0,0,0,0,0,0,0,0,0,0,0,0,0,0,0,0,0,1,-1,5,-2,4,0,2,2,1,4,-1,7,-3,9,-5,11,-6,13,-7,14,-7,16,-7,16,-7,17,-5,17,-3,17,-1,17,1,16,4,15,8,13,12,11,16,10,20,7,24,4,27,1,31,-2,35,-5,38,-8]",giovani,unknown,unknown
CSI_DATA,901156,b2:1f:e7:2b:79:66,-37,11,1,7,0,1,1,0,1,0,1,-97,0,1,0,-103981634,0,83,0,128,1,"[83,-80,4,0,-3,18,-2,18,-2,17,-2,17,-1,16,-1,15,-2,14,-2,13,-3,11,-3,10,-5,9,-6,8,-7,6,-8,5,-9,4,-10,3,-11,2,-12,1,-12,0,-13,0,-13,-1,-13,-1,-12,-2,-12,-2,-11,-2,-3,-1,0,0,0,0,0,0,0,0,0,0,0,0,0,0,0,0,0,0,-1,0,-1,2,-2,1,-2,0,-3,-1,-3,-3,-4,-4,-4,-5,-4,-6,-5,-6,-5,-7,-5,-7,-6,-7,-6,-7,-7,-6,-7,-5,-7,-4,-8,-2,-8,0,-7,1,-7,4,-7,6,-7,8,-6,10,-6,12,-5,14,-5,15]",giovani,unknown,unknown
CSI_DATA,901158,b2:1f:e7:2b:79:66,-37,11,1,7,0,1,1,0,1,0,1,-97,0,1,0,-103971961,0,83,0,128,1,"[83,-80,4,0,-18,-6,-18,-6,-18,-5,-17,-5,-16,-4,-15,-4,-14,-4,-13,-5,-12,-5,-10,-6,-9,-6,-8,-7,-6,-8,-5,-9,-4,-10,-2,-11,-1,-12,0,-12,1,-12,1,-12,2,-12,2,-12,3,-12,3,-11,3,-11,0,-3,0,0,0,0,0,0,0,0,0,0,0,0,0,0,0,0,0,0,-1,-1,-3,-2,-2,-2,-1,-2,0,-2,2,-3,3,-3,4,-3,5,-3,6,-4,6,-4,7,-4,7,-5,6,-5,6,-6,5,-6,4,-7,2,-7,1,-8,-1,-8,-3,-8,-5,-8,-7,-8,-10,-8,-12,-8,-14,-8,-15,-8]",giovani,unknown,unknown
CSI_DATA,901160,b2:1f:e7:2b:79:66,-41,11,1,7,0,1,1,0,1,0,1,-97,0,1,0,-103962107,0,83,0,128,1,"[83,-80,4,0,-43,-2,-43,-1,-42,-1,-40,0,-38,0,-36,0,-34,-1,-31,-3,-28,-4,-25,-6,-23,-9,-20,-12,-17,-15,-14,-17,-11,-20,-8,-22,-5,-24,-3,-26,-2,-27,0,-28,1,-28,2,-27,3,-26,4,-25,4,-24,1,-6,0,0,0,0,0,0,0,0,0,0,0,0,0,0,0,0,0,0,-2,-1,-7,-2,-5,-3,-2,-4,1,-6,3,-7,5,-9,8,-10,9,-11,11,-12,12,-13,12,-14,12,-15,11,-16,9,-16,7,-16,4,-17,1,-17,-3,-16,-7,-16,-12,-15,-17,-14,-21,-13,-26,-11,-31,-9,-35,-8,-38,-6]",giovani,unknown,unknown
CSI_DATA,901162,b2:1f:e7:2b:79:66,-37,11,1,7,0,1,1,0,1,0,1,-97,0,1,0,-103952026,0,83,0,128,1,"[83,-80,4,0,6,-17,6,-18,6,-17,5,-17,5,-16,4,-15,4,-14,4,-13,5,-11,5,-10,6,-8,7,-7,7,-5,8,-4,9,-2,10,-1,10,0,10,1,11,2,11,3,11,3,10,4,10,4,10,4,9,4,2,1,0,0,0,0,0,0,0,0,0,0,0,0,0,0,0,0,0,0,0,-1,1,-2,1,-2,1,0,1,1,1,2,1,3,1,4,2,5,2,6,2,7,2,7,3,7,3,7,4,6,4,6,5,4,5,3,6,1,6,0,7,-2,7,-4,7,-6,8,-9,8,-11,8,-12,8,-14]",giovani,unknown,unknown
CSI_DATA,901164,b2:1f:e7:2b:79:66,-41,11,1,7,0,1,1,0,1,0,1,-97,0,1,0,-103941633,0,83,0,128,1,"[83,-80,4,0,-48,1,-47,2,-46,3,-44,3,-42,3,-40,3,-37,2,-34,0,-31,-2,-28,-5,-25,-8,-22,-11,-19,-14,-17,-18,-14,-21,-11,-24,-8,-26,-6,-28,-4,-30,-2,-30,-1,-30,0,-30,1,-29,2,-28,2,-27,0,-7,0,0,0,0,0,0,0,0,0,0,0,0,0,0,0,0,0,0,-2,-1,-7,-1,-5,-3,-3,-4,0,-6,3,-8,5,-10,8,-11,10,-13,11,-14,12,-16,12,-17,12,-17,11,-18,9,-18,6,-19,3,-19,-1,-19,-5,-18,-10,-17,-15,-16,-20,-15,-25,-13,-30,-11,-35,-9,-39,-6,-43,-4]",giovani,unknown,unknown
CSI_DATA,901166,b2:1f:e7:2b:79:66,-41,11,1,7,0,1,1,0,1,0,1,-97,0,1,0,-103931911,0,83,0,128,1,"[83,-80,4,0,-7,-47,-8,-47,-8,-46,-8,-44,-8,-41,-7,-39,-6,-37,-4,-34,-2,-31,1,-29,5,-26,8,-23,12,-20,15,-17,19,-15,22,-12,24,-10,26,-7,28,-6,29,-4,29,-3,29,-1,28,0,27,1,26,1,6,0,0,0,0,0,0,0,0,0,0,0,0,0,0,0,0,0,0,0,-1,-2,-1,-7,1,-5,3,-3,5,-1,7,2,9,4,11,6,13,7,15,9,16,10,17,10,18,9,19,8,19,6,18,4,18,0,18,-3,17,-7,15,-11,13,-16,11,-21,9,-26,7,-31,4,-36,1,-40,-1,-43]",giovani,unknown,unknown
CSI_DATA,901168,b2:1f:e7:2b:79:66,-37,11,1,7,0,1,1,0,1,0,1,-97,0,1,0,-103921968,0,83,0,128,1,"[83,-80,4,0,-13,-14,-14,-13,-13,-13,-13,-12,-12,-11,-12,-11,-11,-10,-10,-10,-8,-10,-7,-10,-5,-9,-4,-10,-2,-10,0,-10,2,-10,3,-10,4,-10,5,-10,6,-10,7,-9,7,-9,8,-9,8,-8,7,-8,7,-7,1,-2,0,0,0,0,0,0,0,0,0,0,0,0,0,0,0,0,0,0,-1,-1,-2,-3,-1,-3,0,-2,1,-2,2,-1,4,-1,5,0,5,0,6,0,7,0,7,-1,8,-1,8,-1,7,-2,7,-3,6,-4,5,-5,4,-6,2,-7,1,-8,-1,-9,-3,-10,-4,-11,-6,-12,-8,-13,-9,-14]",giovani,unknown,unknown
CSI_DATA,901170,b2:1f:e7:2b:79:66,-37,11,1,7,0,1,1,0,1,0,1,-97,0,1,0,-103909970,0,83,0,128,1,"[83,-80,4,0,11,-14,11,-14,11,-14,10,-14,10,-13,9,-12,9,-11,8,-10,8,-9,8,-7,8,-6,8,-4,8,-2,8,0,9,2,9,3,9,4,9,5,9,6,9,7,8,7,8,8,7,8,7,8,6,8,1,2,0,0,0,0,0,0,0,0,0,0,0,0,0,0,0,0,0,0,0,-1,1,-2,1,-1,1,0,1,1,1,2,0,4,0,5,0,6,0,6,0,7,0,8,1,8,1,8,2,7,3,6,3,6,4,4,5,3,6,2,7,0,8,-2,9,-4,10,-6,11,-7,11,-9,12,-10]",giovani,unknown,unknown
CSI_DATA,901172,b2:1f:e7:2b:79:66,-38,11,1,7,0,1,1,0,1,0,1,-97,0,1,0,-103894259,0,83,0,128,1,"[83,-80,4,0,-14,12,-14,12,-13,12,-13,11,-12,11,-11,10,-11,9,-10,8,-10,7,-10,5,-10,4,-10,2,-10,0,-10,-2,-10,-4,-10,-5,-9,-6,-9,-7,-9,-8,-9,-9,-8,-9,-8,-10,-7,-9,-7,-9,-7,-9,-2,-3,0,0,0,0,0,0,0,0,0,0,0,0,0,0,0,0,0,0,-1,0,-3,1,-2,0,-2,-1,-2,-2,-1,-4,-1,-4,-1,-5,0,-6,0,-7,0,-8,0,-8,-1,-9,-1,-8,-2,-8,-3,-8,-4,-7,-5,-6,-6,-5,-7,-4,-8,-2,-9,0,-10,2,-11,4,-12,5,-13,7,-13,8]",giovani,unknown,unknown
CSI_DATA,901174,b2:1f:e7:2b:79:66,-37,11,1,7,0,1,1,0,1,0,1,-97,0,1,0,-103888627,0,83,0,128,1,"[83,-80,4,0,16,7,16,6,16,6,15,5,15,5,14,5,13,5,11,5,10,5,8,6,7,6,5,7,4,8,2,8,0,9,-1,10,-3,10,-4,10,-5,10,-5,10,-6,10,-6,10,-6,9,-6,9,-7,8,-2,2,0,0,0,0,0,0,0,0,0,0,0,0,0,0,0,0,0,0,0,0,2,1,1,1,-1,1,-2,1,-3,2,-4,2,-5,2,-6,2,-7,2,-8,3,-8,3,-8,4,-8,4,-7,4,-6,5,-5,5,-4,6,-2,6,0,6,2,7,4,7,6,7,8,8,10,8,12,8,14,7]",giovani,unknown,unknown
CSI_DATA,901176,b2:1f:e7:2b:79:66,-37,11,1,7,0,1,1,0,1,0,1,-97,0,1,0,-103882033,0,83,0,128,1,"[83,-80,4,0,13,12,13,12,13,11,13,11,12,10,11,10,10,9,9,9,8,8,6,8,4,8,3,9,1,9,-1,9,-3,9,-4,9,-6,9,-7,9,-8,8,-8,8,-9,8,-9,8,-9,7,-9,7,-9,6,-3,1,0,0,0,0,0,0,0,0,0,0,0,0,0,0,0,0,0,0,0,0,1,2,0,1,-1,1,-2,1,-4,0,-5,0,-6,0,-7,0,-8,0,-8,0,-9,0,-9,0,-9,1,-8,1,-8,2,-7,3,-6,4,-5,5,-3,6,-1,7,1,8,2,9,4,10,6,11,8,12,10,12]",giovani,unknown,unknown
CSI_DATA,901178,b2:1f:e7:2b:79:66,-37,11,1,7,0,1,1,0,1,0,1,-97,0,1,0,-103872009,0,83,0,128,1,"[83,-80,4,0,16,-8,16,-8,16,-8,15,-8,14,-8,14,-7,13,-6,12,-5,11,-4,10,-3,10,-2,9,0,8,2,8,3,8,5,7,7,6,8,6,9,5,10,5,10,5,11,4,11,4,10,3,10,3,10,0,2,0,0,0,0,0,0,0,0,0,0,0,0,0,0,0,0,0,0,0,-1,2,-1,2,0,1,1,0,2,-1,3,-2,4,-2,5,-3,5,-3,6,-3,7,-3,7,-3,8,-3,8,-2,7,-1,7,0,7,1,6,3,5,5,4,6,3,8,2,10,1,11,-1,13,-2,14,-4,15,-5]",giovani,unknown,unknown
CSI_DATA,901180,b2:1f:e7:2b:79:66,-41,11,1,7,0,1,1,0,1,0,1,-97,0,1,0,-103861580,0,83,0,128,1,"[83,-80,4,0,20,37,20,36,21,35,20,33,19,31,18,30,16,28,13,27,10,25,7,24,3,22,-1,21,-5,20,-9,19,-13,18,-16,16,-19,15,-21,14,-23,13,-24,12,-25,10,-25,9,-25,8,-24,7,-23,6,-6,1,0,0,0,0,0,0,0,0,0,0,0,0,0,0,0,0,0,0,0,1,2,5,0,4,-2,2,-5,1,-8,0,-10,-1,-12,-2,-14,-2,-16,-3,-18,-4,-19,-3,-19,-2,-19,-2,-19,0,-18,2,-17,5,-15,8,-13,11,-10,14,-7,17,-3,20,0,24,4,28,7,31,11,33,14,35]",giovani,unknown,unknown
CSI_DATA,901182,b2:1f:e7:2b:79:66,-37,11,1,7,0,1,1,0,1,0,1,-97,0,1,0,-103852024,0,83,0,128,1,"[83,-80,4,0,16,6,16,5,16,5,16,5,15,4,14,4,13,4,11,5,10,5,8,5,7,6,5,7,3,8,2,8,0,9,-1,9,-3,10,-4,10,-5,10,-5,10,-6,10,-7,9,-7,9,-7,8,-7,8,-2,2,0,0,0,0,0,0,0,0,0,0,0,0,0,0,0,0,0,0,0,0,2,0,1,1,0,1,-1,1,-3,2,-4,3,-5,3,-6,3,-6,3,-7,4,-8,4,-7,5,-7,5,-6,5,-5,5,-4,6,-3,6,-2,7,0,7,2,7,4,7,7,7,9,7,11,7,13,7,14,7]",giovani,unknown,unknown
CSI_DATA,901184,b2:1f:e7:2b:79:66,-41,11,1,7,0,1,1,0,1,0,1,-97,0,1,0,-103841994,0,83,0,128,1,"[83,-80,4,0,-1,-43,-2,-42,-3,-42,-3,-40,-3,-38,-2,-36,-1,-34,0,-31,2,-28,4,-26,7,-23,10,-20,13,-17,16,-14,19,-11,21,-9,23,-6,24,-4,25,-2,26,-1,26,1,26,2,25,3,24,3,23,4,5,1,0,0,0,0,0,0,0,0,0,0,0,0,0,0,0,0,0,0,0,-2,0,-7,1,-5,3,-3,5,0,6,2,8,4,9,6,11,8,12,9,13,10,14,11,15,10,15,9,16,8,16,5,16,2,16,-1,15,-5,14,-8,13,-13,12,-17,11,-22,9,-27,7,-31,5,-35,3,-38]",giovani,unknown,unknown
CSI_DATA,901186,b2:1f:e7:2b:79:66,-41,11,1,7,0,1,1,0,1,0,1,-97,0,1,0,-103832005,0,83,0,128,1,"[83,-80,4,0,42,0,41,-1,40,-2,39,-2,37,-2,35,-1,32,-1,30,1,27,2,24,4,21,7,18,10,15,13,13,16,10,19,7,21,5,23,2,25,1,26,-1,26,-2,26,-3,26,-4,25,-5,24,-5,23,-2,5,0,0,0,0,0,0,0,0,0,0,0,0,0,0,0,0,0,0,1,0,5,0,4,2,1,3,-1,4,-3,6,-6,8,-8,9,-10,10,-11,12,-12,13,-12,14,-12,14,-11,15,-9,15,-7,15,-4,16,-1,15,3,15,7,15,12,14,16,13,21,11,25,9,30,8,34,6,37,4]",giovani,unknown,unknown
CSI_DATA,901188,b2:1f:e7:2b:79:66,-37,11,1,7,0,1,1,0,1,0,1,-97,0,1,0,-103821737,0,83,0,128,1,"[83,-80,4,0,-16,9,-15,10,-15,10,-14,9,-13,9,-13,8,-12,7,-11,6,-11,5,-10,3,-10,2,-10,0,-10,-1,-9,-3,-9,-5,-9,-6,-8,-7,-8,-9,-7,-9,-7,-10,-7,-10,-6,-11,-6,-10,-5,-10,-5,-10,-2,-3,0,0,0,0,0,0,0,0,0,0,0,0,0,0,0,0,0,0,-1,0,-3,1,-3,0,-2,-1,-2,-2,-1,-3,-1,-5,0,-5,0,-6,0,-7,1,-8,0,-8,0,-9,0,-9,-1,-8,-2,-8,-3,-7,-4,-7,-5,-6,-7,-4,-8,-3,-9,-2,-10,0,-12,2,-13,3,-14,5,-15,6]",giovani,unknown,unknown
CSI_DATA,901190,b2:1f:e7:2b:79:66,-38,11,1,7,0,1,1,0,1,0,1,-97,0,1,0,-103811893,0,83,0,128,1,"[83,-80,4,0,-29,-26,-30,-26,-29,-25,-28,-24,-27,-22,-25,-21,-23,-20,-20,-19,-17,-19,-14,-19,-10,-19,-7,-19,-3,-19,1,-19,4,-20,8,-20,10,-20,13,-20,14,-19,16,-19,17,-18,18,-17,17,-16,17,-15,17,-14,4,-4,0,0,0,0,0,0,0,0,0,0,0,0,0,0,0,0,0,0,-2,-2,-4,-5,-2,-5,1,-4,3,-4,6,-3,8,-2,10,-2,12,-2,14,-2,16,-1,17,-2,17,-2,16,-3,16,-5,14,-7,13,-9,10,-11,7,-12,4,-15,0,-17,-3,-19,-7,-21,-11,-23,-16,-25,-20,-26,-23,-27]",giovani,unknown,unknown
CSI_DATA,901192,b2:1f:e7:2b:79:66,-38,11,1,7,0,1,1,0,1,0,1,-97,0,1,0,-103792377,0,83,0,128,1,"[83,-80,4,0,7,16,7,15,7,15,7,14,7,13,6,13,6,12,5,11,3,10,2,9,0,9,-1,9,-3,8,-4,8,-6,7,-7,7,-8,6,-9,5,-10,5,-11,5,-11,4,-11,4,-11,3,-11,3,-10,3,-3,0,0,0,0,0,0,0,0,0,0,0,0,0,0,0,0,0,0,0,0,0,0,2,-1,2,-2,1,-3,0,-4,-1,-5,-1,-5,-2,-6,-2,-7,-2,-7,-3,-8,-3,-8,-2,-8,-2,-8,-1,-8,0,-8,1,-7,2,-6,4,-5,5,-4,6,-3,8,-1,9,0,11,2,12,3,14,4,15]",giovani,unknown,unknown
CSI_DATA,901194,b2:1f:e7:2b:79:66,-41,11,1,7,0,1,1,0,1,0,1,-97,0,1,0,-103786572,0,83,0,128,1,"[83,-80,4,0,2,-47,1,-47,0,-46,0,-44,-1,-42,-1,-39,0,-37,1,-34,4,-31,6,-28,9,-24,12,-21,15,-18,18,-15,21,-11,23,-8,25,-6,27,-4,28,-2,29,0,29,1,28,3,27,4,26,5,25,5,6,1,0,0,0,0,0,0,0,0,0,0,0,0,0,0,0,0,0,0,0,-2,1,-8,2,-6,4,-3,5,0,6,3,8,5,9,7,11,9,12,11,13,12,14,13,15,12,16,11,16,9,17,7,17,4,17,0,17,-4,16,-9,16,-14,14,-19,14,-24,12,-29,11,-34,9,-38,7,-42]",giovani,unknown,unknown
CSI_DATA,901196,b2:1f:e7:2b:79:66,-37,11,1,7,0,1,1,0,1,0,1,-97,0,1,0,-103780822,0,83,0,128,1,"[83,-80,4,0,-9,16,-8,16,-8,16,-7,16,-7,15,-6,14,-6,12,-6,11,-6,10,-7,8,-7,7,-8,5,-9,3,-9,2,-10,0,-10,-1,-11,-2,-11,-4,-11,-5,-11,-5,-11,-6,-11,-6,-11,-6,-10,-6,-9,-6,-3,-2,0,0,0,0,0,0,0,0,0,0,0,0,0,0,0,0,0,0,-1,0,-2,2,-2,1,-3,-1,-3,-2,-3,-3,-2,-4,-3,-5,-3,-6,-3,-7,-3,-8,-4,-8,-4,-8,-4,-8,-5,-7,-6,-6,-6,-5,-7,-4,-7,-3,-8,-1,-8,1,-9,3,-9,5,-9,8,-9,10,-9,11,-9,13]",giovani,unknown,unknown
CSI_DATA,901198,b2:1f:e7:2b:79:66,-37,11,1,7,0,1,1,0,1,0,1,-97,0,1,0,-103771931,0,83,0,128,1,"[83,-80,4,0,6,-18,5,-18,5,-18,4,-17,4,-16,4,-15,4,-14,4,-13,4,-12,5,-10,6,-8,6,-7,7,-6,8,-4,9,-2,9,-1,10,0,11,1,11,2,11,3,11,3,10,4,10,4,10,4,9,4,2,1,0,0,0,0,0,0,0,0,0,0,0,0,0,0,0,0,0,0,0,-1,1,-3,1,-2,1,-1,2,1,2,2,2,3,2,4,2,5,3,6,3,7,3,7,4,7,4,7,5,6,5,5,5,4,6,2,6,1,7,-1,7,-3,7,-5,8,-7,7,-9,7,-11,7,-13,8,-15]",giovani,unknown,unknown
CSI_DATA,901200,b2:1f:e7:2b:79:66,-41,11,1,7,0,1,1,0,1,0,1,-97,0,1,0,-103761990,0,83,0,128,1,"[83,-80,4,0,42,-22,42,-23,40,-23,38,-23,36,-22,35,-20,32,-18,30,-15,28,-12,26,-8,25,-5,24,0,22,4,21,9,20,13,18,17,17,20,15,23,14,25,13,26,12,27,11,27,9,26,8,26,7,25,1,6,0,0,0,0,0,0,0,0,0,0,0,0,0,0,0,0,0,0,1,-1,6,-3,5,-1,4,2,2,5,1,7,-1,10,-3,13,-4,15,-5,17,-5,18,-5,19,-4,20,-2,20,0,20,2,19,5,17,8,16,11,13,15,11,19,8,23,5,27,0,31,-4,34,-8,38,-12,40,-15]",giovani,unknown,unknown
CSI_DATA,901202,b2:1f:e7:2b:79:66,-41,11,1,7,0,1,1,0,1,0,1,-97,0,1,0,-103752014,0,83,0,128,1,"[83,-80,4,0,-7,-47,-8,-47,-9,-46,-9,-44,-9,-41,-8,-39,-7,-37,-5,-34,-2,-31,1,-28,4,-26,8,-23,11,-20,15,-18,19,-15,22,-12,24,-9,26,-7,28,-6,29,-4,29,-3,29,-1,28,0,27,1,26,1,6,0,0,0,0,0,0,0,0,0,0,0,0,0,0,0,0,0,0,0,-1,-2,-1,-8,1,-6,3,-3,6,-1,8,1,9,4,11,6,13,7,15,9,16,10,17,10,18,9,19,8,19,6,19,4,18,0,18,-3,16,-7,15,-12,13,-16,11,-21,9,-26,6,-31,3,-35,1,-40,-2,-43]",giovani,unknown,unknown
CSI_DATA,901204,b2:1f:e7:2b:79:66,-37,11,1,7,0,1,1,0,1,0,1,-97,0,1,0,-103741999,0,83,0,128,1,"[83,-80,4,0,-7,-18,-8,-18,-8,-17,-7,-16,-7,-15,-7,-14,-6,-14,-5,-13,-4,-12,-2,-11,-1,-11,1,-10,2,-9,4,-8,6,-8,7,-7,9,-6,9,-5,10,-5,10,-4,11,-4,11,-3,10,-3,10,-3,10,-2,2,-1,0,0,0,0,0,0,0,0,0,0,0,0,0,0,0,0,0,0,-1,-1,-1,-3,0,-3,1,-2,2,-1,3,-1,4,0,5,1,5,1,6,2,7,2,7,2,7,2,8,1,7,1,7,0,7,-2,6,-3,5,-4,4,-6,3,-7,2,-9,1,-11,0,-12,-2,-14,-3,-15,-5,-16]",giovani,unknown,unknown
CSI_DATA,901206,b2:1f:e7:2b:79:66,-38,11,1,7,0,1,1,0,1,0,1,-97,0,1,0,-103732074,0,83,0,128,1,"[83,-80,4,0,-15,-12,-15,-11,-15,-11,-14,-10,-14,-9,-13,-9,-12,-9,-11,-9,-9,-8,-8,-8,-6,-9,-5,-9,-3,-9,-1,-9,0,-10,2,-10,3,-10,4,-10,5,-10,6,-10,7,-10,7,-9,7,-9,7,-8,7,-8,1,-2,0,0,0,0,0,0,0,0,0,0,0,0,0,0,0,0,0,0,-1,-1,-2,-3,-1,-3,0,-2,1,-2,2,-2,3,-2,4,-2,5,-2,6,-1,7,-2,7,-2,7,-2,7,-3,7,-3,6,-4,5,-5,4,-6,3,-7,1,-8,-1,-9,-2,-9,-4,-10,-6,-11,-8,-11,-10,-12,-11,-12]",giovani,unknown,unknown
CSI_DATA,901208,b2:1f:e7:2b:79:66,-41,11,1,7,0,1,1,0,1,0,1,-97,0,1,0,-103717853,0,83,0,128,1,"[83,-80,4,0,-29,-33,-29,-32,-29,-30,-28,-29,-27,-27,-25,-26,-23,-25,-20,-24,-17,-23,-13,-22,-9,-22,-5,-21,-1,-21,3,-21,7,-20,11,-20,14,-19,16,-18,18,-18,20,-17,21,-16,21,-15,21,-13,21,-12,21,-11,5,-3,0,0,0,0,0,0,0,0,0,0,0,0,0,0,0,0,0,0,-2,-2,-5,-6,-3,-5,0,-5,3,-4,6,-4,8,-3,11,-3,13,-2,15,-2,17,-2,18,-3,18,-4,18,-5,17,-6,15,-8,14,-10,11,-12,8,-15,5,-17,1,-20,-2,-22,-6,-25,-11,-27,-15,-29,-19,-31,-22,-32]",giovani,unknown,unknown
CSI_DATA,901210,b2:1f:e7:2b:79:66,-38,11,1,7,0,1,1,0,1,0,1,-97,0,1,0,-103711439,0,83,0,128,1,"[83,-80,4,0,17,-6,17,-7,16,-7,15,-6,15,-6,14,-6,13,-5,12,-4,11,-3,10,-2,9,-1,8,1,8,3,7,4,6,6,5,7,5,9,4,9,3,10,3,11,2,11,2,11,1,10,1,10,1,10,0,2,0,0,0,0,0,0,0,0,0,0,0,0,0,0,0,0,0,0,0,-1,2,-1,2,0,1,1,0,1,-1,2,-1,3,-2,4,-2,5,-3,6,-3,6,-3,7,-3,7,-2,7,-2,7,-1,7,0,7,2,6,3,5,5,5,6,4,8,3,10,2,11,0,13,-1,15,-2,16,-3]",giovani,unknown,unknown
CSI_DATA,901212,b2:1f:e7:2b:79:66,-42,11,1,7,0,1,1,0,1,0,1,-97,0,1,0,-103698051,0,83,0,128,1,"[83,-80,4,0,30,27,30,27,30,25,29,24,28,23,26,22,24,21,21,20,17,19,14,19,10,19,6,19,2,19,-2,19,-6,19,-10,19,-13,18,-15,17,-18,17,-19,16,-20,15,-21,14,-21,13,-21,12,-20,11,-5,2,0,0,0,0,0,0,0,0,0,0,0,0,0,0,0,0,0,0,1,0,4,3,2,3,-1,3,-4,3,-6,3,-9,4,-11,4,-13,4,-15,4,-16,4,-17,5,-17,6,-17,6,-16,8,-15,9,-13,11,-10,13,-7,15,-3,16,0,18,4,20,8,22,13,24,17,25,22,26,25,27]",giovani,unknown,unknown
CSI_DATA,901214,b2:1f:e7:2b:79:66,-38,11,1,7,0,1,1,0,1,0,1,-97,0,1,0,-103688656,0,83,0,128,1,"[83,-80,4,0,-16,-10,-16,-9,-15,-9,-15,-8,-14,-8,-13,-8,-12,-8,-11,-7,-10,-8,-8,-8,-7,-8,-5,-8,-3,-9,-2,-9,0,-10,1,-10,3,-10,4,-10,5,-10,5,-10,6,-10,6,-9,7,-9,6,-8,7,-8,1,-2,0,0,0,0,0,0,0,0,0,0,0,0,0,0,0,0,0,0,-1,-1,-3,-2,-2,-2,-1,-2,0,-2,1,-2,3,-3,4,-3,4,-3,5,-3,6,-3,6,-4,7,-4,6,-5,6,-5,5,-6,4,-6,3,-7,2,-7,0,-8,-2,-9,-4,-9,-6,-10,-8,-10,-10,-11,-12,-11,-13,-10]",giovani,unknown,unknown
CSI_DATA,901216,b2:1f:e7:2b:79:66,-37,11,1,7,0,1,1,0,1,0,1,-97,0,1,0,-103682043,0,83,0,128,1,"[83,-80,4,0,14,-11,14,-12,13,-12,13,-11,12,-11,11,-10,11,-9,10,-8,9,-7,9,-5,9,-4,8,-2,8,0,8,2,8,3,8,5,7,6,7,7,6,8,6,9,6,9,5,9,5,9,4,9,4,9,1,2,0,0,0,0,0,0,0,0,0,0,0,0,0,0,0,0,0,0,0,-1,2,-2,2,-1,1,0,1,1,1,2,0,4,0,4,0,5,0,6,0,7,0,7,0,7,1,7,1,7,2,7,3,6,4,5,5,4,7,3,8,1,9,0,10,-2,11,-4,12,-5,13,-7,14,-8]",giovani,unknown,unknown
CSI_DATA,901218,b2:1f:e7:2b:79:66,-37,11,1,7,0,1,1,0,1,0,1,-97,0,1,0,-103671803,0,83,0,128,1,"[83,-80,4,0,0,-19,0,-19,0,-19,0,-18,0,-17,0,-16,0,-15,0,-14,1,-12,2,-11,3,-10,4,-8,5,-7,7,-6,8,-4,9,-3,10,-2,10,-1,11,0,11,1,11,1,11,2,10,2,10,2,10,3,2,0,0,0,0,0,0,0,0,0,0,0,0,0,0,0,0,0,0,0,0,-1,0,-4,0,-3,1,-2,2,-1,3,1,3,2,4,2,4,3,5,4,5,5,6,5,6,4,7,4,7,3,7,2,7,1,7,0,7,-2,6,-4,6,-5,5,-7,5,-10,5,-12,4,-14,3,-15,3,-17]",giovani,unknown,unknown
CSI_DATA,901220,b2:1f:e7:2b:79:66,-37,11,1,7,0,1,1,0,1,0,1,-97,0,1,0,-103661583,0,83,0,128,1,"[83,-80,4,0,-19,4,-19,5,-18,5,-17,5,-16,5,-15,4,-14,4,-13,3,-12,2,-11,0,-11,-1,-10,-2,-9,-4,-8,-6,-7,-7,-6,-9,-6,-10,-5,-11,-4,-11,-3,-12,-3,-12,-2,-12,-2,-12,-2,-11,-1,-11,-1,-3,0,0,0,0,0,0,0,0,0,0,0,0,0,0,0,0,0,0,-1,0,-4,0,-3,-1,-2,-2,-1,-3,0,-4,0,-5,1,-6,2,-6,2,-7,2,-8,3,-8,3,-8,2,-8,1,-8,0,-8,-1,-8,-2,-8,-3,-7,-5,-6,-7,-5,-9,-4,-11,-3,-13,-2,-14,-1,-16,1,-17,2]",giovani,unknown,unknown
CSI_DATA,901222,b2:1f:e7:2b:79:66,-37,11,1,7,0,1,1,0,1,0,1,-97,0,1,0,-103652035,0,83,0,128,1,"[83,-80,4,0,13,-13,13,-13,13,-13,12,-12,11,-12,11,-11,10,-10,9,-9,9,-8,9,-6,8,-4,8,-3,8,-1,8,1,8,3,8,4,8,6,7,7,7,8,7,8,6,9,6,9,5,9,5,9,4,9,1,2,0,0,0,0,0,0,0,0,0,0,0,0,0,0,0,0,0,0,0,-1,2,-2,2,-1,1,0,1,1,1,2,1,3,1,4,0,5,1,6,1,7,1,8,1,8,2,8,2,7,3,7,4,6,5,5,6,4,7,2,8,1,9,-1,10,-3,11,-5,12,-6,13,-8,13,-9]",giovani,unknown,unknown
CSI_DATA,901224,b2:1f:e7:2b:79:66,-37,11,1,7,0,1,1,0,1,0,1,-97,0,1,0,-103641667,0,83,0,128,1,"[83,-80,4,0,-17,9,-16,9,-15,9,-15,9,-14,9,-13,8,-13,7,-12,6,-11,5,-11,3,-10,2,-10,0,-9,-2,-9,-4,-8,-6,-8,-7,-7,-8,-7,-9,-6,-10,-5,-11,-5,-11,-5,-11,-4,-11,-4,-11,-3,-11,-1,-3,0,0,0,0,0,0,0,0,0,0,0,0,0,0,0,0,0,0,-1,0,-3,1,-3,0,-3,-1,-2,-2,-2,-4,-1,-5,-1,-6,-1,-6,0,-7,0,-8,-1,-9,-1,-9,-2,-9,-2,-8,-3,-8,-4,-8,-5,-7,-6,-6,-7,-5,-8,-3,-10,-2,-11,0,-13,2,-14,4,-15,5,-15,6]",giovani,unknown,unknown
CSI_DATA,901226,b2:1f:e7:2b:79:66,-37,11,1,7,0,1,1,0,1,0,1,-97,0,1,0,-103631760,0,83,0,128,1,"[83,-80,4,0,18,-1,18,-2,17,-2,17,-2,16,-2,15,-2,14,-2,13,-1,11,0,10,1,9,2,7,3,6,4,5,6,4,7,3,8,2,9,1,10,0,10,-1,11,-1,11,-2,11,-2,10,-2,10,-3,10,-1,2,0,0,0,0,0,0,0,0,0,0,0,0,0,0,0,0,0,0,0,-1,3,0,2,0,1,1,0,2,-1,3,-2,3,-3,4,-3,5,-4,5,-4,6,-5,6,-4,7,-4,7,-3,7,-3,7,-2,7,0,7,2,7,3,6,5,6,7,5,9,4,11,3,13,3,14,2,16,1]",giovani,unknown,unknown
CSI_DATA,901228,b2:1f:e7:2b:79:66,-41,11,1,7,0,1,1,0,1,0,1,-97,0,1,0,-103621907,0,83,0,128,1,"[83,-80,4,0,44,-16,44,-17,42,-17,41,-17,39,-16,37,-15,34,-14,32,-11,29,-8,27,-4,25,-1,23,3,20,7,18,11,16,15,13,19,11,22,9,24,7,26,6,27,4,28,3,28,2,27,0,26,-1,26,-1,6,0,0,0,0,0,0,0,0,0,0,0,0,0,0,0,0,0,0,1,-1,7,-3,6,-1,4,2,3,4,2,7,0,10,-2,13,-3,15,-3,17,-4,19,-4,20,-3,20,-2,21,0,20,2,19,4,18,8,17,11,15,15,13,19,10,23,7,27,3,31,0,35,-4,39,-7,41,-10]",giovani,unknown,unknown
CSI_DATA,901230,b2:1f:e7:2b:79:66,-37,11,1,7,0,1,1,0,1,0,1,-97,0,1,0,-103611946,0,83,0,128,1,"[83,-80,4,0,8,16,8,15,8,15,8,14,8,13,7,13,6,12,5,11,4,10,3,10,1,9,-1,8,-3,8,-4,7,-5,7,-7,6,-8,6,-9,5,-10,4,-11,4,-11,3,-11,3,-11,2,-11,2,-11,1,-3,0,0,0,0,0,0,0,0,0,0,0,0,0,0,0,0,0,0,0,0,0,1,2,0,2,-1,1,-3,1,-4,1,-5,0,-6,0,-6,0,-7,-1,-8,-1,-9,-1,-9,-1,-9,0,-9,0,-8,1,-8,2,-7,3,-6,5,-5,6,-3,7,-2,8,-1,10,1,11,2,13,4,14,5,15]",giovani,unknown,unknown
CSI_DATA,901232,b2:1f:e7:2b:79:66,-38,11,1,7,0,1,1,0,1,0,1,-97,0,1,0,-103602021,0,83,0,128,1,"[83,-80,4,0,18,1,18,0,17,0,17,0,16,0,15,0,13,0,12,1,11,1,10,2,8,3,7,4,6,5,5,7,3,8,2,9,1,9,0,10,-1,10,-2,10,-2,11,-3,10,-3,10,-3,10,-4,9,-1,2,0,0,0,0,0,0,0,0,0,0,0,0,0,0,0,0,0,0,0,0,3,0,2,0,1,1,0,2,-1,2,-2,3,-3,4,-4,4,-5,5,-5,5,-5,6,-5,6,-5,7,-4,7,-3,7,-2,7,-1,7,1,7,3,7,4,6,6,6,8,5,10,5,12,4,14,4,15,3]",giovani,unknown,unknown
CSI_DATA,901234,b2:1f:e7:2b:79:66,-38,11,1,7,0,1,1,0,1,0,1,-97,0,1,0,-103585098,0,83,0,128,1,"[83,-80,4,0,-18,2,-18,2,-18,3,-17,2,-16,2,-15,2,-14,2,-13,1,-12,0,-11,-1,-10,-2,-9,-3,-8,-5,-7,-6,-5,-8,-4,-9,-3,-10,-2,-10,-1,-11,-1,-12,0,-12,1,-11,1,-11,1,-11,1,-10,0,-3,0,0,0,0,0,0,0,0,0,0,0,0,0,0,0,0,0,0,-1,0,-4,0,-3,0,-2,-2,-2,-3,-1,-3,0,-4,0,-5,1,-6,1,-7,2,-7,2,-8,2,-8,1,-9,1,-9,0,-9,-1,-8,-3,-8,-4,-7,-5,-7,-7,-6,-9,-5,-10,-4,-12,-3,-14,-2,-15,-1,-16,0]",giovani,unknown,unknown
CSI_DATA,901236,b2:1f:e7:2b:79:66,-41,11,1,7,0,1,1,0,1,0,1,-97,0,1,0,-103579667,0,83,0,128,1,"[83,-80,4,0,-34,-34,-35,-33,-34,-32,-33,-30,-32,-29,-30,-27,-27,-26,-24,-25,-20,-24,-16,-23,-12,-23,-7,-23,-3,-23,2,-22,7,-22,11,-21,14,-20,17,-20,20,-19,22,-18,23,-17,23,-15,23,-14,23,-13,23,-12,5,-3,0,0,0,0,0,0,0,0,0,0,0,0,0,0,0,0,0,0,-2,-2,-7,-6,-4,-6,-1,-6,2,-6,5,-6,8,-6,11,-6,13,-6,16,-6,17,-7,19,-7,19,-8,19,-10,17,-11,16,-12,14,-15,11,-17,8,-19,4,-21,0,-23,-5,-26,-9,-28,-14,-30,-19,-31,-24,-33,-28,-34]",giovani,unknown,unknown
CSI_DATA,901238,b2:1f:e7:2b:79:66,-37,11,1,7,0,1,1,0,1,0,1,-97,0,1,0,-103571571,0,83,0,128,1,"[83,-80,4,0,-13,-15,-13,-14,-13,-14,-13,-13,-12,-12,-11,-12,-10,-11,-9,-11,-8,-10,-6,-10,-5,-10,-3,-9,-1,-9,1,-9,3,-9,4,-9,6,-8,7,-8,7,-8,8,-8,9,-7,9,-7,9,-6,9,-6,9,-5,2,-2,0,0,0,0,0,0,0,0,0,0,0,0,0,0,0,0,0,0,-1,-1,-2,-3,-1,-3,0,-3,1,-2,2,-2,3,-2,4,-2,6,-1,7,-1,7,-1,8,-2,8,-2,8,-2,8,-3,7,-4,6,-5,5,-6,4,-7,3,-8,1,-9,-1,-10,-3,-11,-4,-12,-6,-13,-8,-14,-9,-15]",giovani,unknown,unknown
CSI_DATA,901240,b2:1f:e7:2b:79:66,-37,11,1,7,0,1,1,0,1,0,1,-97,0,1,0,-103562046,0,83,0,128,1,"[83,-80,4,0,18,4,18,4,17,3,17,3,16,3,15,3,14,3,12,3,11,3,9,4,8,5,6,5,5,6,3,7,2,8,0,9,-1,9,-2,10,-3,10,-4,10,-5,10,-5,10,-5,9,-6,9,-6,8,-2,2,0,0,0,0,0,0,0,0,0,0,0,0,0,0,0,0,0,0,0,0,3,0,2,1,0,1,-1,2,-2,2,-3,3,-4,4,-5,4,-6,4,-6,5,-7,5,-7,6,-6,6,-6,6,-5,7,-4,7,-2,7,-1,7,1,7,3,7,5,7,7,7,9,7,11,7,13,7,14,6]",giovani,unknown,unknown
CSI_DATA,901242,b2:1f:e7:2b:79:66,-41,11,1,7,0,1,1,0,1,0,1,-97,0,1,0,-103551736,0,83,0,128,1,"[83,-80,4,0,17,44,17,44,18,42,18,40,17,38,16,36,14,34,11,32,8,29,5,27,1,25,-3,23,-7,20,-11,18,-15,16,-19,14,-22,12,-24,10,-26,8,-28,6,-28,5,-28,3,-28,2,-27,1,-26,0,-7,0,0,0,0,0,0,0,0,0,0,0,0,0,0,0,0,0,0,0,1,1,3,6,1,6,-2,5,-5,3,-8,2,-11,1,-13,0,-16,-1,-18,-1,-20,-2,-21,-2,-22,-1,-22,0,-21,2,-21,4,-20,7,-18,10,-16,13,-13,16,-10,20,-6,24,-3,28,0,32,4,36,8,39,11,41]",giovani,unknown,unknown
CSI_DATA,901244,b2:1f:e7:2b:79:66,-37,11,1,7,0,1,1,0,1,0,1,-97,0,1,0,-103541999,0,83,0,128,1,"[83,-80,4,0,-12,-15,-12,-14,-12,-14,-12,-13,-12,-12,-11,-12,-10,-11,-8,-11,-7,-10,-6,-10,-4,-10,-3,-9,-1,-9,1,-9,3,-9,5,-8,6,-8,7,-7,8,-7,9,-7,9,-6,9,-6,9,-5,9,-5,9,-4,2,-1,0,0,0,0,0,0,0,0,0,0,0,0,0,0,0,0,0,0,-1,-1,-3,-3,-2,-3,-1,-3,1,-2,2,-2,3,-2,4,-2,5,-2,6,-2,7,-2,7,-2,8,-2,8,-3,8,-3,7,-4,6,-5,5,-6,4,-7,3,-8,1,-9,-1,-10,-2,-11,-4,-12,-6,-13,-8,-14,-9,-15]",giovani,unknown,unknown
CSI_DATA,901246,b2:1f:e7:2b:79:66,-37,11,1,7,0,1,1,0,1,0,1,-97,0,1,0,-103531525,0,83,0,128,1,"[83,-80,4,0,-17,-9,-17,-8,-17,-8,-16,-8,-15,-7,-14,-7,-13,-7,-12,-7,-10,-7,-9,-7,-7,-7,-6,-8,-4,-8,-2,-9,0,-9,1,-10,3,-10,4,-10,5,-10,6,-9,6,-9,7,-9,7,-8,7,-8,7,-7,1,-2,0,0,0,0,0,0,0,0,0,0,0,0,0,0,0,0,0,0,-1,-1,-4,-2,-3,-2,-1,-2,0,-3,1,-3,2,-4,3,-4,4,-4,5,-4,6,-5,6,-5,6,-6,6,-6,5,-6,5,-7,4,-7,3,-8,1,-8,-1,-8,-3,-9,-5,-9,-7,-9,-8,-9,-10,-10,-13,-10,-14,-10]",giovani,unknown,unknown
CSI_DATA,901248,b2:1f:e7:2b:79:66,-38,11,1,7,0,1,1,0,1,0,1,-97,0,1,0,-103521395,0,83,0,128,1,"[83,-80,4,0,17,-6,17,-6,16,-6,15,-6,14,-6,14,-6,13,-5,12,-4,11,-3,10,-2,9,-1,8,1,7,2,7,4,6,5,5,7,4,8,3,9,3,9,2,10,1,10,1,10,0,10,0,10,0,9,-1,2,0,0,0,0,0,0,0,0,0,0,0,0,0,0,0,0,0,0,0,-1,3,-1,2,-1,1,0,1,1,0,2,-1,4,-1,4,-2,5,-2,6,-2,7,-2,7,-2,8,-2,8,-1,8,0,8,1,7,2,7,3,6,5,5,7,4,8,3,10,2,11,1,13,-1,15,-2,15,-3]",giovani,unknown,unknown
CSI_DATA,901250,b2:1f:e7:2b:79:66,-41,11,1,7,0,1,1,0,1,0,1,-97,0,1,0,-103512001,0,83,0,128,1,"[83,-80,4,0,33,-33,32,-34,30,-34,29,-33,27,-31,26,-30,25,-27,23,-24,22,-20,22,-16,22,-12,21,-7,21,-3,20,2,20,6,19,10,19,14,18,17,17,19,16,21,15,22,13,23,12,23,10,23,9,23,2,5,0,0,0,0,0,0,0,0,0,0,0,0,0,0,0,0,0,0,1,-2,4,-7,5,-4,5,-1,5,2,5,5,5,8,5,11,5,14,5,16,6,18,6,19,6,19,8,19,9,18,11,17,13,14,15,11,17,8,20,5,22,1,24,-4,26,-9,28,-14,31,-18,32,-22,33,-26]",giovani,unknown,unknown
CSI_DATA,901252,b2:1f:e7:2b:79:66,-38,11,1,7,0,1,1,0,1,0,1,-97,0,1,0,-103500480,0,83,0,128,1,"[83,-80,4,0,-9,-17,-9,-16,-9,-16,-9,-15,-8,-14,-8,-14,-7,-13,-6,-12,-5,-11,-4,-11,-2,-10,-1,-9,1,-9,3,-8,5,-7,6,-7,7,-6,8,-5,9,-5,9,-4,10,-4,10,-3,10,-3,10,-2,9,-2,2,-1,0,0,0,0,0,0,0,0,0,0,0,0,0,0,0,0,0,0,-1,-1,-2,-3,-1,-3,0,-3,1,-2,2,-2,3,-1,4,-1,5,-1,6,0,7,0,7,0,8,-1,8,-1,8,-1,7,-2,7,-3,6,-4,5,-6,4,-7,3,-8,2,-10,0,-11,-1,-12,-3,-14,-4,-15,-5,-16]",giovani,unknown,unknown
CSI_DATA,901254,b2:1f:e7:2b:79:66,-42,11,1,7,0,1,1,0,1,0,1,-97,0,1,0,-103483072,0,83,0,128,1,"[83,-80,4,0,-34,-32,-35,-31,-34,-30,-33,-28,-31,-27,-29,-26,-27,-25,-24,-24,-20,-23,-16,-23,-12,-22,-7,-22,-3,-21,1,-21,6,-20,10,-20,13,-19,16,-18,19,-17,21,-16,22,-15,23,-14,23,-12,22,-11,22,-10,5,-3,0,0,0,0,0,0,0,0,0,0,0,0,0,0,0,0,0,0,-2,-1,-8,-5,-5,-5,-2,-5,1,-6,4,-6,7,-7,10,-7,12,-8,15,-8,16,-8,17,-9,18,-10,18,-11,16,-12,15,-13,13,-15,10,-17,7,-19,3,-21,-1,-23,-6,-25,-10,-26,-15,-28,-20,-30,-24,-31,-27,-32]",giovani,unknown,unknown
CSI_DATA,901256,b2:1f:e7:2b:79:66,-37,11,1,7,0,1,1,0,1,0,1,-97,0,1,0,-103477036,0,83,0,128,1,"[83,-80,4,0,-19,-1,-19,-1,-18,0,-17,0,-16,0,-15,0,-14,-1,-13,-1,-12,-2,-11,-2,-10,-3,-8,-5,-7,-6,-6,-7,-4,-8,-3,-9,-2,-10,-1,-10,0,-11,1,-11,1,-11,2,-11,2,-11,3,-10,3,-10,0,-3,0,0,0,0,0,0,0,0,0,0,0,0,0,0,0,0,0,0,-1,0,-4,0,-3,-1,-2,-2,-1,-3,0,-3,1,-4,1,-5,2,-6,3,-6,3,-7,3,-7,3,-8,3,-8,2,-8,2,-8,0,-8,-1,-8,-3,-8,-4,-8,-6,-7,-8,-7,-10,-6,-11,-5,-13,-5,-15,-4,-16,-3]",giovani,unknown,unknown
CSI_DATA,901258,b2:1f:e7:2b:79:66,-41,11,1,7,0,1,1,0,1,0,1,-97,0,1,0,-103471684,0,83,0,128,1,"[83,-80,4,0,44,-17,43,-18,42,-18,40,-18,38,-18,36,-16,34,-14,31,-12,29,-9,27,-5,24,-2,22,2,19,6,17,10,15,14,13,18,10,21,8,23,6,25,4,26,3,27,1,27,0,26,-1,25,-2,25,-1,6,0,0,0,0,0,0,0,0,0,0,0,0,0,0,0,0,0,0,1,-2,6,-4,6,-2,4,1,4,3,3,7,1,10,0,13,-1,15,-1,17,-2,19,-2,20,-2,21,0,21,2,21,4,20,6,19,9,17,12,15,16,12,20,10,24,7,28,3,31,-1,35,-4,39,-8,41,-11]",giovani,unknown,unknown
CSI_DATA,901260,b2:1f:e7:2b:79:66,-37,11,1,7,0,1,1,0,1,0,1,-97,0,1,0,-103461523,0,83,0,128,1,"[83,-80,4,0,17,-6,17,-7,16,-7,16,-7,15,-6,14,-6,13,-5,12,-4,11,-3,10,-2,9,0,8,1,7,3,6,4,5,6,4,7,3,8,2,9,1,10,1,10,0,10,-1,10,-1,10,-2,10,-2,10,-1,2,0,0,0,0,0,0,0,0,0,0,0,0,0,0,0,0,0,0,0,-1,2,-2,2,-1,1,0,1,1,1,2,0,4,0,5,0,6,-1,7,-1,7,-1,8,-1,8,-1,8,0,8,1,8,2,7,3,7,4,6,5,5,7,4,9,2,10,1,12,0,13,-1,15,-3,16,-4]",giovani,unknown,unknown
CSI_DATA,901262,b2:1f:e7:2b:79:66,-41,11,1,7,0,1,1,0,1,0,1,-97,0,1,0,-103452012,0,83,0,128,1,"[83,-80,4,0,31,34,32,33,32,32,31,30,29,28,27,27,25,26,22,25,18,24,14,23,10,22,5,21,1,20,-4,20,-8,19,-12,18,-16,17,-19,16,-21,15,-23,14,-24,13,-25,11,-25,10,-24,8,-24,7,-6,1,0,0,0,0,0,0,0,0,0,0,0,0,0,0,0,0,0,0,1,1,6,4,4,4,1,5,-2,5,-6,5,-8,6,-11,6,-14,6,-16,6,-18,7,-19,7,-20,8,-19,9,-18,10,-17,12,-15,14,-13,16,-9,18,-5,20,-1,22,3,24,8,27,12,29,17,31,22,32,25,33]",giovani,unknown,unknown
CSI_DATA,901264,b2:1f:e7:2b:79:66,-42,11,1,7,0,1,1,0,1,0,1,-97,0,1,0,-103441796,0,83,0,128,1,"[83,-80,4,0,46,3,46,2,44,1,43,1,41,1,39,1,36,2,33,3,29,5,26,7,22,9,18,11,14,14,11,17,7,19,3,21,0,23,-3,24,-6,25,-8,25,-10,25,-11,24,-12,23,-12,22,-13,21,-4,5,0,0,0,0,0,0,0,0,0,0,0,0,0,0,0,0,0,0,2,-1,8,-2,6,0,4,2,2,5,0,7,-3,9,-5,12,-6,13,-8,15,-9,16,-10,18,-10,19,-9,19,-7,19,-5,19,-2,20,1,19,5,18,9,18,14,17,19,16,23,14,28,12,33,11,38,9,41,7]",giovani,unknown,unknown
CSI_DATA,901266,b2:1f:e7:2b:79:66,-38,11,1,7,0,1,1,0,1,0,1,-97,0,1,0,-103427485,0,83,0,128,1,"[83,-80,4,0,18,0,18,-1,18,-1,17,-1,16,-2,15,-1,14,-1,13,0,12,0,10,1,9,2,8,4,6,5,5,6,4,7,3,8,1,9,0,10,0,10,-1,10,-2,10,-3,10,-3,10,-3,10,-4,9,-1,2,0,0,0,0,0,0,0,0,0,0,0,0,0,0,0,0,0,0,0,-1,3,0,2,0,1,1,0,2,-1,3,-2,3,-2,4,-3,5,-4,5,-4,6,-5,7,-5,7,-4,7,-4,7,-3,7,-2,8,0,7,1,7,3,7,5,6,7,6,9,5,11,4,13,4,14,3,16,2]",giovani,unknown,unknown
CSI_DATA,901268,b2:1f:e7:2b:79:66,-38,11,1,7,0,1,1,0,1,0,1,-97,0,1,0,-103421852,0,83,0,128,1,"[83,-80,4,0,-7,-17,-7,-17,-7,-16,-7,-15,-7,-15,-7,-14,-6,-13,-5,-12,-4,-12,-3,-11,-1,-10,0,-9,2,-8,3,-8,5,-7,7,-6,8,-5,8,-4,9,-3,10,-3,10,-2,10,-2,10,-1,9,-1,9,-1,2,0,0,0,0,0,0,0,0,0,0,0,0,0,0,0,0,0,0,0,-1,-1,-2,-3,-1,-3,0,-2,1,-2,2,-2,3,-1,4,-1,5,-1,6,0,7,0,7,0,8,0,8,-1,8,-1,7,-2,7,-3,6,-4,6,-5,5,-6,3,-8,2,-9,1,-10,-1,-12,-2,-14,-3,-15,-4,-16]",giovani,unknown,unknown
CSI_DATA,901270,b2:1f:e7:2b:79:66,-42,11,1,7,0,1,1,0,1,0,1,-97,0,1,0,-103412009,0,83,0,128,1,"[83,-80,4,0,35,28,36,27,35,26,34,24,33,23,31,22,28,22,25,21,21,20,17,20,13,20,8,20,4,20,-1,20,-5,20,-9,19,-13,19,-16,18,-18,17,-20,16,-22,15,-22,14,-23,13,-22,11,-22,10,-6,2,0,0,0,0,0,0,0,0,0,0,0,0,0,0,0,0,0,0,1,0,7,3,5,4,1,4,-2,5,-5,6,-8,6,-11,7,-13,8,-15,8,-17,8,-18,9,-18,10,-18,11,-17,12,-15,13,-13,15,-10,16,-7,18,-3,19,2,21,6,22,11,24,16,26,21,27,26,28,29,28]",giovani,unknown,unknown
CSI_DATA,901272,b2:1f:e7:2b:79:66,-42,11,1,7,0,1,1,0,1,0,1,-97,0,1,0,-103402024,0,83,0,128,1,"[83,-80,4,0,-45,-10,-45,-9,-44,-8,-42,-7,-41,-7,-38,-7,-35,-7,-32,-8,-29,-9,-25,-11,-21,-13,-18,-14,-14,-16,-10,-18,-6,-20,-2,-22,2,-23,5,-24,7,-24,9,-24,11,-24,12,-23,13,-22,13,-21,14,-20,3,-5,0,0,0,0,0,0,0,0,0,0,0,0,0,0,0,0,0,0,-3,0,-9,0,-7,-2,-5,-4,-2,-6,0,-8,3,-10,5,-12,7,-13,8,-15,9,-16,10,-17,10,-18,9,-18,8,-19,6,-19,3,-20,0,-20,-4,-19,-8,-19,-12,-19,-17,-18,-21,-17,-26,-16,-31,-15,-36,-14,-39,-13]",giovani,unknown,unknown
CSI_DATA,901274,b2:1f:e7:2b:79:66,-42,11,1,7,0,1,1,0,1,0,1,-97,0,1,0,-103390963,0,83,0,128,1,"[83,-80,4,0,-34,-29,-34,-29,-34,-28,-33,-26,-31,-25,-29,-23,-27,-23,-24,-22,-20,-21,-16,-21,-12,-21,-8,-20,-4,-20,0,-20,4,-20,8,-19,12,-19,14,-18,17,-17,19,-16,20,-15,21,-14,21,-12,21,-11,20,-10,5,-3,0,0,0,0,0,0,0,0,0,0,0,0,0,0,0,0,0,0,-2,-1,-8,-4,-5,-5,-2,-5,1,-6,4,-6,6,-7,9,-7,11,-7,14,-7,15,-8,17,-8,17,-9,17,-10,16,-11,14,-13,12,-15,9,-16,6,-18,2,-19,-2,-21,-6,-23,-10,-25,-14,-27,-19,-28,-23,-29,-27,-30]",giovani,unknown,unknown
CSI_DATA,901276,b2:1f:e7:2b:79:66,-38,11,1,7,0,1,1,0,1,0,1,-97,0,1,0,-103375544,0,83,0,128,1,"[83,-80,4,0,13,-12,13,-13,13,-13,12,-12,11,-12,11,-11,10,-10,10,-9,9,-8,9,-6,8,-4,8,-3,8,-1,8,1,7,3,7,4,7,5,6,7,6,8,5,8,5,9,4,9,4,9,3,9,3,9,0,2,0,0,0,0,0,0,0,0,0,0,0,0,0,0,0,0,0,0,0,-1,2,-3,2,-2,2,-1,2,0,2,2,1,3,1,4,1,5,1,6,1,7,1,7,1,7,2,7,3,7,4,7,4,6,5,5,6,4,7,2,8,1,9,-1,10,-3,11,-4,12,-6,13,-7,13,-9]",giovani,unknown,unknown
CSI_DATA,901278,b2:1f:e7:2b:79:66,-38,11,1,7,0,1,1,0,1,0,1,-97,0,1,0,-103370823,0,83,0,128,1,"[83,-80,4,0,10,14,10,14,10,14,10,13,10,12,9,12,8,11,7,10,6,10,4,9,3,9,1,8,-1,8,-2,8,-4,7,-6,7,-7,6,-8,6,-9,5,-10,5,-10,4,-10,4,-10,3,-10,3,-10,3,-3,0,0,0,0,0,0,0,0,0,0,0,0,0,0,0,0,0,0,0,0,0,2,2,1,2,0,2,-2,2,-3,1,-4,1,-5,1,-6,1,-7,1,-8,1,-8,1,-9,1,-9,1,-8,2,-8,3,-8,4,-7,5,-6,6,-4,7,-3,8,-1,9,1,10,2,11,4,12,6,13,7,14]",giovani,unknown,unknown
CSI_DATA,901280,b2:1f:e7:2b:79:66,-42,11,1,7,0,1,1,0,1,0,1,-97,0,1,0,-103361941,0,83,0,128,1,"[83,-80,4,0,30,34,31,33,30,32,30,30,28,29,26,27,24,26,21,25,18,24,13,23,9,22,5,21,0,20,-4,20,-8,19,-13,18,-16,17,-19,15,-21,14,-23,13,-24,12,-25,10,-25,9,-24,7,-24,6,-6,1,0,0,0,0,0,0,0,0,0,0,0,0,0,0,0,0,0,0,2,1,7,4,5,4,1,4,-2,5,-5,5,-8,6,-11,6,-13,6,-16,6,-17,7,-19,7,-19,8,-19,9,-18,10,-17,12,-15,14,-13,16,-9,18,-5,20,-1,22,3,24,7,26,11,29,16,31,21,33,24,34]",giovani,unknown,unknown
CSI_DATA,901282,b2:1f:e7:2b:79:66,-38,11,1,7,0,1,1,0,1,0,1,-97,0,1,0,-103351999,0,83,0,128,1,"[83,-80,4,0,15,8,16,7,16,7,15,6,14,6,13,5,12,5,11,5,10,5,8,6,6,6,5,6,3,7,1,7,0,8,-2,8,-3,8,-5,8,-6,8,-7,8,-7,8,-8,7,-8,7,-8,6,-8,6,-2,1,0,0,0,0,0,0,0,0,0,0,0,0,0,0,0,0,0,0,0,0,3,0,2,1,1,1,-1,2,-2,2,-3,3,-4,3,-5,3,-6,3,-7,4,-7,4,-7,4,-7,5,-7,5,-6,6,-5,6,-4,7,-2,7,-1,7,1,8,3,8,5,8,7,8,9,9,11,9,12,9]",giovani,unknown,unknown
CSI_DATA,901284,b2:1f:e7:2b:79:66,-39,11,1,7,0,1,1,0,1,0,1,-97,0,1,0,-103341338,0,83,0,128,1,"[83,-80,4,0,-27,26,-26,26,-25,26,-24,25,-22,24,-21,23,-20,21,-19,19,-18,16,-18,12,-18,9,-18,5,-17,2,-17,-2,-16,-5,-16,-8,-15,-11,-15,-14,-14,-16,-14,-17,-13,-18,-12,-19,-11,-19,-10,-19,-9,-18,-3,-5,0,0,0,0,0,0,0,0,0,0,0,0,0,0,0,0,0,0,-2,1,-5,5,-5,3,-5,0,-5,-2,-5,-5,-4,-8,-4,-10,-4,-12,-4,-14,-4,-16,-4,-17,-5,-17,-5,-17,-7,-16,-8,-15,-10,-14,-12,-11,-13,-9,-15,-6,-17,-3,-19,1,-21,4,-23,8,-24,12,-26,16,-27,18]",giovani,unknown,unknown
CSI_DATA,901286,b2:1f:e7:2b:79:66,-42,11,1,7,0,1,1,0,1,0,1,-97,0,1,0,-103327859,0,83,0,128,1,"[83,-80,4,0,36,-27,35,-27,34,-27,32,-27,30,-25,29,-24,27,-22,26,-19,24,-16,23,-12,22,-8,21,-4,19,0,18,5,17,9,16,13,14,16,12,18,11,21,10,22,9,23,7,23,6,23,4,23,3,23,0,5,0,0,0,0,0,0,0,0,0,0,0,0,0,0,0,0,0,0,1,-2,4,-7,4,-5,5,-2,5,1,5,4,4,7,4,10,4,13,4,15,5,17,5,18,5,19,6,19,8,18,9,17,11,15,13,12,16,9,19,7,21,3,24,-1,26,-5,29,-9,31,-13,34,-17,35,-20]",giovani,unknown,unknown
CSI_DATA,901288,b2:1f:e7:2b:79:66,-39,11,1,7,0,1,1,0,1,0,1,-97,0,1,0,-103321993,0,83,0,128,1,"[83,-80,4,0,8,-16,7,-16,7,-16,6,-16,6,-15,6,-14,6,-13,6,-12,5,-10,6,-9,6,-7,6,-6,7,-4,7,-2,8,0,8,2,8,3,8,4,7,5,7,6,7,7,7,7,6,7,6,7,5,7,1,2,0,0,0,0,0,0,0,0,0,0,0,0,0,0,0,0,0,0,0,-1,0,-4,0,-3,1,-2,2,-1,2,0,3,1,3,2,3,3,4,4,4,5,5,5,5,6,6,5,6,5,6,4,6,3,7,2,7,1,7,-1,8,-3,8,-4,8,-6,8,-8,8,-10,8,-12,8,-14]",giovani,unknown,unknown
CSI_DATA,901290,b2:1f:e7:2b:79:66,-42,11,1,7,0,1,1,0,1,0,1,-97,0,1,0,-103311404,0,83,0,128,1,"[83,-80,4,0,3,43,4,43,5,42,5,40,5,38,4,36,3,34,2,31,0,28,-3,25,-6,23,-9,20,-11,17,-14,14,-17,11,-20,7,-22,5,-23,2,-25,0,-25,-2,-25,-4,-25,-5,-24,-6,-23,-7,-23,-7,-6,-2,0,0,0,0,0,0,0,0,0,0,0,0,0,0,0,0,0,0,0,2,2,7,0,6,-2,5,-5,3,-7,1,-10,0,-12,-2,-14,-3,-16,-5,-17,-6,-19,-6,-19,-6,-20,-5,-20,-3,-20,-1,-20,1,-19,5,-18,8,-16,11,-14,15,-13,20,-11,24,-8,28,-6,32,-3,36,-1,39]",giovani,unknown,unknown
CSI_DATA,901292,b2:1f:e7:2b:79:66,-39,11,1,7,0,1,1,0,1,0,1,-97,0,1,0,-103301574,0,83,0,128,1,"[83,-80,4,0,9,-15,9,-15,9,-15,8,-14,8,-14,7,-13,7,-12,7,-11,7,-10,6,-8,7,-6,7,-5,7,-3,7,-1,7,0,7,2,7,4,7,5,7,6,7,7,6,7,6,7,5,8,5,8,4,8,1,2,0,0,0,0,0,0,0,0,0,0,0,0,0,0,0,0,0,0,0,-1,1,-4,1,-3,1,-2,2,-1,2,1,2,2,3,3,3,4,3,5,4,6,4,6,4,6,4,6,5,6,5,5,5,4,6,3,7,2,7,0,7,-1,8,-3,8,-5,9,-7,9,-9,10,-11,10,-12]",giovani,unknown,unknown
CSI_DATA,901294,b2:1f:e7:2b:79:66,-39,11,1,7,0,1,1,0,1,0,1,-97,0,1,0,-103278000,0,83,0,128,1,"[83,-80,4,0,-13,11,-12,12,-12,12,-11,11,-10,11,-10,10,-10,9,-9,8,-9,7,-8,5,-8,4,-8,2,-8,0,-8,-1,-8,-3,-8,-4,-7,-6,-7,-7,-7,-8,-6,-8,-6,-9,-5,-9,-5,-9,-4,-9,-4,-9,-1,-3,0,0,0,0,0,0,0,0,0,0,0,0,0,0,0,0,0,0,-1,0,-2,2,-2,2,-3,0,-3,-1,-3,-2,-3,-3,-3,-4,-3,-5,-3,-6,-3,-7,-4,-7,-4,-8,-4,-8,-4,-7,-5,-7,-6,-6,-6,-5,-7,-4,-8,-3,-8,-1,-9,0,-10,2,-11,4,-12,6,-12,8,-12,9]",giovani,unknown,unknown
CSI_DATA,901296,b2:1f:e7:2b:79:66,-39,11,1,7,0,1,1,0,1,0,1,-97,0,1,0,-103277606,0,83,0,128,1,"[83,-80,4,0,12,11,13,10,12,10,12,9,11,9,11,8,10,8,9,8,7,7,6,7,4,7,3,7,1,7,0,7,-2,7,-4,7,-5,7,-6,6,-7,6,-8,6,-9,5,-9,5,-9,4,-9,4,-9,3,-3,0,0,0,0,0,0,0,0,0,0,0,0,0,0,0,0,0,0,0,0,0,3,1,2,1,0,1,-1,2,-2,2,-3,2,-4,2,-5,2,-6,3,-7,3,-7,3,-7,3,-7,3,-7,4,-6,4,-6,5,-5,6,-3,6,-2,7,0,7,1,8,3,9,5,9,7,10,9,11,10,10]",giovani,unknown,unknown
CSI_DATA,901298,b2:1f:e7:2b:79:66,-39,11,1,7,0,1,1,0,1,0,1,-97,0,1,0,-103267922,0,83,0,128,1,"[83,-80,4,0,13,-12,13,-12,12,-12,12,-12,11,-11,10,-11,10,-10,9,-9,8,-8,8,-6,8,-5,7,-3,7,-1,7,1,7,3,6,4,6,6,5,7,5,8,4,8,4,9,3,9,3,9,2,9,2,9,0,2,0,0,0,0,0,0,0,0,0,0,0,0,0,0,0,0,0,0,0,-1,1,-3,2,-2,2,-1,2,0,2,1,1,3,1,4,1,5,1,6,1,7,1,7,2,8,2,8,3,7,3,7,4,6,5,5,6,4,7,3,8,1,9,-1,10,-3,10,-4,11,-6,12,-7,13,-9]",giovani,unknown,unknown
CSI_DATA,901300,b2:1f:e7:2b:79:66,-39,11,1,7,0,1,1,0,1,0,1,-97,0,1,0,-103262634,0,83,0,128,1,"[83,-80,4,0,-8,-17,-9,-17,-9,-16,-8,-15,-8,-14,-8,-14,-7,-13,-6,-12,-5,-11,-4,-10,-2,-10,-1,-9,1,-8,3,-7,4,-7,6,-6,7,-5,8,-5,9,-4,9,-3,10,-3,10,-2,9,-2,9,-1,9,-1,2,-1,0,0,0,0,0,0,0,0,0,0,0,0,0,0,0,0,0,0,-1,-1,-2,-3,-2,-3,0,-3,1,-2,2,-2,3,-1,4,-1,5,-1,6,0,7,0,7,0,8,0,8,-1,8,-1,8,-2,7,-3,6,-4,5,-5,4,-6,3,-8,2,-9,0,-11,-1,-12,-2,-14,-4,-15,-5,-16]",giovani,unknown,unknown
CSI_DATA,901302,b2:1f:e7:2b:79:66,-39,11,1,7,0,1,1,0,1,0,1,-97,0,1,0,-103257103,0,83,0,128,1,"[83,-80,4,0,-16,9,-15,9,-15,9,-14,9,-13,9,-13,8,-12,7,-11,6,-10,5,-10,4,-10,2,-9,1,-9,-1,-8,-3,-8,-4,-7,-6,-6,-7,-6,-8,-5,-9,-5,-10,-5,-10,-4,-10,-3,-10,-3,-10,-3,-10,-1,-3,0,0,0,0,0,0,0,0,0,0,0,0,0,0,0,0,0,0,-1,0,-3,2,-3,1,-3,0,-3,-1,-2,-3,-2,-4,-2,-5,-2,-6,-1,-7,-1,-8,-1,-8,-1,-9,-2,-9,-2,-8,-3,-8,-4,-7,-5,-7,-6,-6,-7,-5,-8,-3,-9,-2,-11,0,-12,2,-13,3,-14,4,-14,6]",giovani,unknown,unknown
CSI_DATA,901304,b2:1f:e7:2b:79:66,-42,11,1,7,0,1,1,0,1,0,1,-97,0,1,0,-103251813,0,83,0,128,1,"[83,-80,4,0,-46,20,-45,20,-43,21,-42,20,-40,19,-38,18,-36,16,-33,13,-31,10,-29,6,-27,2,-24,-2,-22,-6,-20,-10,-17,-15,-15,-18,-12,-21,-10,-24,-8,-26,-6,-27,-5,-28,-3,-28,-2,-28,0,-27,1,-26,0,-7,0,0,0,0,0,0,0,0,0,0,0,0,0,0,0,0,0,0,-2,1,-8,5,-8,3,-7,0,-6,-4,-5,-7,-4,-10,-3,-14,-3,-16,-2,-19,-2,-21,-2,-22,-2,-23,-3,-23,-5,-23,-7,-22,-9,-20,-12,-18,-15,-15,-19,-13,-23,-10,-26,-6,-30,-2,-33,2,-37,6,-41,10,-43,13]",giovani,unknown,unknown
CSI_DATA,901306,b2:1f:e7:2b:79:66,-42,11,1,7,0,1,1,0,1,0,1,-97,0,1,0,-103241655,0,83,0,128,1,"[83,-80,4,0,-20,-46,-21,-46,-21,-44,-21,-42,-20,-40,-18,-38,-17,-36,-14,-34,-11,-31,-8,-29,-4,-27,0,-25,4,-22,9,-20,13,-18,17,-15,20,-13,22,-11,25,-9,26,-7,27,-5,27,-4,26,-3,26,-2,25,-1,6,0,0,0,0,0,0,0,0,0,0,0,0,0,0,0,0,0,0,0,-2,-3,-6,-9,-3,-8,0,-7,3,-6,7,-4,10,-3,12,-2,15,-1,18,0,20,0,21,0,22,-1,22,-2,22,-3,21,-5,20,-8,18,-11,15,-14,13,-18,9,-21,6,-25,2,-30,-1,-34,-6,-37,-10,-41,-13,-43]",giovani,unknown,unknown
CSI_DATA,901308,b2:1f:e7:2b:79:66,-39,11,1,7,0,1,1,0,1,0,1,-97,0,1,0,-103231674,0,83,0,128,1,"[83,-80,4,0,16,4,16,3,16,3,15,3,15,3,14,3,13,3,12,3,10,3,9,4,7,4,5,5,4,6,3,6,1,7,0,8,-2,8,-3,8,-4,8,-5,8,-6,8,-6,8,-7,7,-7,7,-7,7,-2,1,0,0,0,0,0,0,0,0,0,0,0,0,0,0,0,0,0,0,0,-1,3,-1,2,0,1,1,0,1,-1,2,-2,3,-3,4,-3,4,-4,5,-5,5,-5,6,-5,6,-5,6,-4,7,-4,7,-3,7,-2,7,0,7,1,7,3,7,5,7,7,6,9,6,11,6,13,6,14,5]",giovani,unknown,unknown
CSI_DATA,901310,b2:1f:e7:2b:79:66,-39,11,1,7,0,1,1,0,1,0,1,-97,0,1,0,-103222064,0,83,0,128,1,"[83,-80,4,0,12,-12,11,-13,11,-13,11,-13,10,-12,10,-11,9,-10,9,-9,8,-8,8,-6,7,-5,7,-3,7,-1,7,1,7,2,6,4,6,5,6,6,5,7,5,8,4,8,4,9,3,9,3,8,2,8,0,2,0,0,0,0,0,0,0,0,0,0,0,0,0,0,0,0,0,0,0,-1,1,-4,1,-3,2,-2,2,0,2,1,2,2,2,3,2,4,2,5,2,6,3,7,3,7,3,7,4,7,4,6,5,5,5,4,6,3,7,2,8,0,8,-1,9,-3,10,-5,11,-7,12,-8,12,-10]",giovani,unknown,unknown
CSI_DATA,901312,b2:1f:e7:2b:79:66,-42,11,1,7,0,1,1,0,1,0,1,-97,0,1,0,-103211395,0,83,0,128,1,"[83,-80,4,0,38,-5,38,-6,37,-7,35,-7,34,-6,32,-6,30,-5,27,-3,25,-2,22,1,20,3,17,5,14,8,12,11,9,14,6,16,4,18,1,19,-1,20,-2,21,-4,21,-5,21,-6,20,-7,19,-7,18,-2,4,0,0,0,0,0,0,0,0,0,0,0,0,0,0,0,0,0,0,1,-1,6,-3,5,-2,4,1,3,3,2,5,0,8,-1,10,-3,12,-3,14,-4,15,-4,16,-4,17,-3,17,-2,17,0,17,1,16,4,15,7,14,10,13,14,11,17,10,21,7,25,5,28,3,32,1,34,-2]",giovani,unknown,unknown
CSI_DATA,901314,b2:1f:e7:2b:79:66,-39,11,1,7,0,1,1,0,1,0,1,-97,0,1,0,-103201920,0,83,0,128,1,"[83,-80,4,0,6,15,6,15,7,15,7,14,6,13,6,12,5,12,4,11,3,10,2,9,1,8,-1,8,-2,7,-4,6,-5,6,-7,5,-8,4,-9,3,-9,3,-10,2,-10,1,-10,1,-10,1,-10,0,-10,0,-3,0,0,0,0,0,0,0,0,0,0,0,0,0,0,0,0,0,0,0,0,0,1,2,1,2,-1,2,-2,1,-3,1,-4,0,-5,0,-6,0,-7,-1,-8,-1,-8,-1,-9,-1,-9,-1,-8,0,-8,0,-8,2,-7,3,-7,4,-5,5,-4,6,-3,8,-2,9,-1,11,1,12,2,13,3,14]",giovani,unknown,unknown
CSI_DATA,901316,b2:1f:e7:2b:79:66,-42,11,1,7,0,1,1,0,1,0,1,-97,0,1,0,-103191359,0,83,0,128,1,"[83,-80,4,0,45,-15,45,-16,43,-16,42,-16,40,-16,38,-14,36,-13,33,-10,30,-8,28,-4,25,-1,22,3,20,7,17,11,14,15,12,18,9,21,6,23,4,25,2,26,1,26,-1,26,-3,26,-4,25,-5,24,-2,6,0,0,0,0,0,0,0,0,0,0,0,0,0,0,0,0,0,0,2,-2,7,-6,7,-3,6,0,5,3,4,6,2,9,1,12,0,15,0,17,-1,19,-1,20,-1,21,0,21,2,21,4,20,6,19,9,18,12,15,16,13,20,11,24,7,28,4,32,0,36,-3,39,-6,42,-9]",giovani,unknown,unknown
CSI_DATA,901318,b2:1f:e7:2b:79:66,-43,11,1,7,0,1,1,0,1,0,1,-97,0,1,0,-103175456,0,83,0,128,1,"[83,-80,4,0,-41,-10,-41,-9,-39,-8,-38,-8,-36,-7,-34,-7,-32,-8,-29,-8,-25,-9,-22,-10,-18,-12,-15,-13,-11,-15,-7,-16,-3,-17,1,-18,4,-19,7,-19,9,-19,11,-19,13,-19,14,-18,14,-17,15,-15,15,-15,3,-4,0,0,0,0,0,0,0,0,0,0,0,0,0,0,0,0,0,0,-2,0,-8,1,-7,-1,-5,-3,-3,-5,-1,-7,1,-9,3,-11,5,-12,7,-14,8,-15,9,-16,9,-17,8,-18,7,-18,5,-18,3,-19,0,-19,-3,-18,-7,-18,-11,-18,-15,-17,-20,-16,-24,-15,-28,-14,-32,-14,-35,-13]",giovani,unknown,unknown
CSI_DATA,901320,b2:1f:e7:2b:79:66,-39,11,1,7,0,1,1,0,1,0,1,-97,0,1,0,-103169034,0,83,0,128,1,"[83,-80,4,0,-17,6,-17,6,-16,6,-15,6,-15,6,-14,5,-13,5,-12,4,-11,3,-11,2,-10,0,-9,-1,-8,-3,-7,-4,-7,-6,-6,-7,-5,-8,-4,-9,-3,-10,-2,-10,-2,-11,-1,-11,-1,-10,-1,-10,0,-10,0,-3,0,0,0,0,0,0,0,0,0,0,0,0,0,0,0,0,0,0,-1,0,-3,2,-3,1,-3,0,-3,-2,-2,-3,-2,-4,-1,-5,-1,-6,-1,-7,0,-8,0,-8,-1,-9,-1,-9,-2,-9,-2,-8,-3,-8,-4,-7,-5,-7,-6,-6,-8,-4,-9,-3,-10,-2,-12,0,-14,1,-15,3,-15,4]",giovani,unknown,unknown
CSI_DATA,901322,b2:1f:e7:2b:79:66,-39,11,1,7,0,1,1,0,1,0,1,-97,0,1,0,-103162030,0,83,0,128,1,"[83,-80,4,0,-13,-13,-13,-13,-13,-12,-12,-12,-12,-11,-11,-11,-10,-10,-9,-10,-8,-9,-6,-9,-5,-9,-3,-9,-1,-8,1,-8,2,-8,4,-8,5,-7,6,-7,7,-7,8,-6,8,-6,9,-5,8,-5,8,-4,8,-4,2,-1,0,0,0,0,0,0,0,0,0,0,0,0,0,0,0,0,0,0,-1,-1,-4,-2,-3,-3,-1,-3,0,-3,1,-3,2,-3,3,-3,4,-3,5,-3,6,-3,7,-3,7,-3,7,-4,7,-4,6,-5,6,-6,5,-6,4,-7,2,-8,0,-9,-1,-9,-3,-10,-5,-11,-7,-12,-9,-13,-10,-13]",giovani,unknown,unknown
CSI_DATA,901324,b2:1f:e7:2b:79:66,-42,11,1,7,0,1,1,0,1,0,1,-97,0,1,0,-103152006,0,83,0,128,1,"[83,-80,4,0,-23,-38,-23,-37,-23,-36,-23,-34,-22,-32,-21,-31,-19,-29,-17,-28,-14,-26,-11,-25,-7,-23,-3,-22,1,-20,5,-19,9,-18,12,-16,15,-15,18,-13,20,-12,21,-11,22,-9,22,-8,22,-7,22,-6,21,-5,5,-2,0,0,0,0,0,0,0,0,0,0,0,0,0,0,0,0,0,0,-2,-2,-7,-7,-4,-7,-1,-6,2,-6,5,-5,7,-5,10,-4,13,-4,15,-3,17,-3,18,-3,19,-4,19,-5,18,-6,17,-8,16,-10,14,-13,12,-15,9,-18,5,-21,2,-24,-2,-27,-5,-30,-10,-32,-13,-35,-16,-37]",giovani,unknown,unknown
CSI_DATA,901326,b2:1f:e7:2b:79:66,-39,11,1,7,0,1,1,0,1,0,1,-97,0,1,0,-103141910,0,83,0,128,1,"[83,-80,4,0,-6,16,-6,16,-5,16,-5,15,-5,14,-5,13,-4,12,-5,11,-5,10,-5,8,-6,7,-6,5,-7,4,-7,2,-8,1,-8,-1,-9,-2,-9,-3,-9,-4,-9,-5,-9,-6,-9,-6,-8,-6,-8,-6,-8,-7,-2,-2,0,0,0,0,0,0,0,0,0,0,0,0,0,0,0,0,0,0,-1,0,-1,3,-2,2,-2,1,-3,0,-3,-1,-4,-2,-4,-3,-5,-4,-5,-5,-6,-6,-6,-6,-6,-6,-7,-6,-7,-6,-7,-5,-7,-4,-8,-2,-8,-1,-8,0,-8,2,-8,4,-8,6,-8,8,-8,10,-7,12,-7,13]",giovani,unknown,unknown
CSI_DATA,901328,b2:1f:e7:2b:79:66,-42,11,1,7,0,1,1,0,1,0,1,-97,0,1,0,-103131949,0,83,0,128,1,"[83,-80,4,0,45,-18,44,-19,43,-19,41,-19,39,-18,37,-17,35,-15,32,-13,30,-10,27,-7,25,-3,23,1,20,5,18,9,16,13,13,17,11,20,9,22,7,24,5,26,3,26,2,26,0,26,-1,25,-2,24,-1,6,0,0,0,0,0,0,0,0,0,0,0,0,0,0,0,0,0,0,2,-2,8,-6,7,-3,6,0,5,3,4,6,2,10,1,12,0,15,0,18,-1,20,-1,21,-1,22,0,22,2,21,4,21,6,19,9,17,12,15,16,13,20,10,24,7,28,3,32,-1,36,-5,39,-8,42,-12]",giovani,unknown,unknown
CSI_DATA,901330,b2:1f:e7:2b:79:66,-42,11,1,7,0,1,1,0,1,0,1,-97,0,1,0,-103122025,0,83,0,128,1,"[83,-80,4,0,16,-40,15,-40,14,-39,13,-38,13,-36,12,-34,12,-31,12,-28,12,-25,13,-21,14,-17,15,-14,16,-10,17,-5,18,-1,18,2,19,6,19,9,18,11,18,13,17,14,16,16,15,16,14,16,13,17,3,4,0,0,0,0,0,0,0,0,0,0,0,0,0,0,0,0,0,0,-1,-3,0,-9,1,-7,3,-5,5,-3,6,0,7,3,9,5,10,7,11,9,13,10,13,11,14,11,15,11,16,10,16,8,17,6,18,3,18,-1,18,-4,19,-8,19,-13,19,-17,19,-22,19,-26,19,-31,18,-34]",giovani,unknown,unknown
CSI_DATA,901332,b2:1f:e7:2b:79:66,-42,11,1,7,0,1,1,0,1,0,1,-97,0,1,0,-103111974,0,83,0,128,1,"[83,-80,4,0,-44,1,-43,2,-42,3,-40,3,-39,3,-36,2,-34,1,-31,0,-28,-2,-25,-4,-22,-7,-19,-9,-16,-12,-13,-14,-9,-17,-6,-19,-3,-21,-1,-22,2,-23,4,-24,5,-24,7,-23,8,-22,8,-21,9,-20,2,-5,0,0,0,0,0,0,0,0,0,0,0,0,0,0,0,0,0,0,-3,0,-9,2,-7,0,-6,-2,-4,-4,-3,-7,-1,-9,1,-12,2,-14,3,-16,4,-17,5,-18,5,-19,4,-20,2,-20,0,-19,-2,-19,-5,-19,-8,-17,-12,-16,-16,-15,-20,-13,-24,-11,-28,-9,-32,-7,-36,-5,-39,-3]",giovani,unknown,unknown
CSI_DATA,901334,b2:1f:e7:2b:79:66,-39,11,1,7,0,1,1,0,1,0,1,-97,0,1,0,-103101966,0,83,0,128,1,"[83,-80,4,0,-17,-4,-17,-4,-17,-3,-16,-3,-15,-2,-15,-2,-14,-3,-12,-3,-11,-3,-10,-4,-9,-5,-7,-5,-6,-6,-5,-7,-3,-8,-2,-8,0,-9,1,-9,2,-10,2,-10,3,-10,4,-9,4,-9,4,-9,4,-8,1,-2,0,0,0,0,0,0,0,0,0,0,0,0,0,0,0,0,0,0,-1,0,-4,-1,-3,-1,-2,-2,-2,-3,-1,-3,1,-4,2,-5,2,-5,3,-6,4,-6,4,-6,4,-7,4,-7,3,-7,3,-7,2,-8,1,-8,-1,-8,-3,-8,-4,-8,-6,-7,-8,-7,-10,-7,-11,-6,-13,-6,-14,-6]",giovani,unknown,unknown
CSI_DATA,901336,b2:1f:e7:2b:79:66,-39,11,1,7,0,1,1,0,1,0,1,-97,0,1,0,-103090840,0,83,0,128,1,"[83,-80,4,0,12,-12,11,-12,11,-12,11,-12,10,-11,9,-11,9,-10,8,-9,8,-7,7,-6,7,-5,7,-3,7,-1,7,0,7,2,6,3,6,5,5,6,5,7,5,7,4,8,4,8,3,8,3,8,3,8,0,2,0,0,0,0,0,0,0,0,0,0,0,0,0,0,0,0,0,0,0,-1,1,-3,2,-2,2,-1,2,0,2,1,2,2,2,3,2,4,2,5,2,6,2,6,2,7,3,7,3,7,3,6,4,5,5,4,6,3,6,2,7,1,8,-1,9,-3,10,-5,10,-6,11,-8,12,-9]",giovani,unknown,unknown
CSI_DATA,901338,b2:1f:e7:2b:79:66,-39,11,1,7,0,1,1,0,1,0,1,-97,0,1,0,-103075717,0,83,0,128,1,"[83,-80,4,0,-16,-11,-16,-11,-16,-10,-15,-9,-14,-9,-13,-9,-12,-8,-11,-8,-10,-8,-8,-8,-7,-8,-5,-8,-3,-8,-2,-9,0,-9,2,-9,3,-9,5,-9,6,-8,7,-8,7,-8,7,-7,7,-7,7,-6,7,-6,2,-2,0,0,0,0,0,0,0,0,0,0,0,0,0,0,0,0,0,0,-1,-1,-4,-2,-3,-2,-2,-3,-1,-3,1,-3,2,-4,3,-4,4,-4,5,-4,6,-4,6,-5,7,-5,6,-5,6,-6,6,-6,5,-7,4,-8,2,-8,1,-9,-1,-9,-3,-9,-5,-10,-7,-10,-9,-11,-11,-11,-12,-11]",giovani,unknown,unknown
CSI_DATA,901340,b2:1f:e7:2b:79:66,-39,11,1,7,0,1,1,0,1,0,1,-97,0,1,0,-103070337,0,83,0,128,1,"[83,-80,4,0,-15,-9,-15,-9,-15,-8,-14,-8,-14,-7,-13,-7,-12,-7,-11,-7,-10,-7,-8,-7,-7,-7,-5,-7,-3,-7,-2,-8,0,-8,2,-8,3,-8,4,-8,5,-8,6,-7,7,-7,7,-7,7,-6,7,-5,7,-5,1,-2,0,0,0,0,0,0,0,0,0,0,0,0,0,0,0,0,0,0,-1,-1,-4,-1,-3,-2,-2,-2,-1,-3,0,-3,1,-3,2,-4,3,-4,4,-5,5,-5,5,-5,6,-5,5,-6,5,-6,4,-7,4,-7,2,-8,1,-8,-1,-8,-2,-8,-4,-9,-6,-9,-7,-9,-9,-10,-11,-10,-12,-10]",giovani,unknown,unknown
CSI_DATA,901342,b2:1f:e7:2b:79:66,-42,11,1,7,0,1,1,0,1,0,1,-97,0,1,0,-103062024,0,83,0,128,1,"[83,-80,4,0,43,2,43,1,42,0,40,0,38,0,36,0,34,1,31,2,27,4,24,5,21,7,17,10,13,12,10,15,6,17,3,19,0,20,-3,21,-6,22,-8,22,-10,22,-11,21,-12,20,-12,19,-13,18,-4,4,0,0,0,0,0,0,0,0,0,0,0,0,0,0,0,0,0,0,2,-1,8,-3,6,-1,5,1,3,4,1,6,-1,9,-3,11,-4,13,-6,15,-7,16,-7,17,-7,18,-6,19,-5,19,-3,19,-1,19,2,18,5,17,9,16,14,15,18,14,22,12,27,10,31,9,35,7,38,5]",giovani,unknown,unknown
CSI_DATA,901344,b2:1f:e7:2b:79:66,-42,11,1,7,0,1,1,0,1,0,1,-97,0,1,0,-103052009,0,83,0,128,1,"[83,-80,4,0,5,43,5,42,6,41,6,39,6,37,5,35,4,33,2,31,0,28,-2,25,-5,22,-8,18,-11,15,-14,12,-17,9,-19,6,-21,3,-22,0,-23,-2,-24,-4,-24,-6,-24,-7,-23,-8,-21,-9,-20,-9,-5,-3,0,0,0,0,0,0,0,0,0,0,0,0,0,0,0,0,0,0,1,1,4,7,2,6,-1,5,-4,3,-7,2,-9,1,-12,0,-14,-1,-16,-3,-18,-3,-19,-4,-20,-3,-20,-3,-20,-1,-20,0,-19,3,-18,6,-17,9,-15,12,-13,16,-11,20,-9,24,-7,29,-4,33,-1,36,1,38]",giovani,unknown,unknown
CSI_DATA,901346,b2:1f:e7:2b:79:66,-39,11,1,7,0,1,1,0,1,0,1,-97,0,1,0,-103041845,0,83,0,128,1,"[83,-80,4,0,15,6,15,6,15,5,15,5,14,5,13,5,12,4,11,4,10,4,8,5,7,5,5,6,4,6,2,7,1,7,-1,8,-2,8,-3,8,-4,8,-5,8,-6,8,-6,7,-6,7,-7,7,-7,6,-2,1,0,0,0,0,0,0,0,0,0,0,0,0,0,0,0,0,0,0,0,0,3,1,2,1,1,1,0,2,-1,2,-3,3,-3,3,-4,3,-5,4,-6,4,-6,4,-6,5,-6,5,-6,5,-5,5,-4,6,-3,6,-2,7,0,7,2,7,3,7,5,8,7,7,9,8,11,8,12,7]",giovani,unknown,unknown
CSI_DATA,901348,b2:1f:e7:2b:79:66,-42,11,1,7,0,1,1,0,1,0,1,-97,0,1,0,-103031866,0,83,0,128,1,"[83,-80,4,0,30,-36,29,-37,28,-37,27,-36,26,-34,25,-32,23,-30,22,-26,21,-23,21,-19,21,-15,20,-10,20,-5,20,-1,20,4,19,8,18,12,18,15,17,18,16,20,15,21,13,22,12,22,11,22,10,22,2,5,0,0,0,0,0,0,0,0,0,0,0,0,0,0,0,0,0,0,1,-3,4,-9,5,-6,5,-3,6,0,6,3,7,7,7,10,7,13,8,15,8,17,9,18,10,18,11,18,12,17,13,16,14,13,16,10,18,7,20,3,22,-1,24,-5,25,-11,27,-16,28,-21,30,-26,30,-30]",giovani,unknown,unknown
CSI_DATA,901350,b2:1f:e7:2b:79:66,-42,11,1,7,0,1,1,0,1,0,1,-97,0,1,0,-103020313,0,83,0,128,1,"[83,-80,4,0,-32,-36,-32,-35,-32,-34,-31,-32,-30,-31,-28,-29,-26,-28,-23,-27,-20,-25,-16,-24,-11,-24,-7,-23,-3,-22,2,-21,6,-20,10,-19,14,-18,16,-17,19,-16,21,-15,22,-14,23,-12,23,-11,22,-10,22,-9,5,-3,0,0,0,0,0,0,0,0,0,0,0,0,0,0,0,0,0,0,-3,-2,-8,-7,-5,-7,-2,-7,2,-7,5,-7,8,-6,11,-6,14,-6,16,-6,18,-6,20,-6,20,-7,20,-8,19,-9,18,-11,16,-13,13,-15,10,-17,6,-20,2,-23,-2,-25,-6,-28,-11,-30,-16,-32,-21,-34,-24,-36]",giovani,unknown,unknown
CSI_DATA,901352,b2:1f:e7:2b:79:66,-39,11,1,7,0,1,1,0,1,0,1,-97,0,1,0,-103011999,0,83,0,128,1,"[83,-80,4,0,-5,-17,-5,-17,-5,-16,-5,-15,-5,-15,-5,-14,-4,-13,-4,-12,-3,-11,-1,-10,0,-9,1,-9,2,-8,4,-7,5,-6,6,-5,7,-4,8,-3,8,-2,9,-2,9,-1,9,0,9,0,8,0,8,0,2,0,0,0,0,0,0,0,0,0,0,0,0,0,0,0,0,0,0,0,-1,-1,-2,-4,-1,-3,0,-3,1,-2,2,-2,3,-1,4,0,5,0,6,1,6,1,7,1,7,1,7,1,7,0,7,0,7,-2,6,-3,6,-4,5,-5,4,-7,3,-8,2,-10,1,-11,0,-13,-1,-14,-1,-15]",giovani,unknown,unknown
CSI_DATA,901354,b2:1f:e7:2b:79:66,-43,11,1,7,0,1,1,0,1,0,1,-97,0,1,0,-103002003,0,83,0,128,1,"[83,-80,4,0,-5,-47,-6,-47,-6,-46,-7,-44,-6,-42,-5,-40,-4,-37,-3,-34,-1,-32,2,-29,4,-25,8,-22,11,-18,14,-15,17,-11,19,-8,21,-5,23,-3,24,0,25,2,25,4,25,5,24,6,23,7,22,8,5,2,0,0,0,0,0,0,0,0,0,0,0,0,0,0,0,0,0,0,-2,-3,-4,-9,-2,-8,1,-7,4,-5,7,-3,9,-1,12,1,14,2,16,3,18,4,19,5,20,5,21,4,21,2,20,0,20,-3,19,-6,18,-9,16,-13,14,-17,12,-22,10,-26,8,-31,5,-35,2,-40,0,-43]",giovani,unknown,unknown
CSI_DATA,901356,b2:1f:e7:2b:79:66,-43,11,1,7,0,1,1,0,1,0,1,-97,0,1,0,-102991658,0,83,0,128,1,"[83,-80,4,0,8,46,9,45,9,44,9,42,9,40,8,38,6,36,5,33,2,30,-1,27,-4,24,-7,21,-11,18,-14,15,-17,12,-20,8,-22,5,-24,3,-25,0,-26,-2,-26,-4,-26,-5,-25,-6,-24,-7,-23,-8,-6,-2,0,0,0,0,0,0,0,0,0,0,0,0,0,0,0,0,0,0,1,2,4,8,2,7,-2,6,-5,4,-8,3,-10,1,-13,0,-15,-1,-18,-2,-19,-3,-21,-3,-22,-3,-22,-2,-22,-1,-21,1,-21,4,-19,7,-18,10,-16,14,-13,18,-11,22,-8,26,-5,31,-2,35,1,39,3,42]",giovani,unknown,unknown
CSI_DATA,901358,b2:1f:e7:2b:79:66,-43,11,1,7,0,1,1,0,1,0,1,-97,0,1,0,-102981227,0,83,0,128,1,"[83,-80,4,0,8,45,8,44,9,43,9,41,9,39,8,37,7,35,5,32,3,29,-1,26,-4,23,-7,20,-10,17,-13,15,-16,12,-19,8,-21,6,-23,3,-24,1,-25,-1,-26,-2,-25,-4,-24,-6,-23,-7,-23,-7,-6,-2,0,0,0,0,0,0,0,0,0,0,0,0,0,0,0,0,0,0,1,2,4,8,1,7,-2,5,-4,4,-7,2,-10,1,-12,0,-15,-2,-17,-3,-19,-4,-20,-4,-21,-4,-21,-3,-21,-2,-20,1,-20,3,-19,7,-17,10,-15,13,-13,17,-10,21,-8,26,-6,30,-3,34,0,38,2,40]",giovani,unknown,unknown
CSI_DATA,901360,b2:1f:e7:2b:79:66,-40,11,1,7,0,1,1,0,1,0,1,-97,0,1,0,-102971364,0,83,0,128,1,"[83,-80,4,0,-16,4,-16,4,-16,5,-15,5,-14,4,-13,4,-13,3,-12,3,-11,2,-10,1,-9,0,-8,-2,-8,-3,-7,-4,-6,-6,-5,-7,-4,-8,-3,-9,-3,-9,-2,-10,-1,-10,-1,-10,0,-10,0,-9,0,-9,0,-3,0,0,0,0,0,0,0,0,0,0,0,0,0,0,0,0,0,0,-1,0,-4,1,-3,0,-3,-1,-2,-2,-2,-3,-1,-4,-1,-5,0,-6,0,-6,0,-7,0,-7,0,-8,0,-8,-1,-8,-1,-8,-2,-8,-3,-7,-4,-6,-6,-6,-7,-5,-8,-4,-10,-3,-11,-1,-13,0,-14,1,-15,2]",giovani,unknown,unknown
CSI_DATA,901362,b2:1f:e7:2b:79:66,-39,11,1,7,0,1,1,0,1,0,1,-97,0,1,0,-102962015,0,83,0,128,1,"[83,-80,4,0,16,-1,16,-1,16,-2,15,-2,14,-2,14,-1,13,-1,11,-1,10,0,9,1,8,2,7,3,5,4,4,5,3,6,2,7,1,8,0,8,-1,9,-2,9,-3,9,-3,9,-4,8,-4,8,-4,8,-1,2,0,0,0,0,0,0,0,0,0,0,0,0,0,0,0,0,0,0,0,-1,3,-2,2,-1,1,0,1,1,0,2,-1,3,-1,4,-2,4,-3,5,-3,6,-3,6,-3,6,-3,7,-2,7,-2,7,-1,7,0,7,2,6,3,6,5,5,7,5,8,4,10,3,12,3,13,2,14,1]",giovani,unknown,unknown
CSI_DATA,901364,b2:1f:e7:2b:79:66,-39,11,1,7,0,1,1,0,1,0,1,-97,0,1,0,-102951535,0,83,0,128,1,"[83,-80,4,0,11,-13,11,-13,10,-13,10,-13,9,-12,9,-11,8,-11,8,-10,8,-8,7,-7,7,-5,7,-3,7,-2,7,0,7,2,7,3,6,5,6,6,5,7,5,7,4,8,4,8,3,8,3,8,2,8,0,2,0,0,0,0,0,0,0,0,0,0,0,0,0,0,0,0,0,0,0,-1,1,-4,1,-3,2,-2,2,0,2,1,2,2,2,3,2,4,2,5,2,6,2,6,3,7,3,6,4,6,4,6,4,5,5,4,6,3,7,1,7,0,8,-2,9,-4,9,-6,10,-7,11,-9,11,-10]",giovani,unknown,unknown
CSI_DATA,901366,b2:1f:e7:2b:79:66,-39,11,1,7,0,1,1,0,1,0,1,-97,0,1,0,-102941935,0,83,0,128,1,"[83,-80,4,0,15,7,15,6,15,6,14,5,13,5,13,5,12,5,11,5,9,5,8,5,6,5,5,6,3,6,1,7,-1,7,-2,7,-3,7,-4,7,-5,7,-6,7,-7,7,-7,7,-8,6,-8,6,-8,5,-2,1,0,0,0,0,0,0,0,0,0,0,0,0,0,0,0,0,0,0,0,0,3,0,2,1,1,1,0,1,-1,2,-2,3,-3,3,-4,4,-5,4,-6,4,-6,5,-7,5,-6,5,-6,5,-5,6,-4,6,-3,6,-2,6,0,7,2,7,4,7,5,7,7,7,9,7,11,7,13,7]",giovani,unknown,unknown
CSI_DATA,901368,b2:1f:e7:2b:79:66,-39,11,1,7,0,1,1,0,1,0,1,-97,0,1,0,-102932032,0,83,0,128,1,"[83,-80,4,0,10,-14,9,-14,9,-14,9,-13,8,-13,8,-12,7,-11,7,-10,7,-9,7,-7,7,-6,7,-4,7,-3,7,-1,7,1,7,2,7,4,6,5,6,6,6,6,5,7,5,7,5,7,4,7,4,7,0,2,0,0,0,0,0,0,0,0,0,0,0,0,0,0,0,0,0,0,0,-1,1,-4,1,-3,1,-2,2,-1,2,1,2,2,2,3,2,4,3,5,3,6,3,6,3,6,4,6,4,6,5,5,5,4,6,3,6,2,7,1,7,-1,8,-3,8,-4,9,-6,9,-8,10,-10,10,-11]",giovani,unknown,unknown
CSI_DATA,901370,b2:1f:e7:2b:79:66,-39,11,1,7,0,1,1,0,1,0,1,-97,0,1,0,-102918264,0,83,0,128,1,"[83,-80,4,0,-14,9,-14,9,-13,9,-13,9,-12,9,-11,8,-11,7,-10,6,-10,5,-9,4,-9,3,-8,1,-8,0,-8,-2,-7,-4,-7,-5,-6,-6,-6,-7,-6,-8,-5,-9,-5,-9,-4,-9,-4,-9,-3,-9,-3,-9,-1,-3,0,0,0,0,0,0,0,0,0,0,0,0,0,0,0,0,0,0,-1,0,-3,2,-3,1,-3,0,-2,-2,-2,-3,-2,-4,-1,-5,-1,-6,-1,-7,-1,-7,-1,-8,-1,-8,-1,-8,-2,-8,-3,-8,-4,-7,-4,-6,-5,-5,-7,-4,-8,-3,-9,-2,-10,0,-11,2,-12,3,-13,5,-13,6]",giovani,unknown,unknown
CSI_DATA,901372,b2:1f:e7:2b:79:66,-40,11,1,7,0,1,1,0,1,0,1,-97,0,1,0,-102912083,0,83,0,128,1,"[83,-80,4,0,-17,-4,-17,-4,-17,-3,-16,-3,-15,-3,-14,-3,-13,-3,-12,-3,-11,-4,-10,-4,-8,-5,-7,-6,-5,-6,-4,-7,-2,-8,-1,-8,0,-9,1,-9,2,-9,3,-9,4,-9,4,-9,5,-8,5,-8,5,-8,1,-2,0,0,0,0,0,0,0,0,0,0,0,0,0,0,0,0,0,0,-1,0,-4,-1,-3,-1,-2,-2,-1,-2,0,-3,1,-4,2,-4,2,-5,3,-5,4,-6,4,-6,4,-7,4,-7,3,-7,3,-7,2,-7,1,-7,-1,-7,-2,-7,-4,-7,-6,-7,-8,-7,-9,-6,-11,-6,-13,-6,-14,-5]",giovani,unknown,unknown
CSI_DATA,901374,b2:1f:e7:2b:79:66,-39,11,1,7,0,1,1,0,1,0,1,-97,0,1,0,-102902023,0,83,0,128,1,"[83,-80,4,0,8,-14,8,-14,8,-14,7,-14,7,-13,7,-12,6,-12,6,-10,6,-9,6,-8,6,-6,6,-5,7,-3,7,-1,7,0,7,2,7,3,7,4,6,5,6,6,6,6,6,7,5,7,5,7,4,7,1,1,0,0,0,0,0,0,0,0,0,0,0,0,0,0,0,0,0,0,0,-1,1,-3,1,-3,2,-2,2,-1,2,0,2,2,2,3,2,4,3,5,3,5,3,6,3,6,4,6,4,5,5,5,5,4,6,3,6,2,7,0,7,-1,7,-3,8,-5,8,-7,9,-8,9,-10,9,-11]",giovani,unknown,unknown
CSI_DATA,901376,b2:1f:e7:2b:79:66,-43,11,1,7,0,1,1,0,1,0,1,-97,0,1,0,-102892016,0,83,0,128,1,"[83,-80,4,0,-46,11,-46,12,-44,12,-42,12,-41,12,-39,11,-36,9,-33,7,-30,4,-28,1,-25,-2,-23,-5,-20,-9,-17,-12,-14,-16,-11,-19,-9,-21,-6,-23,-4,-25,-2,-26,-1,-26,1,-26,2,-25,3,-24,4,-24,1,-6,0,0,0,0,0,0,0,0,0,0,0,0,0,0,0,0,0,0,-3,1,-9,3,-8,1,-7,-1,-5,-4,-4,-7,-2,-10,-1,-13,1,-15,2,-17,2,-19,2,-20,2,-21,1,-21,0,-21,-2,-21,-5,-20,-8,-18,-11,-17,-15,-15,-20,-13,-24,-10,-27,-7,-32,-4,-36,-1,-40,2,-42,5]",giovani,unknown,unknown
CSI_DATA,901378,b2:1f:e7:2b:79:66,-40,11,1,7,0,1,1,0,1,0,1,-97,0,1,0,-102866715,0,83,0,128,1,"[83,-80,4,0,-15,-12,-15,-11,-15,-11,-15,-10,-14,-10,-13,-9,-12,-9,-11,-9,-9,-8,-8,-8,-6,-8,-5,-8,-3,-8,-1,-8,1,-8,3,-8,4,-8,5,-8,6,-8,7,-8,7,-7,8,-7,8,-7,8,-6,8,-6,2,-2,0,0,0,0,0,0,0,0,0,0,0,0,0,0,0,0,0,0,-1,-1,-4,-3,-3,-3,-1,-3,0,-3,1,-3,2,-3,3,-3,4,-3,5,-3,6,-3,7,-4,7,-4,7,-4,7,-5,6,-6,5,-6,4,-7,3,-8,1,-8,-1,-9,-3,-9,-4,-10,-6,-11,-8,-11,-10,-12,-11,-13]",giovani,unknown,unknown
CSI_DATA,901380,b2:1f:e7:2b:79:66,-43,11,1,7,0,1,1,0,1,0,1,-97,0,1,0,-102866375,0,83,0,128,1,"[83,-80,4,0,1,-46,0,-46,-1,-45,-1,-43,-1,-41,0,-39,0,-36,1,-33,3,-30,5,-27,7,-24,10,-20,12,-16,15,-13,18,-9,20,-6,21,-3,22,0,23,3,24,5,24,6,23,8,22,8,21,9,20,10,5,2,0,0,0,0,0,0,0,0,0,0,0,0,0,0,0,0,0,0,-1,-3,-2,-9,0,-8,2,-6,5,-4,7,-2,9,1,11,3,13,5,15,6,16,7,17,8,18,7,19,7,19,5,19,3,19,0,18,-3,18,-6,17,-10,16,-14,14,-19,13,-24,11,-29,9,-34,7,-38,5,-41]",giovani,unknown,unknown
CSI_DATA,901382,b2:1f:e7:2b:79:66,-43,11,1,7,0,1,1,0,1,0,1,-97,0,1,0,-102855919,0,83,0,128,1,"[83,-80,4,0,-40,24,-40,24,-38,24,-37,24,-35,22,-33,21,-31,19,-29,16,-28,13,-26,9,-24,5,-23,1,-21,-3,-20,-7,-18,-11,-16,-15,-14,-18,-12,-21,-11,-23,-9,-24,-8,-25,-6,-25,-5,-25,-3,-24,-3,-24,-1,-6,0,0,0,0,0,0,0,0,0,0,0,0,0,0,0,0,0,0,-2,1,-7,6,-7,4,-7,0,-6,-3,-6,-6,-5,-9,-5,-12,-4,-15,-4,-17,-4,-19,-4,-20,-5,-21,-6,-21,-7,-20,-9,-19,-11,-17,-13,-15,-16,-12,-19,-10,-22,-6,-25,-3,-28,2,-31,6,-34,10,-36,14,-38,17]",giovani,unknown,unknown
CSI_DATA,901384,b2:1f:e7:2b:79:66,-43,11,1,6,0,1,1,0,1,0,1,-97,0,1,0,-102849627,0,83,0,128,1,"[83,-80,4,0,36,-30,35,-30,34,-30,32,-29,31,-28,30,-26,28,-24,26,-21,25,-18,24,-14,23,-10,22,-6,21,-1,20,3,19,7,18,11,16,15,15,17,14,20,12,22,11,23,10,23,8,23,7,22,6,22,1,5,0,0,0,0,0,0,0,0,0,0,0,0,0,0,0,0,0,0,1,-3,6,-8,6,-5,6,-2,6,1,6,4,5,7,5,10,5,13,5,15,5,17,5,18,6,19,7,19,8,18,10,17,12,15,14,12,16,9,19,6,22,3,24,-2,27,-6,29,-11,32,-15,34,-20,35,-23]",giovani,unknown,unknown
CSI_DATA,901386,b2:1f:e7:2b:79:66,-39,11,1,6,0,1,1,0,1,0,1,-97,0,1,0,-102844436,0,83,0,128,1,"[83,-80,4,0,-12,-12,-13,-12,-12,-12,-12,-11,-12,-10,-11,-10,-10,-10,-9,-9,-8,-9,-6,-9,-5,-8,-3,-8,-2,-8,0,-8,1,-8,3,-8,4,-7,5,-7,6,-7,7,-6,7,-6,8,-5,8,-5,7,-5,7,-4,1,-1,0,0,0,0,0,0,0,0,0,0,0,0,0,0,0,0,0,0,-1,-1,-3,-3,-2,-3,-1,-3,0,-3,1,-3,2,-3,3,-3,4,-3,5,-3,6,-3,6,-3,7,-3,7,-3,6,-4,6,-4,5,-5,4,-6,3,-6,2,-7,0,-8,-2,-9,-3,-10,-5,-10,-7,-11,-8,-12,-9,-12]",giovani,unknown,unknown
CSI_DATA,901388,b2:1f:e7:2b:79:66,-39,11,1,6,0,1,1,0,1,0,1,-97,0,1,0,-102838788,0,83,0,128,1,"[83,-80,4,0,-11,-14,-11,-14,-11,-13,-10,-13,-10,-12,-9,-11,-9,-11,-8,-10,-7,-10,-5,-9,-4,-9,-2,-8,-1,-8,1,-8,2,-7,4,-7,5,-7,6,-6,7,-6,8,-5,8,-5,8,-4,8,-4,8,-4,8,-3,2,-1,0,0,0,0,0,0,0,0,0,0,0,0,0,0,0,0,0,0,-1,-1,-3,-3,-2,-3,-1,-3,0,-3,2,-2,3,-2,4,-2,5,-2,5,-2,6,-1,7,-2,7,-2,7,-2,7,-3,6,-3,6,-4,5,-5,4,-6,3,-7,1,-8,0,-9,-2,-10,-3,-11,-5,-12,-6,-13,-7,-13]",giovani,unknown,unknown
CSI_DATA,901390,b2:1f:e7:2b:79:66,-39,11,1,7,0,1,1,0,1,0,1,-97,0,1,0,-102832029,0,83,0,128,1,"[83,-80,4,0,15,-6,15,-6,15,-6,14,-6,13,-6,12,-5,12,-5,11,-4,10,-3,9,-2,8,-1,7,1,6,2,6,3,5,5,4,6,3,7,2,8,2,8,1,9,0,9,0,9,0,9,-1,8,-1,8,-1,2,0,0,0,0,0,0,0,0,0,0,0,0,0,0,0,0,0,0,0,-1,2,-2,2,-1,2,0,1,1,1,2,0,3,-1,4,-1,5,-2,6,-2,6,-2,7,-2,7,-1,7,-1,7,0,7,0,7,2,6,3,5,4,5,6,4,7,2,9,1,10,0,11,-1,13,-2,14,-3]",giovani,unknown,unknown
CSI_DATA,901392,b2:1f:e7:2b:79:66,-43,11,1,7,0,1,1,0,1,0,1,-97,0,1,0,-102821511,0,83,0,128,1,"[83,-80,4,0,-41,23,-41,23,-39,23,-37,23,-36,22,-34,20,-32,18,-30,16,-28,12,-26,9,-24,5,-23,1,-21,-3,-20,-7,-18,-11,-16,-15,-14,-18,-12,-21,-11,-23,-9,-24,-8,-25,-7,-25,-5,-25,-4,-24,-3,-24,-1,-6,0,0,0,0,0,0,0,0,0,0,0,0,0,0,0,0,0,0,-2,1,-8,5,-7,3,-7,0,-6,-3,-5,-7,-4,-10,-3,-13,-3,-15,-2,-18,-2,-19,-2,-21,-3,-21,-4,-21,-5,-21,-7,-20,-9,-18,-12,-16,-15,-14,-18,-11,-22,-8,-25,-4,-28,0,-31,4,-34,8,-37,12,-39,15]",giovani,unknown,unknown
CSI_DATA,901394,b2:1f:e7:2b:79:66,-43,11,1,7,0,1,1,0,1,0,1,-97,0,1,0,-102811417,0,83,0,128,1,"[83,-80,4,0,6,41,7,40,8,39,8,38,7,36,6,34,5,32,4,29,2,26,-1,24,-4,21,-6,19,-9,16,-12,13,-15,11,-18,8,-20,6,-21,3,-22,1,-23,0,-23,-2,-23,-3,-22,-4,-22,-5,-21,-6,-6,-2,0,0,0,0,0,0,0,0,0,0,0,0,0,0,0,0,0,0,0,2,2,7,0,6,-2,5,-5,3,-7,2,-9,0,-11,-1,-13,-3,-15,-4,-17,-5,-18,-5,-18,-5,-19,-4,-19,-3,-19,-1,-18,2,-17,5,-16,8,-14,11,-12,15,-10,19,-8,23,-6,27,-3,31,-1,34,1,37]",giovani,unknown,unknown
CSI_DATA,901396,b2:1f:e7:2b:79:66,-39,11,1,7,0,1,1,0,1,0,1,-97,0,1,0,-102790312,0,83,0,128,1,"[83,-80,4,0,-1,18,-1,18,0,18,0,17,0,16,0,15,0,14,-1,12,-2,11,-2,10,-3,9,-5,8,-6,6,-7,5,-8,3,-9,2,-9,1,-10,0,-11,-2,-11,-2,-11,-3,-11,-3,-10,-4,-10,-4,-10,-4,-3,-1,0,0,0,0,0,0,0,0,0,0,0,0,0,0,0,0,0,0,0,0,0,3,-1,2,-2,1,-3,0,-4,-1,-5,-1,-5,-2,-6,-3,-6,-4,-7,-5,-7,-5,-8,-5,-8,-5,-8,-4,-8,-3,-8,-2,-8,-1,-8,1,-8,2,-7,4,-7,6,-6,8,-5,10,-5,12,-4,14,-3,15]",giovani,unknown,unknown
CSI_DATA,901398,b2:1f:e7:2b:79:66,-40,11,1,7,0,1,1,0,1,0,1,-97,0,1,0,-102783344,0,83,0,128,1,"[83,-80,4,0,8,-16,7,-17,7,-16,7,-16,6,-15,6,-14,5,-13,5,-12,5,-11,5,-9,6,-8,6,-6,7,-5,7,-3,8,-1,8,0,8,2,9,3,8,4,8,4,8,5,8,5,7,6,7,6,7,6,1,1,0,0,0,0,0,0,0,0,0,0,0,0,0,0,0,0,0,0,0,-1,1,-4,2,-3,2,-2,2,-1,2,1,2,2,2,3,3,4,3,5,3,6,3,6,4,6,4,6,5,6,5,5,5,5,6,3,6,1,7,0,7,-2,8,-4,8,-6,8,-8,8,-9,9,-11,9,-13]",giovani,unknown,unknown
CSI_DATA,901400,b2:1f:e7:2b:79:66,-39,11,1,7,0,1,1,0,1,0,1,-97,0,1,0,-102767057,0,83,0,128,1,"[83,-80,4,0,-15,-12,-15,-12,-15,-11,-14,-10,-14,-10,-13,-9,-12,-9,-11,-9,-10,-9,-8,-8,-6,-8,-5,-9,-3,-8,-1,-9,0,-9,2,-9,3,-9,4,-9,5,-9,6,-8,7,-8,7,-8,7,-7,7,-7,7,-6,1,-2,0,0,0,0,0,0,0,0,0,0,0,0,0,0,0,0,0,0,-1,-1,-3,-3,-3,-3,-1,-3,0,-3,1,-3,2,-3,4,-3,5,-3,6,-3,6,-3,7,-3,7,-3,7,-4,7,-4,6,-5,5,-6,4,-7,3,-7,1,-8,0,-9,-2,-10,-4,-10,-6,-11,-8,-11,-10,-12,-11,-12]",giovani,unknown,unknown
CSI_DATA,901402,b2:1f:e7:2b:79:66,-39,11,1,7,0,1,1,0,1,0,1,-97,0,1,0,-102761272,0,83,0,128,1,"[83,-80,4,0,10,-13,10,-13,9,-13,9,-13,8,-12,8,-12,7,-11,7,-10,7,-9,7,-7,7,-6,7,-4,7,-3,7,-1,7,1,7,2,7,3,7,4,6,5,6,6,6,7,6,7,5,7,4,7,4,7,1,1,0,0,0,0,0,0,0,0,0,0,0,0,0,0,0,0,0,0,0,-1,2,-3,2,-2,2,-1,2,0,2,1,2,2,2,3,2,4,2,5,2,6,2,6,3,6,3,6,3,6,4,5,4,5,5,4,6,2,6,1,7,0,8,-2,8,-4,9,-6,10,-7,10,-9,10,-10]",giovani,unknown,unknown
CSI_DATA,901404,b2:1f:e7:2b:79:66,-42,11,1,7,0,1,1,0,1,0,1,-97,0,1,0,-102756693,0,83,0,128,1,"[83,-80,4,0,22,35,23,34,23,33,23,31,21,30,20,28,18,27,15,25,13,23,10,22,6,21,2,19,-2,18,-6,17,-9,16,-13,14,-16,13,-18,11,-20,10,-22,8,-22,7,-22,6,-22,5,-22,4,-21,3,-6,0,0,0,0,0,0,0,0,0,0,0,0,0,0,0,0,0,0,0,1,1,5,6,3,5,0,5,-3,4,-5,4,-8,4,-11,3,-13,3,-15,3,-17,3,-18,3,-19,4,-19,5,-18,6,-17,7,-16,9,-14,11,-11,13,-8,16,-5,19,-1,21,2,24,6,27,11,29,15,32,18,33]",giovani,unknown,unknown
CSI_DATA,901406,b2:1f:e7:2b:79:66,-39,11,1,7,0,1,1,0,1,0,1,-97,0,1,0,-102751574,0,83,0,128,1,"[83,-80,4,0,6,-16,5,-16,5,-16,5,-15,5,-15,4,-14,4,-13,4,-12,4,-10,5,-9,5,-8,6,-6,6,-4,6,-3,7,-1,7,1,8,2,7,3,7,4,7,5,7,5,7,6,6,6,6,6,6,6,1,1,0,0,0,0,0,0,0,0,0,0,0,0,0,0,0,0,0,0,0,-1,0,-4,1,-3,1,-2,2,-1,2,0,3,1,3,2,3,3,4,4,4,5,4,5,5,5,5,5,5,5,6,4,6,3,6,2,6,0,6,-1,7,-3,7,-4,7,-6,7,-8,7,-10,7,-12,7,-14]",giovani,unknown,unknown
CSI_DATA,901408,b2:1f:e7:2b:79:66,-39,11,1,7,0,1,1,0,1,0,1,-97,0,1,0,-102742068,0,83,0,128,1,"[83,-80,4,0,14,-9,14,-10,13,-10,13,-10,12,-9,11,-9,11,-8,10,-7,9,-6,8,-4,8,-3,8,-2,7,0,7,2,6,3,6,5,5,6,4,7,4,8,3,8,3,9,2,9,2,9,2,8,1,8,0,2,0,0,0,0,0,0,0,0,0,0,0,0,0,0,0,0,0,0,0,-1,2,-3,2,-2,2,-1,2,1,1,2,1,3,0,4,0,5,0,6,0,7,0,7,0,7,0,7,1,7,1,7,2,6,3,5,4,4,5,3,7,2,8,1,9,-1,10,-3,11,-4,12,-5,13,-7]",giovani,unknown,unknown
CSI_DATA,901410,b2:1f:e7:2b:79:66,-43,11,1,7,0,1,1,0,1,0,1,-97,0,1,0,-102731551,0,83,0,128,1,"[83,-80,4,0,4,46,5,46,5,44,6,43,5,41,5,38,4,36,2,33,0,30,-3,27,-6,24,-9,21,-12,17,-15,14,-18,11,-20,8,-22,5,-24,2,-25,0,-26,-2,-26,-4,-25,-5,-25,-7,-24,-8,-23,-8,-6,-2,0,0,0,0,0,0,0,0,0,0,0,0,0,0,0,0,0,0,0,2,2,8,0,7,-3,5,-6,3,-8,2,-11,0,-13,-2,-15,-4,-17,-5,-18,-6,-20,-6,-21,-6,-21,-5,-21,-4,-21,-2,-20,1,-20,4,-18,8,-17,12,-15,16,-13,20,-10,25,-8,30,-6,34,-3,38,-1,41]",giovani,unknown,unknown
CSI_DATA,901412,b2:1f:e7:2b:79:66,-39,11,1,7,0,1,1,0,1,0,1,-97,0,1,0,-102721621,0,83,0,128,1,"[83,-80,4,0,-4,-17,-5,-16,-5,-16,-5,-16,-4,-15,-4,-14,-3,-13,-3,-12,-2,-11,-1,-10,0,-10,1,-9,2,-7,4,-7,5,-6,6,-4,7,-3,8,-3,8,-2,9,-1,9,-1,9,0,9,0,8,1,8,1,2,0,0,0,0,0,0,0,0,0,0,0,0,0,0,0,0,0,0,0,-1,-1,-2,-4,-1,-3,0,-3,1,-2,2,-1,3,-1,4,0,5,0,5,1,6,1,7,1,7,1,7,1,7,1,7,0,7,-1,6,-2,6,-4,5,-5,4,-6,3,-8,2,-9,1,-11,0,-13,-1,-14,-2,-15]",giovani,unknown,unknown
CSI_DATA,901414,b2:1f:e7:2b:79:66,-43,11,1,7,0,1,1,0,1,0,1,-97,0,1,0,-102711891,0,83,0,128,1,"[83,-80,4,0,10,-41,9,-41,8,-40,7,-38,7,-37,7,-35,7,-32,7,-29,8,-26,9,-23,11,-20,13,-16,14,-12,16,-9,17,-5,18,-2,19,1,20,4,20,6,20,8,20,9,19,10,18,11,17,11,16,12,4,3,0,0,0,0,0,0,0,0,0,0,0,0,0,0,0,0,0,0,0,-3,1,-9,2,-7,4,-5,5,-2,7,0,8,3,9,5,10,7,11,9,12,10,13,11,14,11,15,11,15,9,16,7,16,5,16,2,17,-2,17,-5,17,-9,16,-14,16,-18,15,-23,15,-28,14,-32,13,-35]",giovani,unknown,unknown
CSI_DATA,901416,b2:1f:e7:2b:79:66,-43,11,1,7,0,1,1,0,1,0,1,-97,0,1,0,-102701922,0,83,0,128,1,"[83,-80,4,0,3,-47,2,-47,1,-46,1,-44,1,-42,1,-40,1,-37,2,-34,4,-31,6,-27,8,-24,11,-20,13,-16,16,-13,18,-9,20,-5,22,-2,23,1,24,3,24,5,24,7,23,8,22,9,21,10,20,10,5,2,0,0,0,0,0,0,0,0,0,0,0,0,0,0,0,0,0,0,-1,-3,-1,-10,1,-8,3,-6,5,-4,8,-1,9,1,11,4,13,6,15,7,16,9,17,9,18,9,19,8,19,7,19,5,19,2,19,-2,18,-5,17,-9,16,-14,15,-19,14,-24,12,-29,10,-34,8,-38,7,-42]",giovani,unknown,unknown
CSI_DATA,901418,b2:1f:e7:2b:79:66,-43,11,1,7,0,1,1,0,1,0,1,-97,0,1,0,-102691934,0,83,0,128,1,"[83,-80,4,0,45,8,45,6,44,6,43,5,41,5,39,5,36,5,33,6,29,7,25,9,21,10,18,12,14,15,10,17,6,19,2,21,-1,22,-4,23,-7,23,-9,23,-11,23,-12,22,-13,21,-13,20,-14,19,-4,4,0,0,0,0,0,0,0,0,0,0,0,0,0,0,0,0,0,0,2,-1,9,0,7,1,4,3,2,5,-1,7,-3,9,-6,11,-8,13,-10,14,-11,15,-12,16,-12,17,-11,18,-9,18,-8,18,-5,19,-2,19,2,18,7,18,12,18,16,17,21,16,26,15,32,13,36,12,39,11]",giovani,unknown,unknown
CSI_DATA,901420,b2:1f:e7:2b:79:66,-40,11,1,7,0,1,1,0,1,0,1,-97,0,1,0,-102665100,0,83,0,128,1,"[83,-80,4,0,16,7,16,6,16,6,15,5,15,5,14,5,13,5,12,5,10,5,8,5,7,5,5,6,3,7,2,7,0,7,-1,8,-3,8,-4,8,-5,8,-6,8,-7,8,-7,7,-7,7,-7,6,-7,6,-2,1,0,0,0,0,0,0,0,0,0,0,0,0,0,0,0,0,0,0,0,0,3,1,2,1,1,1,-1,2,-2,2,-3,3,-4,3,-5,3,-6,4,-7,4,-7,4,-7,5,-7,5,-7,5,-6,6,-5,6,-4,6,-2,7,0,7,2,7,3,7,5,7,7,7,9,8,12,8,13,7]",giovani,unknown,unknown
CSI_DATA,901422,b2:1f:e7:2b:79:66,-42,11,1,7,0,1,1,0,1,0,1,-97,0,1,0,-102659792,0,83,0,128,1,"[83,-80,4,0,32,33,33,32,33,31,32,29,31,28,28,26,26,25,23,24,20,23,16,22,11,21,7,21,3,20,-2,20,-6,20,-10,19,-13,18,-16,17,-19,16,-21,15,-22,14,-22,13,-22,11,-22,10,-22,9,-6,2,0,0,0,0,0,0,0,0,0,0,0,0,0,0,0,0,0,0,2,1,7,6,4,6,1,6,-2,6,-6,6,-9,6,-12,6,-14,6,-17,6,-18,6,-20,6,-20,7,-20,8,-19,9,-17,11,-16,13,-13,15,-10,17,-6,19,-2,21,3,24,7,26,12,28,17,30,22,31,26,33]",giovani,unknown,unknown
CSI_DATA,901424,b2:1f:e7:2b:79:66,-39,11,1,7,0,1,1,0,1,0,1,-97,0,1,0,-102654465,0,83,0,128,1,"[83,-80,4,0,1,18,2,18,2,18,2,17,2,16,2,15,1,14,1,13,0,12,-1,11,-2,9,-4,8,-5,7,-6,6,-8,4,-9,3,-10,2,-10,1,-11,0,-11,-1,-11,-1,-11,-2,-11,-2,-10,-3,-10,-3,-3,-1,0,0,0,0,0,0,0,0,0,0,0,0,0,0,0,0,0,0,0,1,0,3,-1,3,-2,2,-3,1,-4,0,-5,-1,-6,-2,-6,-2,-7,-3,-8,-3,-8,-4,-9,-4,-9,-3,-9,-3,-9,-2,-9,-1,-8,1,-8,2,-7,4,-7,5,-5,7,-5,9,-4,11,-3,13,-2,14,-1,16]",giovani,unknown,unknown
CSI_DATA,901426,b2:1f:e7:2b:79:66,-42,11,1,7,0,1,1,0,1,0,1,-97,0,1,0,-102649486,0,83,0,128,1,"[83,-80,4,0,38,16,38,15,37,14,36,13,35,12,33,12,30,12,27,12,24,12,20,13,17,14,13,14,9,16,5,17,2,18,-2,19,-5,19,-8,19,-10,19,-12,19,-13,18,-14,17,-15,16,-15,15,-15,15,-4,3,0,0,0,0,0,0,0,0,0,0,0,0,0,0,0,0,0,0,2,0,8,2,6,3,3,4,0,5,-2,6,-5,8,-8,9,-10,9,-12,10,-13,11,-14,12,-14,13,-14,13,-12,14,-11,15,-9,16,-6,16,-2,17,2,18,6,18,11,19,15,19,19,19,24,19,29,19,32,18]",giovani,unknown,unknown
CSI_DATA,901428,b2:1f:e7:2b:79:66,-39,11,1,7,0,1,1,0,1,0,1,-97,0,1,0,-102642074,0,83,0,128,1,"[83,-80,4,0,-2,16,-1,16,-1,16,0,15,-1,14,-1,14,-1,13,-1,12,-2,10,-3,9,-4,8,-5,6,-6,5,-6,4,-7,3,-8,2,-9,1,-9,-1,-9,-2,-10,-2,-10,-3,-9,-4,-9,-4,-9,-4,-8,-4,-2,-1,0,0,0,0,0,0,0,0,0,0,0,0,0,0,0,0,0,0,0,0,0,3,-1,2,-2,1,-3,0,-4,0,-4,-1,-5,-2,-5,-3,-6,-3,-7,-4,-7,-4,-7,-4,-7,-4,-8,-4,-8,-3,-8,-2,-8,-1,-7,1,-7,2,-6,4,-6,6,-5,7,-5,9,-4,11,-4,13,-3,14]",giovani,unknown,unknown
CSI_DATA,901430,b2:1f:e7:2b:79:66,-39,11,1,7,0,1,1,0,1,0,1,-97,0,1,0,-102631933,0,83,0,128,1,"[83,-80,4,0,10,12,10,12,10,12,10,11,9,11,9,10,8,9,7,9,6,9,4,8,3,8,1,7,0,7,-2,7,-3,7,-5,6,-6,6,-7,5,-8,4,-8,4,-9,4,-9,3,-9,3,-9,2,-9,2,-3,0,0,0,0,0,0,0,0,0,0,0,0,0,0,0,0,0,0,0,0,0,2,2,1,2,0,2,-1,2,-3,2,-4,2,-5,1,-6,1,-6,1,-7,1,-8,1,-8,1,-8,1,-8,2,-7,2,-7,3,-6,4,-5,5,-3,6,-2,7,0,8,1,8,3,10,4,11,6,11,8,12]",giovani,unknown,unknown
CSI_DATA,901432,b2:1f:e7:2b:79:66,-39,11,1,7,0,1,1,0,1,0,1,-97,0,1,0,-102622071,0,83,0,128,1,"[83,-80,4,0,-15,-9,-15,-9,-14,-9,-14,-8,-13,-8,-13,-7,-12,-7,-11,-7,-9,-7,-8,-7,-7,-7,-5,-7,-4,-8,-2,-8,0,-8,1,-8,2,-8,3,-8,4,-8,5,-8,5,-8,6,-7,6,-7,6,-7,6,-6,1,-2,0,0,0,0,0,0,0,0,0,0,0,0,0,0,0,0,0,0,-1,-1,-3,-3,-3,-3,-1,-3,0,-3,1,-3,2,-3,3,-3,4,-4,5,-4,6,-4,6,-4,6,-4,6,-5,6,-5,5,-5,4,-6,3,-6,2,-7,0,-8,-1,-8,-3,-8,-4,-9,-6,-9,-8,-9,-10,-10,-11,-10]",giovani,unknown,unknown
CSI_DATA,901434,b2:1f:e7:2b:79:66,-42,11,1,7,0,1,1,0,1,0,1,-97,0,1,0,-102610087,0,83,0,128,1,"[83,-80,4,0,0,-47,-1,-47,-1,-46,-2,-44,-2,-42,-1,-40,-1,-38,0,-35,2,-32,4,-28,7,-25,9,-21,12,-18,15,-14,18,-11,20,-7,22,-4,23,-2,24,1,25,3,25,4,24,6,23,7,22,7,21,8,5,2,0,0,0,0,0,0,0,0,0,0,0,0,0,0,0,0,0,0,-1,-3,-1,-10,1,-9,3,-6,5,-4,8,-1,10,1,12,3,13,5,15,7,17,8,18,8,19,8,19,8,20,6,20,4,19,1,19,-3,18,-6,17,-10,16,-15,14,-19,13,-24,11,-30,9,-34,7,-38,5,-42]",giovani,unknown,unknown
CSI_DATA,901436,b2:1f:e7:2b:79:66,-43,11,1,7,0,1,1,0,1,0,1,-97,0,1,0,-102601962,0,83,0,128,1,"[83,-80,4,0,-6,-41,-7,-41,-8,-40,-8,-38,-7,-36,-7,-34,-6,-32,-4,-30,-2,-28,0,-25,3,-23,5,-20,8,-17,11,-15,14,-12,17,-9,18,-7,20,-5,21,-3,22,-1,22,0,22,2,21,3,20,4,19,4,4,1,0,0,0,0,0,0,0,0,0,0,0,0,0,0,0,0,0,0,-1,-3,-3,-9,-1,-8,2,-6,4,-4,6,-3,8,-1,10,1,12,2,14,3,15,4,16,4,17,4,18,3,17,2,17,0,17,-2,16,-5,15,-8,13,-11,11,-15,9,-19,7,-23,5,-27,3,-31,1,-35,-1,-37]",giovani,unknown,unknown
CSI_DATA,901438,b2:1f:e7:2b:79:66,-43,11,1,7,0,1,1,0,1,0,1,-97,0,1,0,-102591756,0,83,0,128,1,"[83,-80,4,0,39,-25,38,-26,36,-26,35,-25,33,-24,32,-23,30,-21,28,-18,27,-15,25,-11,24,-8,22,-4,21,1,19,5,18,9,16,13,15,16,13,19,12,21,10,22,9,23,7,23,6,23,5,22,4,22,0,5,0,0,0,0,0,0,0,0,0,0,0,0,0,0,0,0,0,0,1,-2,7,-6,7,-4,6,-1,6,2,5,6,4,9,3,12,3,15,2,17,2,19,2,20,2,20,3,20,5,20,7,19,9,17,11,14,14,12,17,9,20,6,23,2,26,-3,29,-7,32,-11,35,-15,37,-18]",giovani,unknown,unknown
CSI_DATA,901440,b2:1f:e7:2b:79:66,-40,11,1,7,0,1,1,0,1,0,1,-97,0,1,0,-102581554,0,83,0,128,1,"[83,-80,4,0,15,9,15,9,15,9,15,8,14,7,13,7,12,7,11,7,9,7,8,7,6,7,4,7,3,7,1,8,-1,8,-2,8,-4,8,-5,8,-6,8,-7,8,-8,7,-8,7,-8,6,-8,6,-8,5,-2,1,0,0,0,0,0,0,0,0,0,0,0,0,0,0,0,0,0,0,0,0,3,1,2,2,1,2,-1,2,-2,3,-3,3,-4,3,-5,3,-6,3,-7,4,-8,4,-8,4,-8,4,-7,5,-7,5,-6,6,-5,6,-3,7,-1,7,1,8,3,8,5,8,7,9,9,9,11,9,12,9]",giovani,unknown,unknown
CSI_DATA,901442,b2:1f:e7:2b:79:66,-43,11,1,7,0,1,1,0,1,0,1,-97,0,1,0,-102562003,0,83,0,128,1,"[83,-80,4,0,-44,-15,-44,-14,-43,-13,-41,-12,-39,-11,-37,-11,-35,-11,-32,-11,-28,-12,-24,-13,-20,-15,-16,-16,-13,-17,-9,-19,-5,-20,-1,-21,3,-22,6,-22,8,-23,10,-23,12,-22,13,-21,13,-20,14,-19,14,-17,3,-5,0,0,0,0,0,0,0,0,0,0,0,0,0,0,0,0,0,0,-3,-1,-9,-3,-7,-4,-4,-6,-1,-7,2,-8,5,-10,8,-11,10,-12,12,-13,14,-13,15,-14,15,-15,14,-16,13,-16,10,-17,8,-18,5,-19,1,-19,-3,-20,-8,-20,-13,-20,-18,-20,-23,-20,-28,-19,-33,-19,-36,-18]",giovani,unknown,unknown
CSI_DATA,901444,b2:1f:e7:2b:79:66,-39,11,1,7,0,1,1,0,1,0,1,-97,0,1,0,-102555660,0,83,0,128,1,"[83,-80,4,0,-7,-16,-8,-16,-8,-15,-8,-14,-7,-14,-7,-13,-6,-12,-6,-12,-4,-11,-3,-10,-2,-9,-1,-9,0,-8,2,-8,4,-7,5,-6,6,-6,7,-5,8,-5,8,-4,8,-4,8,-3,8,-3,8,-2,8,-2,2,-1,0,0,0,0,0,0,0,0,0,0,0,0,0,0,0,0,0,0,-1,-1,-2,-4,-1,-4,0,-3,1,-2,2,-2,3,-1,4,0,5,0,6,0,6,1,7,1,7,1,7,0,7,0,7,-1,6,-2,6,-3,5,-4,4,-6,3,-7,2,-8,1,-10,0,-11,-2,-12,-3,-14,-4,-15]",giovani,unknown,unknown
CSI_DATA,901446,b2:1f:e7:2b:79:66,-43,11,1,7,0,1,1,0,1,0,1,-97,0,1,0,-102550602,0,83,0,128,1,"[83,-80,4,0,-36,30,-35,30,-34,30,-32,29,-31,28,-29,26,-28,24,-26,21,-25,18,-24,14,-23,10,-23,6,-22,1,-21,-3,-20,-8,-19,-11,-17,-15,-16,-18,-15,-20,-14,-22,-13,-23,-11,-23,-10,-23,-8,-23,-7,-22,-2,-6,0,0,0,0,0,0,0,0,0,0,0,0,0,0,0,0,0,0,-2,1,-7,7,-7,4,-7,1,-7,-2,-7,-6,-7,-9,-6,-12,-6,-15,-7,-17,-7,-19,-7,-20,-7,-21,-8,-21,-10,-20,-11,-18,-13,-16,-15,-14,-17,-11,-20,-7,-23,-3,-25,1,-27,6,-29,11,-32,15,-34,19,-35,23]",giovani,unknown,unknown
CSI_DATA,901448,b2:1f:e7:2b:79:66,-42,11,1,7,0,1,1,0,1,0,1,-97,0,1,0,-102541999,0,83,0,128,1,"[83,-80,4,0,-7,-47,-8,-47,-8,-46,-8,-44,-8,-42,-7,-40,-6,-37,-4,-35,-2,-32,0,-29,4,-26,7,-23,10,-20,13,-16,16,-13,19,-10,21,-7,23,-4,24,-2,25,0,25,2,25,3,24,4,23,5,22,6,5,1,0,0,0,0,0,0,0,0,0,0,0,0,0,0,0,0,0,0,-1,-3,-3,-10,-1,-9,2,-7,5,-5,8,-3,10,-1,13,1,15,2,17,4,18,5,20,5,21,5,21,4,21,3,21,1,20,-2,19,-6,18,-9,16,-13,14,-17,11,-22,9,-26,7,-31,4,-35,1,-39,-1,-43]",giovani,unknown,unknown
CSI_DATA,901450,b2:1f:e7:2b:79:66,-42,11,1,7,0,1,1,0,1,0,1,-97,0,1,0,-102531917,0,83,0,128,1,"[83,-80,4,0,40,11,40,10,39,9,38,8,36,8,34,7,32,8,29,8,26,9,22,10,19,11,15,13,11,14,8,16,4,18,1,19,-2,20,-5,20,-8,20,-9,20,-11,20,-12,19,-13,18,-13,17,-13,16,-4,4,0,0,0,0,0,0,0,0,0,0,0,0,0,0,0,0,0,0,2,0,8,1,6,2,4,4,1,5,-1,7,-4,9,-6,10,-8,11,-10,12,-12,13,-12,14,-12,15,-12,15,-10,16,-9,16,-7,17,-4,17,0,17,4,17,9,17,13,17,17,16,22,16,27,15,31,14,34,13]",giovani,unknown,unknown
CSI_DATA,901452,b2:1f:e7:2b:79:66,-39,11,1,7,0,1,1,0,1,0,1,-97,0,1,0,-102522028,0,83,0,128,1,"[83,-80,4,0,6,37,7,36,8,35,8,34,8,32,7,31,6,29,5,27,3,24,1,22,-2,20,-5,18,-8,16,-10,13,-13,11,-16,9,-18,7,-19,5,-20,4,-21,2,-22,1,-22,-1,-21,-2,-21,-2,-20,-3,-5,-1,0,0,0,0,0,0,0,0,0,0,0,0,0,0,0,0,0,0,0,2,1,8,-1,7,-4,5,-6,3,-7,1,-9,0,-11,-2,-13,-3,-14,-4,-16,-6,-17,-6,-18,-6,-18,-5,-17,-4,-17,-2,-17,0,-17,2,-15,5,-13,9,-11,12,-10,16,-8,20,-6,23,-3,27,-1,30,1,33]",giovani,unknown,unknown
CSI_DATA,901454,b2:1f:e7:2b:79:66,-42,11,1,7,0,1,1,0,1,0,1,-97,0,1,0,-102508547,0,83,0,128,1,"[83,-80,4,0,-27,-33,-27,-32,-27,-31,-27,-29,-26,-28,-24,-27,-22,-25,-20,-24,-17,-23,-13,-22,-10,-21,-6,-21,-2,-20,2,-19,6,-18,9,-17,12,-16,14,-15,17,-14,18,-13,19,-12,19,-11,19,-9,19,-8,19,-7,4,-2,0,0,0,0,0,0,0,0,0,0,0,0,0,0,0,0,0,0,-2,-2,-6,-7,-4,-7,-1,-7,2,-6,5,-6,8,-6,10,-5,13,-5,15,-4,17,-4,18,-4,18,-5,18,-6,17,-7,16,-8,15,-10,13,-13,10,-15,6,-17,3,-19,-1,-22,-5,-24,-9,-27,-13,-29,-17,-31,-20,-32]",giovani,unknown,unknown
CSI_DATA,901456,b2:1f:e7:2b:79:66,-42,11,1,7,0,1,1,0,1,0,1,-97,0,1,0,-102501486,0,83,0,128,1,"[83,-80,4,0,-45,14,-44,15,-43,15,-41,15,-40,15,-38,13,-36,12,-33,10,-31,7,-28,4,-26,0,-24,-3,-22,-7,-19,-11,-17,-14,-15,-17,-12,-20,-10,-22,-8,-24,-6,-25,-5,-26,-3,-25,-2,-25,-1,-24,0,-23,0,-6,0,0,0,0,0,0,0,0,0,0,0,0,0,0,0,0,0,0,-3,0,-10,2,-9,0,-7,-3,-6,-5,-4,-8,-3,-11,-1,-14,0,-16,1,-18,2,-20,2,-21,2,-22,1,-22,-1,-22,-3,-21,-5,-20,-8,-19,-11,-17,-15,-14,-19,-12,-23,-9,-27,-5,-31,-2,-35,1,-39,5,-41,8]",giovani,unknown,unknown
CSI_DATA,901458,b2:1f:e7:2b:79:66,-39,11,1,7,0,1,1,0,1,0,1,-97,0,1,0,-102491939,0,83,0,128,1,"[83,-80,4,0,-4,-18,-4,-18,-4,-18,-5,-17,-4,-17,-4,-16,-4,-15,-3,-14,-2,-13,-1,-12,0,-11,1,-10,3,-8,4,-7,6,-6,7,-5,8,-5,9,-4,9,-3,10,-2,10,-2,10,-1,10,0,9,0,9,0,2,0,0,0,0,0,0,0,0,0,0,0,0,0,0,0,0,0,0,0,-1,-2,-1,-4,0,-4,1,-3,2,-2,3,-1,4,0,4,0,5,1,6,2,7,2,7,2,8,2,8,2,8,1,8,0,8,-1,8,-2,7,-3,6,-5,5,-6,4,-8,3,-10,2,-12,1,-14,0,-15,-1,-17]",giovani,unknown,unknown
CSI_DATA,901460,b2:1f:e7:2b:79:66,-42,11,1,7,0,1,1,0,1,0,1,-97,0,1,0,-102481990,0,83,0,128,1,"[83,-80,4,0,-8,-46,-9,-46,-10,-45,-10,-43,-10,-41,-9,-39,-8,-37,-6,-34,-4,-31,-1,-29,2,-26,5,-23,8,-21,12,-18,15,-15,18,-12,20,-9,22,-7,24,-5,24,-3,25,-2,24,0,24,1,23,2,22,2,5,0,0,0,0,0,0,0,0,0,0,0,0,0,0,0,0,0,0,0,-1,-3,-2,-10,0,-9,3,-7,5,-5,8,-3,10,-1,12,1,15,2,17,4,18,5,19,5,20,5,21,4,21,3,20,0,20,-2,19,-6,17,-9,16,-13,14,-17,11,-21,9,-26,6,-31,3,-35,0,-39,-2,-42]",giovani,unknown,unknown
CSI_DATA,901462,b2:1f:e7:2b:79:66,-43,11,1,7,0,1,1,0,1,0,1,-97,0,1,0,-102468988,0,83,0,128,1,"[83,-80,4,0,-39,-14,-39,-13,-38,-12,-36,-12,-35,-11,-33,-10,-31,-11,-28,-11,-25,-11,-22,-12,-19,-13,-15,-15,-12,-16,-8,-17,-5,-18,-1,-19,2,-20,4,-20,7,-21,9,-20,10,-20,11,-19,11,-18,11,-17,12,-16,3,-4,0,0,0,0,0,0,0,0,0,0,0,0,0,0,0,0,0,0,-3,-1,-9,-3,-7,-4,-4,-5,-1,-7,1,-8,4,-9,6,-10,8,-11,10,-12,11,-13,12,-14,12,-14,12,-15,10,-15,9,-16,7,-17,4,-17,0,-18,-3,-18,-7,-18,-12,-18,-16,-18,-21,-18,-25,-18,-29,-17,-32,-17]",giovani,unknown,unknown
CSI_DATA,901464,b2:1f:e7:2b:79:66,-43,11,1,7,0,1,1,0,1,0,1,-97,0,1,0,-102459784,0,83,0,128,1,"[83,-80,4,0,39,19,40,18,39,17,38,16,36,16,34,15,31,15,28,15,25,15,21,16,17,16,13,17,9,18,5,19,1,20,-3,20,-7,20,-10,20,-12,20,-14,19,-16,19,-17,17,-17,16,-17,15,-18,14,-5,3,0,0,0,0,0,0,0,0,0,0,0,0,0,0,0,0,0,0,2,0,8,3,6,4,3,5,0,6,-3,8,-6,9,-8,10,-11,11,-13,12,-14,12,-15,13,-16,14,-15,15,-14,15,-12,16,-10,17,-7,18,-3,18,1,19,6,20,10,21,15,21,20,21,25,22,30,21,33,21]",giovani,unknown,unknown
CSI_DATA,901466,b2:1f:e7:2b:79:66,-39,11,1,7,0,1,1,0,1,0,1,-97,0,1,0,-102451983,0,83,0,128,1,"[83,-80,4,0,5,15,5,15,5,14,5,14,5,13,5,12,4,12,4,11,3,10,1,9,0,8,-2,8,-3,7,-4,6,-6,5,-7,4,-8,4,-8,3,-9,2,-9,1,-10,1,-10,0,-10,0,-9,-1,-9,-1,-3,-1,0,0,0,0,0,0,0,0,0,0,0,0,0,0,0,0,0,0,0,0,1,3,0,2,-1,2,-2,1,-3,1,-4,0,-5,0,-6,-1,-7,-1,-8,-1,-8,-1,-9,-1,-9,-1,-8,-1,-8,0,-8,1,-7,2,-7,3,-5,4,-4,6,-3,7,-2,8,-1,10,0,11,2,13,3,13]",giovani,unknown,unknown
CSI_DATA,901468,b2:1f:e7:2b:79:66,-39,11,1,7,0,1,1,0,1,0,1,-97,0,1,0,-102442074,0,83,0,128,1,"[83,-80,4,0,-13,-12,-13,-12,-13,-11,-13,-11,-12,-10,-11,-10,-11,-9,-10,-9,-8,-9,-7,-9,-5,-9,-4,-9,-3,-8,-1,-8,1,-8,2,-8,4,-8,5,-8,6,-7,6,-7,7,-7,7,-6,7,-6,7,-5,7,-5,1,-2,0,0,0,0,0,0,0,0,0,0,0,0,0,0,0,0,0,0,-1,-1,-3,-3,-2,-3,-1,-3,0,-3,2,-3,3,-3,4,-3,5,-3,6,-3,7,-3,7,-3,7,-3,7,-3,7,-4,6,-5,6,-5,5,-6,3,-7,2,-7,1,-8,-1,-9,-3,-10,-5,-11,-6,-11,-8,-12,-9,-12]",giovani,unknown,unknown
CSI_DATA,901470,b2:1f:e7:2b:79:66,-39,11,1,7,0,1,1,0,1,0,1,-97,0,1,0,-102431941,0,83,0,128,1,"[83,-80,4,0,14,-8,14,-9,14,-9,13,-9,12,-8,12,-8,11,-7,10,-6,10,-5,9,-4,9,-3,8,-1,8,0,7,2,7,3,6,5,5,6,5,7,4,8,4,8,3,8,3,8,2,8,2,8,2,8,0,2,0,0,0,0,0,0,0,0,0,0,0,0,0,0,0,0,0,0,0,-1,3,-2,3,-1,2,0,2,1,1,2,1,4,0,4,0,5,0,6,-1,7,-1,7,-1,8,0,8,0,8,1,7,2,7,3,6,4,5,5,4,6,3,8,2,9,0,10,-1,12,-3,13,-4,14,-5]",giovani,unknown,unknown
CSI_DATA,901472,b2:1f:e7:2b:79:66,-43,11,1,7,0,1,1,0,1,0,1,-97,0,1,0,-102421324,0,83,0,128,1,"[83,-80,4,0,-23,34,-22,34,-21,34,-20,33,-19,31,-18,29,-18,27,-17,25,-17,22,-17,18,-17,14,-18,11,-18,7,-19,3,-19,-1,-19,-4,-19,-7,-19,-10,-19,-12,-18,-14,-17,-15,-16,-16,-15,-17,-14,-17,-13,-17,-3,-5,0,0,0,0,0,0,0,0,0,0,0,0,0,0,0,0,0,0,-2,2,-5,7,-6,5,-7,2,-7,-1,-8,-4,-8,-7,-9,-9,-9,-12,-10,-14,-11,-15,-11,-16,-12,-16,-12,-16,-13,-15,-14,-14,-15,-11,-17,-9,-18,-6,-19,-2,-20,2,-21,6,-22,11,-23,15,-23,20,-24,24,-24,28]",giovani,unknown,unknown
CSI_DATA,901474,b2:1f:e7:2b:79:66,-39,11,1,7,0,1,1,0,1,0,1,-97,0,1,0,-102411913,0,83,0,128,1,"[83,-80,4,0,10,12,10,12,11,11,10,11,10,10,9,9,8,9,8,8,6,8,5,8,3,7,2,7,0,7,-1,7,-3,7,-4,7,-5,6,-6,6,-7,5,-8,5,-8,5,-9,4,-9,4,-8,3,-9,3,-3,0,0,0,0,0,0,0,0,0,0,0,0,0,0,0,0,0,0,0,0,0,2,2,1,2,0,2,-2,2,-3,2,-4,2,-5,2,-6,1,-7,1,-8,1,-8,1,-8,2,-8,2,-8,2,-8,3,-7,3,-6,4,-5,5,-4,6,-2,7,-1,8,1,9,3,10,4,11,6,11,7,12]",giovani,unknown,unknown
CSI_DATA,901476,b2:1f:e7:2b:79:66,-42,11,1,7,0,1,1,0,1,0,1,-97,0,1,0,-102401621,0,83,0,128,1,"[83,-80,4,0,45,-10,44,-11,43,-12,41,-12,40,-11,38,-11,35,-9,33,-8,30,-5,27,-2,25,1,22,4,19,8,17,11,14,15,12,18,9,20,7,22,5,23,3,24,1,25,0,24,-2,24,-3,23,-4,22,-1,5,0,0,0,0,0,0,0,0,0,0,0,0,0,0,0,0,0,0,2,-1,9,-2,8,0,6,2,4,5,3,8,1,11,-1,14,-3,16,-4,18,-5,19,-5,20,-5,21,-4,21,-2,21,-1,21,2,20,5,19,9,17,13,15,17,13,21,11,25,7,29,4,34,2,38,-1,40,-4]",giovani,unknown,unknown
CSI_DATA,901478,b2:1f:e7:2b:79:66,-43,11,1,7,0,1,1,0,1,0,1,-97,0,1,0,-102392004,0,83,0,128,1,"[83,-80,4,0,-47,5,-46,6,-45,7,-43,7,-42,7,-40,6,-37,5,-34,3,-31,1,-29,-2,-26,-5,-23,-8,-20,-11,-17,-14,-14,-17,-11,-20,-8,-22,-6,-24,-3,-25,-1,-26,0,-26,2,-25,3,-24,4,-23,5,-23,1,-6,0,0,0,0,0,0,0,0,0,0,0,0,0,0,0,0,0,0,-3,0,-10,1,-9,-1,-7,-4,-5,-7,-3,-9,-1,-12,1,-15,3,-17,4,-18,5,-20,6,-21,6,-22,5,-22,3,-22,1,-22,-2,-21,-5,-20,-8,-19,-13,-17,-17,-15,-21,-13,-26,-10,-30,-8,-34,-5,-39,-3,-41,0]",giovani,unknown,unknown
CSI_DATA,901480,b2:1f:e7:2b:79:66,-43,11,1,7,0,1,1,0,1,0,1,-97,0,1,0,-102377732,0,83,0,128,1,"[83,-80,4,0,15,42,16,42,16,41,16,39,15,37,14,35,13,33,11,32,8,29,5,27,1,25,-2,22,-6,20,-10,18,-13,16,-17,14,-19,11,-21,9,-23,7,-24,5,-25,4,-25,2,-24,1,-23,0,-23,-1,-6,-1,0,0,0,0,0,0,0,0,0,0,0,0,0,0,0,0,0,0,1,2,3,8,0,7,-3,6,-6,5,-9,4,-12,2,-14,1,-17,0,-19,-1,-21,-2,-22,-2,-23,-2,-23,-1,-22,0,-22,2,-21,5,-19,8,-17,11,-14,14,-11,18,-8,21,-5,25,-2,30,2,33,6,36,9,39]",giovani,unknown,unknown
CSI_DATA,901482,b2:1f:e7:2b:79:66,-43,11,1,7,0,1,1,0,1,0,1,-97,0,1,0,-102371354,0,83,0,128,1,"[83,-80,4,0,39,-21,38,-22,37,-23,36,-22,34,-21,33,-20,31,-18,29,-16,27,-13,25,-9,24,-5,22,-2,21,2,19,6,17,10,16,14,14,17,12,19,10,21,9,22,7,23,6,23,4,23,3,22,2,21,0,5,0,0,0,0,0,0,0,0,0,0,0,0,0,0,0,0,0,0,2,-2,8,-6,7,-3,7,0,6,3,6,6,5,9,4,12,3,15,3,17,3,19,3,20,3,21,4,21,6,20,7,19,9,18,11,16,14,13,17,10,20,7,23,4,27,0,30,-4,33,-8,35,-12,37,-15]",giovani,unknown,unknown
CSI_DATA,901484,b2:1f:e7:2b:79:66,-43,11,1,7,0,1,1,0,1,0,1,-97,0,1,0,-102356562,0,83,0,128,1,"[83,-80,4,0,39,19,40,18,39,17,38,16,36,15,34,14,32,14,29,14,25,15,21,15,17,16,13,17,9,18,5,19,1,20,-3,20,-7,20,-10,20,-12,20,-14,19,-16,18,-17,17,-17,15,-18,14,-18,13,-5,3,0,0,0,0,0,0,0,0,0,0,0,0,0,0,0,0,0,0,2,0,8,3,6,4,3,5,0,7,-3,8,-6,10,-9,11,-11,12,-13,13,-15,13,-16,14,-16,15,-16,15,-15,16,-13,17,-11,18,-8,18,-4,19,1,19,5,20,10,21,15,21,20,21,25,21,30,21,33,21]",giovani,unknown,unknown
CSI_DATA,901486,b2:1f:e7:2b:79:66,-42,11,1,7,0,1,1,0,1,0,1,-97,0,1,0,-102350957,0,83,0,128,1,"[83,-80,4,0,23,-34,22,-34,21,-34,20,-33,19,-31,19,-30,18,-27,17,-25,17,-22,17,-18,17,-15,18,-11,18,-7,18,-3,18,1,18,4,18,8,17,10,17,13,16,14,15,16,14,16,13,17,11,17,10,17,2,4,0,0,0,0,0,0,0,0,0,0,0,0,0,0,0,0,0,0,1,-3,4,-8,5,-6,6,-3,7,0,7,3,8,5,8,8,9,11,9,13,10,14,10,15,11,16,12,15,13,14,14,13,15,11,16,8,17,5,18,2,19,-2,20,-6,21,-11,22,-16,23,-20,24,-24,24,-28]",giovani,unknown,unknown
CSI_DATA,901488,b2:1f:e7:2b:79:66,-42,11,1,7,0,1,1,0,1,0,1,-97,0,1,0,-102341977,0,83,0,128,1,"[83,-80,4,0,-30,-30,-30,-29,-30,-28,-29,-27,-28,-26,-26,-25,-24,-24,-22,-23,-19,-22,-15,-21,-11,-21,-8,-20,-4,-20,0,-20,4,-19,8,-18,11,-18,13,-17,15,-16,17,-15,18,-14,19,-12,19,-11,18,-10,18,-9,4,-2,0,0,0,0,0,0,0,0,0,0,0,0,0,0,0,0,0,0,-2,-2,-7,-7,-5,-7,-2,-7,1,-7,4,-8,7,-8,10,-8,12,-8,15,-8,16,-8,18,-8,18,-9,18,-9,17,-10,16,-12,14,-13,12,-15,8,-17,5,-19,1,-21,-3,-22,-7,-24,-11,-26,-16,-28,-20,-29,-23,-30]",giovani,unknown,unknown
CSI_DATA,901490,b2:1f:e7:2b:79:66,-39,11,1,7,0,1,1,0,1,0,1,-97,0,1,0,-102331951,0,83,0,128,1,"[83,-80,4,0,13,-10,13,-11,12,-11,12,-11,11,-10,10,-9,10,-9,9,-8,9,-7,8,-6,8,-4,8,-2,7,-1,7,1,7,2,6,4,6,5,5,6,5,7,4,8,4,8,3,8,3,8,2,8,2,8,0,2,0,0,0,0,0,0,0,0,0,0,0,0,0,0,0,0,0,0,0,-1,2,-3,2,-2,2,-1,2,0,2,2,2,3,2,4,1,5,1,6,1,7,1,7,1,8,2,8,2,7,3,7,3,6,4,5,5,4,6,3,7,2,8,0,9,-1,10,-3,11,-5,12,-6,12,-8]",giovani,unknown,unknown
CSI_DATA,901492,b2:1f:e7:2b:79:66,-42,11,1,7,0,1,1,0,1,0,1,-97,0,1,0,-102321578,0,83,0,128,1,"[83,-80,4,0,-33,26,-32,26,-31,26,-29,26,-28,25,-27,23,-26,21,-24,19,-23,15,-23,12,-22,8,-21,5,-20,1,-19,-3,-18,-7,-17,-10,-16,-13,-15,-16,-14,-18,-13,-20,-11,-21,-10,-21,-8,-21,-7,-20,-6,-20,-2,-5,0,0,0,0,0,0,0,0,0,0,0,0,0,0,0,0,0,0,-2,1,-7,6,-7,3,-7,0,-8,-3,-7,-6,-7,-9,-7,-11,-7,-14,-7,-16,-8,-18,-8,-19,-8,-20,-8,-19,-10,-19,-11,-18,-13,-16,-14,-13,-16,-10,-18,-7,-21,-4,-23,0,-25,4,-27,8,-29,12,-31,16,-32,19]",giovani,unknown,unknown
CSI_DATA,901494,b2:1f:e7:2b:79:66,-39,11,1,7,0,1,1,0,1,0,1,-97,0,1,0,-102311932,0,83,0,128,1,"[83,-80,4,0,-17,-4,-17,-4,-16,-3,-16,-3,-15,-3,-15,-3,-14,-3,-12,-3,-11,-3,-10,-4,-9,-4,-8,-5,-7,-6,-5,-7,-4,-8,-2,-9,-1,-9,0,-9,1,-10,1,-10,2,-10,2,-9,3,-9,3,-8,3,-8,0,-2,0,0,0,0,0,0,0,0,0,0,0,0,0,0,0,0,0,0,-1,-1,-4,-2,-3,-2,-2,-3,-1,-4,0,-4,1,-5,2,-5,3,-5,4,-6,4,-6,5,-7,5,-7,5,-7,4,-7,3,-8,2,-8,1,-8,0,-8,-2,-8,-3,-8,-5,-7,-7,-7,-9,-7,-11,-6,-13,-6,-14,-6]",giovani,unknown,unknown
CSI_DATA,901496,b2:1f:e7:2b:79:66,-42,11,1,7,0,1,1,0,1,0,1,-97,0,1,0,-102302063,0,83,0,128,1,"[83,-80,4,0,26,-31,25,-32,24,-32,23,-31,22,-30,21,-28,21,-26,20,-23,19,-20,19,-17,19,-13,19,-9,18,-6,18,-2,18,2,18,6,17,9,16,12,16,14,15,15,14,16,13,17,11,17,10,17,9,17,2,4,0,0,0,0,0,0,0,0,0,0,0,0,0,0,0,0,0,0,1,-2,5,-7,6,-5,6,-2,7,1,7,4,7,7,7,10,7,12,8,15,8,16,8,17,9,18,9,18,10,17,11,15,13,13,14,10,16,7,17,4,19,1,20,-4,22,-8,23,-13,25,-17,26,-21,26,-25]",giovani,unknown,unknown
CSI_DATA,901498,b2:1f:e7:2b:79:66,-39,11,1,7,0,1,1,0,1,0,1,-97,0,1,0,-102291887,0,83,0,128,1,"[83,-80,4,0,12,10,12,10,12,9,12,9,11,8,11,8,10,8,9,7,7,7,6,7,4,7,3,7,1,7,0,7,-2,7,-3,7,-4,7,-5,6,-6,6,-7,6,-8,5,-8,5,-8,5,-8,4,-8,4,-2,0,0,0,0,0,0,0,0,0,0,0,0,0,0,0,0,0,0,0,0,0,2,2,1,2,0,2,-1,2,-3,3,-4,3,-5,3,-6,3,-7,3,-7,3,-8,3,-8,3,-8,3,-8,3,-7,4,-7,5,-6,5,-4,6,-3,6,-1,7,1,7,2,8,4,9,6,9,8,10,9,10]",giovani,unknown,unknown
CSI_DATA,901500,b2:1f:e7:2b:79:66,-42,11,1,7,0,1,1,0,1,0,1,-97,0,1,0,-102281563,0,83,0,128,1,"[83,-80,4,0,-34,-32,-35,-31,-35,-30,-34,-28,-33,-27,-31,-26,-28,-25,-25,-24,-22,-23,-18,-23,-14,-23,-10,-22,-6,-22,-1,-22,3,-21,7,-21,10,-20,13,-19,16,-18,18,-17,19,-16,20,-15,20,-13,20,-12,20,-11,5,-3,0,0,0,0,0,0,0,0,0,0,0,0,0,0,0,0,0,0,-3,-2,-8,-8,-5,-8,-2,-8,2,-8,5,-9,8,-9,11,-9,14,-9,16,-10,18,-10,20,-10,20,-11,20,-12,19,-13,17,-14,15,-16,13,-17,9,-19,5,-21,1,-23,-4,-25,-8,-27,-13,-28,-19,-30,-23,-31,-27,-32]",giovani,unknown,unknown
CSI_DATA,901502,b2:1f:e7:2b:79:66,-42,11,1,7,0,1,1,0,1,0,1,-97,0,1,0,-102271613,0,83,0,128,1,"[83,-80,4,0,-35,30,-34,31,-33,31,-31,30,-30,28,-29,27,-27,25,-26,22,-25,18,-24,14,-24,11,-23,6,-22,2,-22,-2,-21,-7,-20,-10,-18,-14,-17,-17,-16,-19,-15,-21,-13,-22,-12,-22,-10,-22,-9,-22,-8,-21,-2,-6,0,0,0,0,0,0,0,0,0,0,0,0,0,0,0,0,0,0,-2,1,-8,7,-8,4,-8,1,-9,-3,-9,-6,-9,-10,-9,-13,-9,-15,-9,-18,-9,-20,-10,-21,-10,-22,-11,-21,-12,-21,-13,-19,-15,-17,-16,-14,-18,-11,-21,-8,-23,-4,-25,0,-27,5,-29,10,-31,15,-33,19,-34,23]",giovani,unknown,unknown
CSI_DATA,901504,b2:1f:e7:2b:79:66,-43,11,1,7,0,1,1,0,1,0,1,-97,0,1,0,-102256214,0,83,0,128,1,"[83,-80,4,0,23,-37,22,-38,21,-38,20,-36,19,-35,18,-33,18,-31,17,-28,17,-24,17,-21,18,-17,18,-13,19,-9,19,-5,20,-1,20,3,20,6,19,9,19,12,19,14,18,15,16,16,15,16,14,16,13,16,3,4,0,0,0,0,0,0,0,0,0,0,0,0,0,0,0,0,0,0,1,-3,5,-8,6,-6,7,-3,8,0,9,3,9,6,10,9,10,11,11,14,12,15,13,16,13,17,14,16,15,15,16,14,17,11,18,8,19,5,20,1,21,-3,22,-8,23,-12,24,-17,24,-22,25,-27,25,-30]",giovani,unknown,unknown
CSI_DATA,901506,b2:1f:e7:2b:79:66,-39,11,1,7,0,1,1,0,1,0,1,-97,0,1,0,-102250581,0,83,0,128,1,"[83,-80,4,0,1,16,1,16,2,16,2,15,1,14,1,13,1,12,0,12,-1,11,-1,9,-3,8,-4,7,-5,6,-6,5,-7,4,-8,3,-8,1,-9,0,-9,-1,-10,-1,-10,-2,-9,-2,-9,-3,-9,-3,-8,-3,-2,-1,0,0,0,0,0,0,0,0,0,0,0,0,0,0,0,0,0,0,0,0,0,3,-1,3,-2,2,-3,1,-4,0,-5,0,-6,-1,-7,-2,-7,-2,-8,-3,-9,-3,-9,-3,-9,-3,-9,-2,-9,-2,-9,-1,-8,0,-8,2,-7,3,-6,5,-5,6,-5,8,-4,10,-3,11,-1,13,0,14]",giovani,unknown,unknown
CSI_DATA,901508,b2:1f:e7:2b:79:66,-39,11,1,7,0,1,1,0,1,0,1,-97,0,1,0,-102241888,0,83,0,128,1,"[83,-80,4,0,6,-16,5,-16,5,-16,5,-16,4,-15,4,-14,4,-13,4,-12,4,-11,4,-10,5,-8,6,-7,6,-5,7,-4,7,-2,8,-1,8,0,8,2,8,2,8,3,8,4,7,4,7,5,7,5,6,5,1,1,0,0,0,0,0,0,0,0,0,0,0,0,0,0,0,0,0,0,0,-1,1,-4,2,-3,2,-2,3,0,3,1,3,2,4,3,4,4,4,5,5,5,5,6,5,6,5,6,6,6,6,5,6,4,7,3,7,1,7,0,7,-2,7,-4,7,-6,7,-8,7,-10,7,-11,7,-13]",giovani,unknown,unknown
CSI_DATA,901510,b2:1f:e7:2b:79:66,-39,11,1,7,0,1,1,0,1,0,1,-97,0,1,0,-102231757,0,83,0,128,1,"[83,-80,4,0,12,-12,11,-12,11,-12,10,-12,10,-11,9,-11,9,-10,8,-9,8,-8,8,-7,8,-5,8,-4,7,-2,7,-1,7,1,7,2,7,4,7,5,6,5,6,6,6,7,5,7,5,7,4,7,4,7,1,1,0,0,0,0,0,0,0,0,0,0,0,0,0,0,0,0,0,0,0,-1,3,-2,3,-1,3,0,2,1,2,2,2,3,2,4,1,5,1,6,1,7,1,8,1,8,2,8,2,8,3,7,3,6,4,5,5,4,6,3,7,2,8,0,9,-2,10,-3,10,-5,11,-6,12,-8]",giovani,unknown,unknown
CSI_DATA,901512,b2:1f:e7:2b:79:66,-42,11,1,7,0,1,1,0,1,0,1,-97,0,1,0,-102221627,0,83,0,128,1,"[83,-80,4,0,-25,33,-24,33,-23,33,-21,32,-21,31,-20,29,-19,27,-19,24,-18,21,-18,18,-18,14,-19,10,-19,6,-19,3,-20,-1,-19,-5,-19,-8,-19,-11,-18,-13,-17,-15,-16,-16,-15,-17,-14,-17,-13,-17,-11,-17,-3,-5,0,0,0,0,0,0,0,0,0,0,0,0,0,0,0,0,0,0,-2,2,-6,7,-7,4,-8,2,-8,-1,-9,-4,-10,-7,-10,-10,-10,-12,-11,-15,-12,-16,-12,-18,-12,-18,-13,-17,-14,-16,-15,-15,-16,-13,-17,-10,-18,-7,-20,-4,-21,0,-22,5,-23,9,-24,14,-25,19,-25,23,-25,26]",giovani,unknown,unknown
CSI_DATA,901514,b2:1f:e7:2b:79:66,-39,11,1,7,0,1,1,0,1,0,1,-97,0,1,0,-102211999,0,83,0,128,1,"[83,-80,4,0,-2,16,-2,16,-2,16,-1,15,-1,14,-1,14,-1,13,-1,12,-2,11,-3,9,-4,8,-5,7,-6,6,-6,5,-7,4,-8,3,-9,2,-9,0,-10,-1,-10,-1,-10,-2,-9,-2,-9,-3,-9,-3,-9,-3,-2,-1,0,0,0,0,0,0,0,0,0,0,0,0,0,0,0,0,0,0,-1,0,-2,3,-2,2,-3,1,-4,0,-4,-1,-5,-2,-5,-3,-6,-4,-6,-5,-7,-5,-7,-6,-8,-6,-8,-6,-8,-5,-8,-4,-8,-3,-8,-2,-8,0,-8,1,-7,3,-7,5,-7,7,-6,8,-5,10,-5,12,-4,13]",giovani,unknown,unknown
CSI_DATA,901516,b2:1f:e7:2b:79:66,-42,11,1,7,0,1,1,0,1,0,1,-97,0,1,0,-102201501,0,83,0,128,1,"[83,-80,4,0,-31,-29,-31,-28,-31,-27,-30,-25,-29,-24,-27,-23,-25,-22,-23,-21,-20,-21,-16,-21,-13,-20,-9,-20,-5,-20,-1,-20,2,-19,6,-19,9,-18,12,-17,14,-17,16,-16,17,-14,17,-13,17,-12,17,-11,17,-10,4,-3,0,0,0,0,0,0,0,0,0,0,0,0,0,0,0,0,0,0,-2,-2,-7,-7,-5,-7,-2,-8,1,-8,4,-8,7,-9,10,-9,12,-9,15,-9,17,-9,18,-10,18,-10,18,-11,17,-12,16,-13,14,-15,11,-16,8,-18,5,-19,1,-21,-3,-23,-7,-24,-11,-26,-16,-27,-21,-28,-24,-29]",giovani,unknown,unknown
CSI_DATA,901518,b2:1f:e7:2b:79:66,-39,11,1,7,0,1,1,0,1,0,1,-97,0,1,0,-102191989,0,83,0,128,1,"[83,-80,4,0,-2,16,-1,16,-1,16,-1,15,-1,14,-1,13,-1,13,-1,12,-2,10,-3,9,-4,8,-5,7,-6,6,-6,4,-7,3,-8,2,-9,1,-9,0,-9,-1,-9,-2,-9,-3,-9,-3,-9,-4,-9,-4,-8,-4,-2,-1,0,0,0,0,0,0,0,0,0,0,0,0,0,0,0,0,0,0,-1,0,-1,3,-1,3,-2,2,-3,1,-4,0,-5,-1,-6,-1,-6,-2,-7,-3,-8,-4,-8,-4,-9,-4,-9,-4,-9,-3,-9,-3,-9,-2,-9,-1,-8,1,-8,2,-7,4,-7,5,-6,7,-5,9,-5,11,-4,12,-3,14]",giovani,unknown,unknown
CSI_DATA,901520,b2:1f:e7:2b:79:66,-39,11,1,7,0,1,1,0,1,0,1,-97,0,1,0,-102181877,0,83,0,128,1,"[83,-80,4,0,-12,11,-12,11,-11,11,-11,11,-10,11,-10,10,-9,9,-9,8,-9,7,-8,6,-9,4,-9,3,-9,1,-8,0,-8,-2,-8,-3,-8,-4,-7,-6,-7,-7,-7,-7,-6,-8,-6,-8,-5,-8,-5,-8,-4,-8,-1,-2,0,0,0,0,0,0,0,0,0,0,0,0,0,0,0,0,0,0,-1,0,-3,2,-3,1,-4,0,-4,-1,-4,-3,-4,-4,-4,-5,-3,-6,-4,-7,-4,-7,-4,-8,-4,-9,-4,-8,-5,-8,-5,-8,-6,-7,-6,-6,-7,-5,-8,-3,-8,-2,-9,0,-10,2,-10,4,-11,5,-12,7,-12,8]",giovani,unknown,unknown
CSI_DATA,901522,b2:1f:e7:2b:79:66,-39,11,1,7,0,1,1,0,1,0,1,-97,0,1,0,-102172043,0,83,0,128,1,"[83,-80,4,0,15,-5,15,-5,15,-5,14,-5,13,-5,13,-5,12,-4,11,-4,10,-3,9,-2,9,-1,8,1,7,2,6,3,5,5,4,6,3,7,3,7,2,8,1,8,1,8,0,8,-1,8,-1,8,-1,8,-1,2,0,0,0,0,0,0,0,0,0,0,0,0,0,0,0,0,0,0,1,-1,3,-1,3,-1,2,1,2,2,1,3,1,4,0,5,0,6,-1,7,-1,7,-1,8,-1,8,-1,8,-1,8,0,8,1,8,2,7,3,6,4,5,6,5,7,4,8,2,10,1,11,0,13,-1,14,-3]",giovani,unknown,unknown
CSI_DATA,901524,b2:1f:e7:2b:79:66,-43,11,1,7,0,1,1,0,1,0,1,-97,0,1,0,-102152533,0,83,0,128,1,"[83,-80,4,0,43,8,43,7,43,6,41,5,40,5,38,5,35,5,32,6,29,8,26,9,22,11,19,13,15,15,11,17,8,19,4,20,1,22,-2,22,-5,23,-7,23,-8,22,-10,21,-11,20,-12,19,-12,18,-3,4,0,0,0,0,0,0,0,0,0,0,0,0,0,0,0,0,0,0,2,0,10,1,8,3,6,5,3,7,1,9,-2,12,-4,14,-6,16,-8,17,-9,18,-10,19,-11,20,-10,21,-8,21,-7,21,-5,21,-2,21,2,20,7,20,11,19,16,18,20,17,25,16,30,15,35,13,38,12]",giovani,unknown,unknown
CSI_DATA,901526,b2:1f:e7:2b:79:66,-39,11,1,7,0,1,1,0,1,0,1,-97,0,1,0,-102146845,0,83,0,128,1,"[83,-80,4,0,13,9,13,9,13,8,12,8,12,7,11,7,10,7,9,7,8,6,7,6,5,7,3,7,2,7,1,7,-1,7,-3,7,-4,7,-5,7,-6,7,-7,6,-7,6,-7,5,-8,5,-8,4,-8,4,-2,1,0,0,0,0,0,0,0,0,0,0,0,0,0,0,0,0,0,0,0,0,2,2,2,2,0,2,-1,3,-2,3,-3,3,-4,4,-5,4,-6,4,-7,4,-7,4,-8,5,-8,5,-7,5,-7,6,-6,6,-5,6,-3,7,-2,7,0,8,2,8,3,8,5,9,7,9,9,10,10,10]",giovani,unknown,unknown
CSI_DATA,901528,b2:1f:e7:2b:79:66,-39,11,1,7,0,1,1,0,1,0,1,-97,0,1,0,-102142068,0,83,0,128,1,"[83,-80,4,0,16,2,16,1,16,1,15,1,15,0,14,0,13,1,12,1,10,2,9,2,8,3,7,4,5,5,4,6,3,7,1,7,0,8,-1,8,-2,8,-3,8,-3,8,-4,8,-4,8,-4,7,-5,7,-2,1,0,0,0,0,0,0,0,0,0,0,0,0,0,0,0,0,0,0,1,0,3,0,2,1,1,2,1,2,0,3,-1,4,-2,5,-3,6,-4,6,-4,7,-5,7,-5,7,-5,7,-4,7,-4,7,-3,8,-2,7,0,7,1,7,3,7,5,6,7,6,9,5,11,5,12,4,14,3]",giovani,unknown,unknown
CSI_DATA,901530,b2:1f:e7:2b:79:66,-39,11,1,7,0,1,1,0,1,0,1,-97,0,1,0,-102131636,0,83,0,128,1,"[83,-80,4,0,-14,-10,-14,-10,-14,-9,-14,-9,-13,-8,-13,-8,-12,-8,-11,-8,-10,-7,-8,-8,-7,-8,-5,-8,-4,-8,-2,-8,0,-8,1,-8,3,-8,4,-8,5,-8,6,-8,6,-7,6,-7,6,-6,6,-6,6,-6,1,-2,0,0,0,0,0,0,0,0,0,0,0,0,0,0,0,0,0,0,-1,-1,-4,-3,-3,-3,-1,-4,0,-4,1,-4,2,-4,3,-4,5,-5,5,-5,6,-5,7,-5,7,-5,7,-5,7,-6,6,-6,5,-7,4,-7,3,-8,1,-8,-1,-8,-2,-9,-4,-9,-6,-10,-8,-10,-10,-10,-11,-10]",giovani,unknown,unknown
CSI_DATA,901532,b2:1f:e7:2b:79:66,-42,11,1,7,0,1,1,0,1,0,1,-97,0,1,0,-102121975,0,83,0,128,1,"[83,-80,4,0,-44,16,-44,17,-42,18,-40,18,-39,17,-37,16,-35,15,-33,12,-31,9,-29,6,-27,2,-25,-1,-23,-5,-21,-9,-19,-13,-16,-16,-14,-19,-12,-21,-10,-23,-9,-25,-7,-25,-6,-25,-4,-25,-3,-24,-2,-23,-1,-6,0,0,0,0,0,0,0,0,0,0,0,0,0,0,0,0,0,0,-3,0,-11,3,-10,0,-9,-3,-8,-6,-6,-10,-5,-13,-4,-16,-3,-19,-2,-21,-1,-23,-1,-24,-1,-25,-2,-25,-3,-25,-5,-24,-8,-22,-10,-21,-13,-18,-17,-16,-21,-13,-24,-9,-28,-6,-31,-2,-35,2,-39,6,-41,9]",giovani,unknown,unknown
CSI_DATA,901534,b2:1f:e7:2b:79:66,-39,11,1,7,0,1,1,0,1,0,1,-97,0,1,0,-102112032,0,83,0,128,1,"[83,-80,4,0,-9,13,-9,14,-8,14,-8,13,-7,13,-7,12,-7,11,-7,10,-7,9,-7,7,-7,6,-8,4,-8,3,-8,1,-8,0,-8,-2,-8,-3,-8,-4,-8,-5,-8,-6,-8,-7,-7,-7,-7,-7,-6,-7,-6,-7,-2,-2,0,0,0,0,0,0,0,0,0,0,0,0,0,0,0,0,0,0,-1,0,-3,3,-3,2,-4,1,-4,-1,-4,-2,-5,-3,-5,-4,-5,-5,-5,-6,-5,-7,-6,-8,-6,-8,-6,-8,-6,-7,-7,-6,-7,-6,-7,-5,-8,-3,-8,-2,-8,0,-9,1,-9,4,-9,6,-10,7,-10,9,-9,11]",giovani,unknown,unknown
CSI_DATA,901536,b2:1f:e7:2b:79:66,-42,11,1,7,0,1,1,0,1,0,1,-97,0,1,0,-102101912,0,83,0,128,1,"[83,-80,4,0,37,15,38,14,37,13,36,12,35,12,33,11,31,11,28,12,25,12,21,13,18,14,15,15,11,16,7,17,4,19,0,19,-3,20,-5,20,-8,20,-10,20,-12,19,-13,18,-13,17,-14,15,-14,15,-4,3,0,0,0,0,0,0,0,0,0,0,0,0,0,0,0,0,0,0,2,1,8,4,6,5,3,6,0,8,-2,9,-5,11,-8,12,-10,13,-12,14,-14,14,-15,15,-15,16,-15,16,-13,16,-12,17,-10,18,-7,18,-4,18,0,19,5,19,9,19,14,19,18,19,23,19,28,19,31,18]",giovani,unknown,unknown
CSI_DATA,901538,b2:1f:e7:2b:79:66,-39,11,1,7,0,1,1,0,1,0,1,-97,0,1,0,-102091962,0,83,0,128,1,"[83,-80,4,0,-12,-12,-12,-12,-12,-11,-12,-11,-12,-10,-11,-10,-10,-10,-9,-9,-8,-9,-7,-9,-6,-9,-4,-8,-2,-8,-1,-8,1,-8,2,-8,4,-8,4,-8,5,-7,6,-7,7,-6,7,-6,7,-5,7,-5,7,-4,1,-1,0,0,0,0,0,0,0,0,0,0,0,0,0,0,0,0,0,0,-1,-1,-3,-4,-2,-4,-1,-4,1,-4,2,-4,3,-4,4,-3,5,-3,6,-3,7,-3,8,-3,8,-3,8,-4,7,-4,7,-5,6,-5,6,-6,4,-7,3,-7,1,-8,0,-9,-2,-10,-4,-10,-6,-11,-7,-12,-8,-12]",giovani,unknown,unknown
CSI_DATA,901540,b2:1f:e7:2b:79:66,-42,11,1,7,0,1,1,0,1,0,1,-97,0,1,0,-102080753,0,83,0,128,1,"[83,-80,4,0,-17,-44,-18,-43,-19,-42,-19,-40,-18,-38,-17,-37,-15,-35,-13,-33,-10,-31,-7,-29,-3,-27,0,-25,4,-23,8,-20,12,-18,15,-16,18,-13,20,-11,22,-9,23,-8,24,-6,24,-4,24,-3,23,-1,22,0,5,0,0,0,0,0,0,0,0,0,0,0,0,0,0,0,0,0,0,0,-2,-3,-5,-10,-2,-10,1,-9,5,-8,8,-7,11,-6,14,-5,17,-4,19,-3,21,-2,23,-2,24,-2,24,-3,23,-4,22,-6,21,-8,19,-11,17,-14,14,-17,11,-20,7,-24,4,-28,0,-32,-4,-35,-7,-38,-10,-41]",giovani,unknown,unknown
CSI_DATA,901542,b2:1f:e7:2b:79:66,-39,11,1,7,0,1,1,0,1,0,1,-97,0,1,0,-102070783,0,83,0,128,1,"[83,-80,4,0,-11,12,-11,12,-10,12,-10,12,-9,11,-9,11,-8,10,-8,9,-8,8,-8,6,-8,5,-8,3,-8,2,-8,1,-8,-1,-8,-2,-8,-4,-8,-5,-8,-6,-7,-7,-7,-7,-7,-7,-6,-7,-6,-7,-5,-7,-2,-2,0,0,0,0,0,0,0,0,0,0,0,0,0,0,0,0,0,0,-1,0,-3,2,-3,1,-4,0,-4,-1,-4,-3,-4,-4,-4,-5,-4,-6,-4,-7,-4,-8,-4,-8,-4,-8,-5,-8,-5,-8,-6,-7,-6,-7,-7,-5,-7,-4,-8,-3,-8,-1,-9,0,-9,2,-10,4,-11,6,-11,7,-11,9]",giovani,unknown,unknown
CSI_DATA,901544,b2:1f:e7:2b:79:66,-42,11,1,7,0,1,1,0,1,0,1,-97,0,1,0,-102059445,0,83,0,128,1,"[83,-80,4,0,39,7,39,6,39,5,38,4,36,4,34,4,32,4,29,5,26,6,23,7,20,9,17,11,14,13,11,15,7,17,4,18,1,19,-2,20,-4,20,-6,20,-8,20,-9,19,-9,18,-10,17,-11,17,-3,4,0,0,0,0,0,0,0,0,0,0,0,0,0,0,0,0,0,0,2,0,8,2,7,3,4,5,2,7,-1,9,-3,10,-6,12,-8,13,-9,15,-11,15,-12,16,-12,17,-11,18,-10,18,-8,18,-6,19,-3,18,0,18,4,18,8,17,13,17,17,15,21,14,26,13,30,12,34,11]",giovani,unknown,unknown
CSI_DATA,901546,b2:1f:e7:2b:79:66,-39,11,1,7,0,1,1,0,1,0,1,-97,0,1,0,-102047567,0,83,0,128,1,"[83,-80,4,0,15,5,15,5,15,4,15,4,14,3,14,3,13,3,11,3,10,3,9,4,8,5,6,5,5,6,3,7,2,7,0,8,-1,8,-2,8,-3,8,-4,8,-4,8,-5,8,-5,7,-5,7,-5,6,-2,1,0,0,0,0,0,0,0,0,0,0,0,0,0,0,0,0,0,0,1,0,3,1,2,2,1,3,0,3,-1,3,-2,4,-3,5,-4,5,-5,5,-6,6,-6,6,-7,6,-6,6,-6,7,-5,7,-5,7,-3,7,-2,7,0,7,2,7,3,7,5,7,7,7,9,7,11,7,12,6]",giovani,unknown,unknown
CSI_DATA,901548,b2:1f:e7:2b:79:66,-42,11,1,7,0,1,1,0,1,0,1,-97,0,1,0,-102041676,0,83,0,128,1,"[83,-80,4,0,-5,41,-4,42,-3,41,-2,39,-2,37,-2,36,-3,34,-3,31,-5,29,-7,25,-9,22,-11,19,-13,16,-15,13,-18,10,-20,6,-21,3,-22,1,-23,-2,-23,-4,-23,-5,-23,-7,-21,-8,-20,-9,-19,-9,-5,-3,0,0,0,0,0,0,0,0,0,0,0,0,0,0,0,0,0,0,-1,2,-2,9,-4,7,-6,5,-8,3,-10,0,-12,-2,-14,-4,-15,-6,-17,-8,-19,-9,-20,-10,-20,-10,-21,-10,-20,-8,-21,-6,-21,-4,-21,-1,-20,3,-19,6,-18,11,-17,15,-16,20,-15,25,-13,29,-11,33,-10,36]",giovani,unknown,unknown
CSI_DATA,901550,b2:1f:e7:2b:79:66,-42,11,1,7,0,1,1,0,1,0,1,-97,0,1,0,-102031375,0,83,0,128,1,"[83,-80,4,0,-43,21,-43,22,-41,22,-39,22,-37,22,-36,20,-34,19,-32,16,-30,13,-29,9,-27,5,-25,1,-24,-3,-22,-7,-20,-11,-18,-15,-16,-18,-14,-20,-13,-23,-11,-24,-10,-25,-8,-25,-6,-25,-5,-24,-4,-24,-1,-6,0,0,0,0,0,0,0,0,0,0,0,0,0,0,0,0,0,0,-3,1,-11,4,-10,2,-9,-2,-9,-5,-8,-9,-7,-12,-6,-15,-5,-18,-5,-20,-4,-23,-4,-24,-4,-25,-5,-25,-7,-24,-9,-23,-11,-22,-13,-20,-16,-17,-19,-14,-23,-11,-26,-7,-30,-3,-33,2,-36,6,-39,10,-41,13]",giovani,unknown,unknown
CSI_DATA,901552,b2:1f:e7:2b:79:66,-42,11,1,7,0,1,1,0,1,0,1,-97,0,1,0,-102021609,0,83,0,128,1,"[83,-80,4,0,-5,-47,-6,-47,-6,-46,-7,-45,-6,-43,-6,-40,-5,-38,-4,-36,-1,-33,1,-30,4,-27,7,-24,10,-21,13,-17,17,-14,19,-11,21,-8,23,-5,24,-3,25,0,25,1,25,3,24,4,23,5,22,6,5,1,0,0,0,0,0,0,0,0,0,0,0,0,0,0,0,0,0,0,-1,-3,-2,-11,1,-10,4,-8,7,-6,10,-4,12,-2,15,0,17,1,20,3,22,4,23,5,24,5,24,4,24,3,24,1,23,-2,22,-5,21,-9,19,-12,17,-16,14,-21,12,-26,9,-31,7,-35,4,-39,2,-43]",giovani,unknown,unknown
CSI_DATA,901554,b2:1f:e7:2b:79:66,-42,11,1,7,0,1,1,0,1,0,1,-97,0,1,0,-102008695,0,83,0,128,1,"[83,-80,4,0,10,39,11,39,12,38,12,36,12,35,11,33,9,32,8,30,6,27,3,25,0,23,-4,21,-7,18,-10,16,-13,14,-16,12,-18,9,-20,7,-22,5,-23,3,-23,2,-23,0,-22,-1,-21,-2,-21,-3,-5,-1,0,0,0,0,0,0,0,0,0,0,0,0,0,0,0,0,0,0,0,2,2,8,0,8,-3,7,-6,5,-9,4,-12,3,-14,2,-16,1,-19,0,-20,-1,-22,-1,-22,-1,-22,-1,-22,1,-22,2,-21,5,-19,7,-18,10,-15,13,-13,16,-10,20,-7,23,-4,27,-1,31,2,34,5,36]",giovani,unknown,unknown
CSI_DATA,901556,b2:1f:e7:2b:79:66,-39,11,1,7,0,1,1,0,1,0,1,-97,0,1,0,-102000576,0,83,0,128,1,"[83,-80,4,0,16,2,16,1,16,1,15,1,15,1,14,1,13,1,12,1,11,1,9,2,8,3,7,4,5,5,4,6,3,7,2,7,0,8,-1,8,-2,8,-2,8,-3,8,-4,8,-4,8,-4,7,-4,7,-1,1,0,0,0,0,0,0,0,0,0,0,0,0,0,0,0,0,0,0,1,0,3,0,3,1,2,2,1,3,0,3,-1,4,-2,5,-3,6,-4,6,-4,7,-5,7,-5,7,-5,8,-4,8,-4,8,-3,8,-2,8,0,7,1,7,3,7,5,6,7,6,8,5,10,5,12,4,13,4]",giovani,unknown,unknown
CSI_DATA,901558,b2:1f:e7:2b:79:66,-42,11,1,7,0,1,1,0,1,0,1,-97,0,1,0,-101989166,0,83,0,128,1,"[83,-80,4,0,-40,-14,-40,-13,-39,-12,-38,-11,-37,-11,-35,-10,-32,-10,-30,-11,-27,-12,-23,-13,-20,-14,-16,-15,-13,-16,-9,-18,-5,-19,-1,-20,2,-21,4,-21,7,-21,9,-21,11,-20,12,-19,12,-18,13,-17,13,-16,3,-4,0,0,0,0,0,0,0,0,0,0,0,0,0,0,0,0,0,0,-3,-1,-10,-3,-8,-5,-5,-7,-3,-8,0,-10,3,-12,5,-14,7,-15,9,-16,11,-17,12,-18,12,-19,12,-19,11,-19,9,-20,7,-20,4,-21,1,-20,-3,-20,-8,-20,-12,-20,-17,-20,-21,-19,-26,-18,-30,-18,-33,-17]",giovani,unknown,unknown
CSI_DATA,901560,b2:1f:e7:2b:79:66,-42,11,1,7,0,1,1,0,1,0,1,-97,0,1,0,-101980345,0,83,0,128,1,"[83,-80,4,0,-17,-38,-18,-38,-18,-37,-18,-35,-18,-34,-16,-32,-15,-31,-13,-29,-11,-27,-8,-26,-4,-24,-1,-22,3,-20,6,-18,10,-17,13,-15,16,-13,18,-11,20,-9,21,-8,22,-6,22,-5,21,-3,21,-2,20,-1,5,-1,0,0,0,0,0,0,0,0,0,0,0,0,0,0,0,0,0,0,-2,-3,-5,-9,-2,-9,1,-8,4,-7,7,-6,10,-6,13,-5,15,-4,17,-3,19,-3,21,-3,21,-3,21,-4,21,-5,20,-6,19,-8,17,-11,15,-13,12,-16,9,-19,6,-22,3,-25,-1,-28,-5,-31,-8,-34,-11,-36]",giovani,unknown,unknown
CSI_DATA,901562,b2:1f:e7:2b:79:66,-39,11,1,7,0,1,1,0,1,0,1,-97,0,1,0,-101971833,0,83,0,128,1,"[83,-80,4,0,-14,-9,-15,-9,-14,-9,-14,-8,-13,-8,-13,-7,-12,-7,-11,-7,-10,-7,-8,-7,-7,-7,-6,-8,-4,-8,-2,-8,-1,-8,1,-8,2,-8,3,-8,4,-8,5,-8,5,-8,5,-7,6,-7,6,-6,6,-6,1,-2,0,0,0,0,0,0,0,0,0,0,0,0,0,0,0,0,0,0,-1,-1,-4,-3,-3,-3,-1,-4,0,-4,1,-4,2,-4,3,-5,4,-5,5,-5,6,-5,7,-5,7,-6,7,-6,7,-6,6,-7,5,-7,4,-8,3,-8,1,-8,-1,-9,-2,-9,-4,-9,-6,-10,-8,-10,-9,-10,-11,-10]",giovani,unknown,unknown
CSI_DATA,901564,b2:1f:e7:2b:79:66,-42,11,1,7,0,1,1,0,1,0,1,-97,0,1,0,-101947665,0,83,0,128,1,"[83,-80,4,0,-11,39,-10,39,-9,39,-8,37,-8,36,-8,34,-8,31,-8,29,-9,26,-10,22,-12,19,-14,16,-15,12,-17,8,-18,5,-19,1,-20,-2,-21,-5,-21,-7,-21,-9,-20,-11,-19,-12,-18,-13,-17,-13,-16,-13,-4,-4,0,0,0,0,0,0,0,0,0,0,0,0,0,0,0,0,0,0,-1,2,-1,9,-3,7,-6,5,-8,2,-10,0,-12,-2,-13,-4,-15,-7,-16,-8,-18,-10,-19,-11,-20,-11,-20,-10,-20,-9,-21,-8,-21,-5,-21,-3,-21,1,-20,4,-20,8,-19,13,-18,17,-17,22,-16,26,-15,30,-14,33]",giovani,unknown,unknown
CSI_DATA,901566,b2:1f:e7:2b:79:66,-42,11,1,7,0,1,1,0,1,0,1,-97,0,1,0,-101946477,0,83,0,128,1,"[83,-80,4,0,-12,39,-11,39,-10,38,-9,37,-9,35,-9,34,-9,31,-9,29,-10,26,-12,22,-13,18,-14,15,-16,11,-17,7,-19,4,-20,0,-20,-3,-20,-6,-20,-8,-20,-10,-20,-12,-19,-13,-17,-14,-16,-15,-15,-15,-4,-4,0,0,0,0,0,0,0,0,0,0,0,0,0,0,0,0,0,0,-1,2,-1,9,-3,7,-6,5,-8,2,-10,0,-12,-2,-13,-4,-15,-7,-17,-9,-18,-10,-19,-11,-20,-11,-20,-11,-21,-10,-21,-8,-21,-6,-21,-3,-21,0,-20,4,-20,8,-19,12,-19,17,-18,22,-17,26,-16,30,-15,33]",giovani,unknown,unknown
CSI_DATA,901568,b2:1f:e7:2b:79:66,-42,11,1,7,0,1,1,0,1,0,1,-97,0,1,0,-101933398,0,83,0,128,1,"[83,-80,4,0,41,-7,41,-8,40,-9,39,-9,37,-9,35,-8,33,-7,31,-5,28,-3,26,-1,23,2,20,5,18,8,15,11,12,14,9,17,7,19,4,21,2,22,0,22,-2,23,-3,22,-5,21,-6,20,-7,19,-2,4,0,0,0,0,0,0,0,0,0,0,0,0,0,0,0,0,0,0,2,-1,9,-3,8,-1,7,2,5,5,4,8,3,11,1,14,0,16,-1,18,-2,20,-3,21,-3,22,-2,22,0,22,1,21,3,21,5,19,9,18,12,16,16,14,20,11,24,9,27,6,31,3,35,1,37,-2]",giovani,unknown,unknown
CSI_DATA,901570,b2:1f:e7:2b:79:66,-42,11,1,7,0,1,1,0,1,0,1,-97,0,1,0,-101926785,0,83,0,128,1,"[83,-80,4,0,27,30,28,29,28,28,28,27,27,26,25,25,23,24,21,23,18,22,14,21,11,20,7,20,3,19,-1,19,-5,19,-9,18,-12,17,-14,16,-17,15,-18,13,-20,12,-20,11,-20,9,-20,8,-20,7,-5,1,0,0,0,0,0,0,0,0,0,0,0,0,0,0,0,0,0,0,1,1,6,7,4,7,0,7,-3,7,-6,8,-9,8,-12,8,-14,8,-17,8,-19,8,-20,9,-20,9,-20,10,-19,11,-18,12,-17,13,-14,15,-11,17,-8,18,-4,20,0,22,4,24,9,26,13,28,18,29,21,30]",giovani,unknown,unknown
CSI_DATA,901572,b2:1f:e7:2b:79:66,-42,11,1,7,0,1,1,0,1,0,1,-97,0,1,0,-101926026,0,83,0,128,1,"[83,-80,4,0,25,-33,24,-34,23,-34,22,-33,20,-32,20,-30,19,-28,18,-26,18,-23,18,-19,18,-15,18,-12,18,-8,19,-4,19,0,19,4,19,7,18,10,18,12,17,14,16,15,14,16,13,17,12,17,11,17,2,4,0,0,0,0,0,0,0,0,0,0,0,0,0,0,0,0,0,0,1,-3,6,-8,6,-6,7,-3,8,0,9,4,9,7,9,10,10,12,10,14,11,16,11,17,11,18,12,18,13,17,14,15,15,13,16,10,18,7,19,4,20,0,22,-4,23,-9,24,-14,25,-18,26,-23,26,-26]",giovani,unknown,unknown
CSI_DATA,901574,b2:1f:e7:2b:79:66,-39,11,1,7,0,1,1,0,1,0,1,-97,0,1,0,-101916085,0,83,0,128,1,"[83,-80,4,0,7,-15,6,-16,6,-15,6,-15,5,-14,5,-14,5,-13,4,-12,4,-11,5,-10,5,-8,6,-7,6,-5,7,-4,7,-2,8,-1,8,1,8,2,8,3,8,3,8,4,7,5,7,5,7,5,6,5,1,1,0,0,0,0,0,0,0,0,0,0,0,0,0,0,0,0,0,0,0,-1,2,-4,2,-3,3,-2,3,0,3,1,4,2,4,3,4,4,5,5,5,6,5,6,5,6,6,6,6,6,6,5,7,4,7,3,7,2,7,0,8,-1,8,-3,8,-5,8,-7,8,-9,8,-11,9,-12]",giovani,unknown,unknown
CSI_DATA,901576,b2:1f:e7:2b:79:66,-42,11,1,7,0,1,1,0,1,0,1,-97,0,1,0,-101906806,0,83,0,128,1,"[83,-80,4,0,-5,41,-4,41,-3,40,-2,38,-2,37,-3,35,-3,33,-4,31,-5,28,-7,24,-9,21,-11,18,-13,15,-15,12,-18,8,-19,5,-21,2,-21,-1,-22,-3,-23,-5,-22,-7,-22,-8,-21,-9,-20,-10,-19,-10,-5,-3,0,0,0,0,0,0,0,0,0,0,0,0,0,0,0,0,0,0,-1,2,-1,9,-3,8,-6,5,-8,3,-10,1,-12,-1,-14,-3,-16,-5,-18,-7,-19,-8,-20,-9,-21,-9,-21,-9,-22,-8,-22,-6,-22,-3,-21,0,-20,3,-19,6,-18,10,-17,15,-16,19,-14,24,-13,28,-11,32,-9,35]",giovani,unknown,unknown
CSI_DATA,901578,b2:1f:e7:2b:79:66,-42,11,1,7,0,1,1,0,1,0,1,-97,0,1,0,-101899864,0,83,0,128,1,"[83,-80,4,0,31,-27,30,-28,29,-28,28,-27,27,-26,26,-25,25,-23,23,-21,22,-18,21,-14,21,-11,20,-7,19,-3,19,1,18,5,17,9,16,12,14,14,13,17,12,18,11,19,9,20,8,20,7,19,5,19,1,4,0,0,0,0,0,0,0,0,0,0,0,0,0,0,0,0,0,0,1,-2,7,-7,7,-5,7,-2,8,2,8,5,8,8,8,11,8,14,8,16,8,18,9,19,9,20,10,20,11,19,12,18,13,16,15,13,16,11,18,8,20,4,22,0,24,-4,26,-9,28,-13,29,-17,30,-21]",giovani,unknown,unknown
CSI_DATA,901580,b2:1f:e7:2b:79:66,-42,11,1,7,0,1,1,0,1,0,1,-97,0,1,0,-101892790,0,83,0,128,1,"[83,-80,4,0,40,-9,40,-10,39,-11,37,-11,36,-10,34,-10,32,-9,30,-7,27,-5,25,-2,23,1,21,3,18,6,16,10,14,13,11,16,9,18,6,20,4,21,3,22,1,22,0,22,-2,21,-3,20,-4,20,-1,5,0,0,0,0,0,0,0,0,0,0,0,0,0,0,0,0,0,0,2,-1,9,-2,8,0,7,3,5,5,4,8,2,11,0,14,-1,16,-2,18,-3,19,-3,21,-3,21,-3,22,-1,22,0,21,2,20,5,19,8,17,12,16,15,14,19,11,23,8,26,5,30,3,34,0,36,-3]",giovani,unknown,unknown
CSI_DATA,901582,b2:1f:e7:2b:79:66,-42,11,1,7,0,1,1,0,1,0,1,-97,0,1,0,-101883405,0,83,0,128,1,"[83,-80,4,0,41,-4,41,-5,40,-5,38,-6,37,-5,35,-5,33,-4,30,-2,28,-1,25,2,22,4,20,7,17,9,14,12,11,15,8,17,5,19,3,20,0,21,-2,22,-3,22,-5,21,-6,21,-7,20,-8,19,-2,4,0,0,0,0,0,0,0,0,0,0,0,0,0,0,0,0,0,0,2,-1,9,-2,8,0,6,3,5,6,3,9,2,12,0,14,-2,16,-3,18,-4,20,-5,21,-5,22,-4,22,-3,22,-1,22,1,21,3,20,7,18,10,17,14,16,18,13,22,11,26,8,30,6,34,4,36,1]",giovani,unknown,unknown
CSI_DATA,901584,b2:1f:e7:2b:79:66,-42,11,1,7,0,1,1,0,1,0,1,-97,0,1,0,-101875983,0,83,0,128,1,"[83,-80,4,0,-25,-40,-26,-40,-26,-38,-26,-37,-25,-35,-23,-33,-21,-32,-19,-30,-16,-29,-12,-27,-8,-26,-4,-25,0,-23,4,-22,9,-20,13,-18,16,-17,18,-15,20,-13,22,-12,23,-10,23,-9,23,-7,23,-6,22,-5,5,-1,0,0,0,0,0,0,0,0,0,0,0,0,0,0,0,0,0,0,-2,-3,-6,-10,-3,-9,1,-9,4,-9,8,-8,11,-8,14,-7,17,-7,20,-6,22,-6,24,-6,25,-6,25,-7,24,-8,23,-10,21,-12,19,-14,16,-17,12,-19,8,-22,4,-25,0,-28,-4,-31,-9,-34,-14,-37,-17,-39]",giovani,unknown,unknown
CSI_DATA,901586,b2:1f:e7:2b:79:66,-42,11,1,7,0,1,1,0,1,0,1,-97,0,1,0,-101868155,0,83,0,128,1,"[83,-80,4,0,-21,-36,-22,-36,-22,-35,-22,-33,-21,-32,-20,-30,-18,-29,-16,-28,-14,-26,-10,-25,-7,-24,-3,-22,0,-21,4,-19,8,-18,11,-16,14,-15,17,-13,19,-12,20,-10,21,-9,21,-7,21,-6,20,-5,20,-4,5,-1,0,0,0,0,0,0,0,0,0,0,0,0,0,0,0,0,0,0,-2,-3,-6,-9,-3,-9,0,-8,3,-8,6,-8,9,-7,12,-7,15,-6,17,-6,19,-5,21,-5,21,-6,21,-6,21,-7,20,-9,18,-11,16,-13,14,-15,11,-17,7,-20,4,-23,0,-25,-4,-28,-8,-31,-12,-33,-15,-35]",giovani,unknown,unknown
CSI_DATA,901588,b2:1f:e7:2b:79:66,-42,11,1,7,0,1,1,0,1,0,1,-97,0,1,0,-101859514,0,83,0,128,1,"[83,-80,4,0,28,30,28,29,28,28,28,27,27,25,25,24,23,23,21,23,18,22,14,21,10,20,6,20,2,19,-2,19,-5,18,-9,17,-12,16,-15,15,-17,14,-19,13,-20,12,-20,10,-20,9,-20,7,-20,6,-5,1,0,0,0,0,0,0,0,0,0,0,0,0,0,0,0,0,0,0,1,1,6,6,4,7,1,7,-3,7,-6,8,-9,8,-11,9,-14,9,-17,9,-19,9,-20,9,-21,10,-21,10,-20,11,-18,12,-17,14,-14,16,-11,17,-7,19,-4,20,0,22,5,24,9,26,13,28,18,29,21,30]",giovani,unknown,unknown
CSI_DATA,901590,b2:1f:e7:2b:79:66,-42,11,1,7,0,1,1,0,1,0,1,-97,0,1,0,-101843515,0,83,0,128,1,"[83,-80,4,0,-25,-38,-26,-38,-26,-37,-26,-35,-25,-33,-23,-32,-21,-30,-19,-29,-16,-28,-12,-27,-8,-25,-4,-24,0,-23,4,-21,8,-20,12,-18,15,-16,18,-15,20,-13,22,-12,22,-10,23,-8,23,-7,22,-5,22,-5,5,-1,0,0,0,0,0,0,0,0,0,0,0,0,0,0,0,0,0,0,-2,-3,-7,-9,-4,-9,-1,-9,3,-9,6,-9,10,-9,13,-9,16,-9,19,-8,21,-8,22,-8,23,-9,23,-9,22,-10,21,-12,19,-14,17,-16,14,-18,11,-21,7,-23,3,-26,-1,-28,-6,-31,-10,-34,-14,-36,-18,-37]",giovani,unknown,unknown
CSI_DATA,901592,b2:1f:e7:2b:79:66,-39,11,1,7,0,1,1,0,1,0,1,-97,0,1,0,-101837468,0,83,0,128,1,"[83,-80,4,0,16,1,16,0,16,0,15,0,15,0,14,0,13,0,12,0,11,1,10,2,8,2,7,3,6,4,5,6,3,7,2,7,1,8,0,8,-1,9,-2,9,-3,9,-3,9,-4,8,-4,8,-4,7,-2,1,0,0,0,0,0,0,0,0,0,0,0,0,0,0,0,0,0,0,1,0,3,0,3,1,2,2,1,3,0,4,-1,5,-2,5,-3,6,-4,7,-4,7,-5,8,-5,8,-4,8,-4,8,-3,8,-3,8,-1,8,0,8,2,7,4,7,5,6,7,6,9,5,11,4,12,4,14,3]",giovani,unknown,unknown
CSI_DATA,901594,b2:1f:e7:2b:79:66,-42,11,1,7,0,1,1,0,1,0,1,-97,0,1,0,-101828315,0,83,0,128,1,"[83,-80,4,0,-32,-28,-33,-27,-33,-26,-32,-25,-31,-24,-29,-23,-27,-22,-24,-21,-21,-21,-18,-21,-14,-21,-10,-21,-6,-20,-2,-20,2,-20,6,-20,9,-19,12,-19,14,-18,16,-17,17,-15,18,-14,18,-13,18,-12,18,-10,4,-3,0,0,0,0,0,0,0,0,0,0,0,0,0,0,0,0,0,0,-3,-2,-8,-7,-6,-7,-3,-8,0,-9,4,-10,7,-11,10,-11,12,-11,15,-12,17,-12,18,-13,19,-13,18,-14,17,-14,16,-16,14,-17,12,-18,8,-20,4,-21,0,-23,-4,-24,-8,-25,-13,-26,-18,-28,-22,-28,-25,-29]",giovani,unknown,unknown
CSI_DATA,901596,b2:1f:e7:2b:79:66,-39,11,1,7,0,1,1,0,1,0,1,-97,0,1,0,-101819797,0,83,0,128,1,"[83,-80,4,0,16,2,16,2,16,1,15,1,15,1,14,1,13,1,12,1,11,2,9,2,8,3,7,4,5,5,4,6,3,7,2,8,0,8,-1,8,-2,8,-3,9,-3,9,-4,8,-4,8,-5,8,-5,7,-2,1,0,0,0,0,0,0,0,0,0,0,0,0,0,0,0,0,0,0,1,0,3,1,3,1,2,2,1,3,0,4,-1,5,-2,5,-3,6,-4,6,-5,7,-5,7,-5,8,-5,8,-5,8,-4,8,-3,8,-2,8,-1,8,1,7,3,7,5,7,6,6,8,6,10,5,12,5,13,4]",giovani,unknown,unknown
CSI_DATA,901598,b2:1f:e7:2b:79:66,-42,11,1,7,0,1,1,0,1,0,1,-97,0,1,0,-101810771,0,83,0,128,1,"[83,-80,4,0,41,-6,40,-7,39,-8,38,-8,37,-8,35,-7,33,-6,30,-5,28,-3,26,0,23,3,20,5,18,8,15,11,12,14,10,17,7,19,5,20,2,22,0,22,-1,22,-3,22,-4,21,-5,20,-6,20,-2,4,0,0,0,0,0,0,0,0,0,0,0,0,0,0,0,0,0,0,2,-1,9,-2,8,0,7,3,5,6,4,8,2,11,1,14,-1,16,-2,18,-3,20,-4,21,-4,22,-3,22,-2,22,0,22,2,21,5,20,8,18,12,17,15,15,19,12,23,9,27,7,30,5,34,2,37,-1]",giovani,unknown,unknown
CSI_DATA,901600,b2:1f:e7:2b:79:66,-39,11,1,7,0,1,1,0,1,0,1,-97,0,1,0,-101800966,0,83,0,128,1,"[83,-80,4,0,-15,8,-15,8,-14,8,-14,8,-13,8,-13,7,-12,7,-11,6,-11,5,-10,3,-10,2,-9,1,-9,-1,-8,-2,-8,-4,-7,-5,-7,-6,-6,-7,-6,-8,-5,-9,-4,-9,-4,-9,-3,-9,-3,-9,-3,-9,-1,-3,0,0,0,0,0,0,0,0,0,0,0,0,0,0,0,0,0,0,-1,0,-4,1,-4,0,-4,-1,-4,-3,-3,-4,-3,-5,-3,-6,-2,-7,-2,-8,-2,-9,-2,-10,-2,-10,-2,-10,-2,-10,-3,-9,-4,-9,-5,-8,-6,-7,-7,-6,-8,-5,-9,-3,-10,-2,-11,0,-12,1,-14,3,-14,4]",giovani,unknown,unknown
CSI_DATA,901602,b2:1f:e7:2b:79:66,-39,11,1,7,0,1,1,0,1,0,1,-97,0,1,0,-101790623,0,83,0,128,1,"[83,-80,4,0,-5,-16,-6,-16,-6,-16,-6,-15,-6,-14,-5,-14,-5,-13,-4,-12,-4,-12,-3,-11,-1,-10,0,-9,1,-8,3,-8,4,-7,6,-6,7,-5,7,-4,8,-4,9,-3,9,-3,9,-2,9,-1,8,-1,8,-1,2,-1,0,0,0,0,0,0,0,0,0,0,0,0,0,0,0,0,0,0,-1,-1,-1,-4,0,-4,1,-3,2,-3,3,-2,4,-2,5,-1,6,0,7,0,8,0,9,0,9,0,9,0,9,0,9,-1,8,-2,8,-3,7,-4,6,-5,5,-6,4,-8,3,-9,2,-11,0,-12,-1,-14,-2,-15]",giovani,unknown,unknown
CSI_DATA,901604,b2:1f:e7:2b:79:66,-42,11,1,7,0,1,1,0,1,0,1,-97,0,1,0,-101780137,0,83,0,128,1,"[83,-80,4,0,-37,19,-37,19,-35,20,-34,20,-33,19,-31,18,-30,16,-28,14,-26,11,-25,8,-24,5,-22,1,-21,-2,-19,-6,-18,-10,-16,-13,-14,-15,-13,-18,-11,-20,-10,-21,-9,-22,-7,-22,-5,-22,-4,-22,-3,-21,-1,-6,0,0,0,0,0,0,0,0,0,0,0,0,0,0,0,0,0,0,-3,1,-9,4,-9,1,-8,-2,-8,-5,-7,-8,-6,-11,-5,-14,-5,-16,-4,-19,-4,-21,-4,-22,-4,-23,-5,-23,-6,-22,-7,-21,-9,-20,-12,-18,-14,-16,-17,-13,-20,-10,-22,-7,-25,-3,-28,1,-31,5,-33,8,-35,11]",giovani,unknown,unknown
CSI_DATA,901606,b2:1f:e7:2b:79:66,-39,11,1,7,0,1,1,0,1,0,1,-97,0,1,0,-101775425,0,83,0,128,1,"[83,-80,4,0,25,22,26,21,26,20,26,18,25,18,23,17,22,16,20,16,17,15,14,15,10,15,7,15,4,15,1,15,-2,16,-5,16,-8,15,-10,15,-12,14,-13,14,-14,13,-15,12,-16,11,-16,9,-15,9,-4,2,0,0,0,0,0,0,0,0,0,0,0,0,0,0,0,0,0,0,1,1,5,5,3,6,0,6,-3,6,-5,7,-8,7,-10,7,-12,7,-15,7,-16,7,-18,8,-18,8,-18,8,-17,9,-16,10,-15,11,-13,12,-10,13,-6,15,-3,17,1,18,4,19,8,20,12,21,16,22,19,22]",giovani,unknown,unknown
CSI_DATA,901608,b2:1f:e7:2b:79:66,-39,11,1,7,0,1,1,0,1,0,1,-97,0,1,0,-101767843,0,83,0,128,1,"[83,-80,4,0,-5,15,-5,15,-4,15,-4,15,-4,14,-4,13,-4,12,-4,11,-4,10,-5,9,-5,7,-6,6,-7,5,-7,3,-8,2,-8,0,-9,-1,-9,-2,-9,-3,-9,-4,-9,-5,-9,-5,-8,-6,-8,-6,-7,-6,-2,-2,0,0,0,0,0,0,0,0,0,0,0,0,0,0,0,0,0,0,-1,1,-2,3,-2,3,-3,1,-4,0,-5,-1,-5,-2,-6,-3,-6,-4,-7,-5,-8,-5,-8,-6,-8,-6,-8,-6,-8,-6,-9,-5,-9,-4,-9,-2,-9,-1,-8,0,-8,2,-8,4,-8,5,-8,7,-7,9,-7,11,-6,12]",giovani,unknown,unknown
CSI_DATA,901610,b2:1f:e7:2b:79:66,-42,11,1,7,0,1,1,0,1,0,1,-97,0,1,0,-101758047,0,83,0,128,1,"[83,-80,4,0,-33,26,-32,26,-30,27,-29,26,-28,25,-27,24,-25,22,-24,20,-23,16,-22,13,-22,10,-21,6,-21,2,-20,-2,-19,-6,-18,-9,-17,-12,-16,-15,-15,-17,-14,-19,-13,-20,-11,-20,-10,-20,-9,-20,-8,-20,-2,-5,0,0,0,0,0,0,0,0,0,0,0,0,0,0,0,0,0,0,-2,1,-8,5,-8,3,-9,0,-9,-3,-9,-7,-8,-10,-8,-13,-8,-15,-8,-18,-8,-20,-8,-21,-9,-22,-9,-22,-10,-21,-12,-20,-13,-18,-15,-15,-17,-13,-19,-10,-21,-6,-23,-2,-25,2,-27,7,-29,11,-31,15,-31,18]",giovani,unknown,unknown
CSI_DATA,901612,b2:1f:e7:2b:79:66,-39,11,1,7,0,1,1,0,1,0,1,-97,0,1,0,-101740224,0,83,0,128,1,"[83,-80,4,0,-15,-8,-16,-8,-16,-8,-15,-7,-15,-7,-14,-6,-13,-6,-12,-6,-11,-6,-9,-6,-8,-7,-6,-7,-5,-7,-3,-8,-2,-9,0,-9,1,-9,2,-9,3,-9,4,-9,5,-8,5,-8,6,-8,6,-7,6,-7,1,-2,0,0,0,0,0,0,0,0,0,0,0,0,0,0,0,0,0,0,-1,-1,-4,-3,-3,-3,-1,-4,0,-4,1,-4,2,-5,4,-5,5,-5,6,-6,6,-6,7,-6,7,-6,7,-6,7,-7,6,-7,5,-8,4,-8,3,-8,1,-9,-1,-9,-3,-9,-5,-9,-7,-9,-9,-9,-10,-10,-12,-10]",giovani,unknown,unknown
CSI_DATA,901614,b2:1f:e7:2b:79:66,-42,11,1,7,0,1,1,0,1,0,1,-97,0,1,0,-101734421,0,83,0,128,1,"[83,-80,4,0,-8,37,-7,37,-6,37,-5,36,-5,34,-5,32,-5,30,-5,28,-6,25,-8,22,-10,19,-12,16,-14,13,-15,10,-17,6,-18,3,-19,0,-20,-2,-20,-4,-21,-6,-20,-8,-20,-9,-19,-10,-18,-11,-17,-11,-4,-3,0,0,0,0,0,0,0,0,0,0,0,0,0,0,0,0,0,0,-1,2,-2,8,-4,7,-6,5,-8,2,-10,0,-12,-2,-13,-4,-15,-6,-17,-8,-18,-9,-19,-10,-19,-10,-20,-10,-20,-9,-20,-7,-21,-5,-20,-2,-20,1,-19,4,-18,8,-17,12,-16,16,-15,21,-14,25,-12,29,-11,32]",giovani,unknown,unknown
CSI_DATA,901616,b2:1f:e7:2b:79:66,-42,11,1,7,0,1,1,0,1,0,1,-97,0,1,0,-101726599,0,83,0,128,1,"[83,-80,4,0,-29,-31,-30,-30,-30,-29,-29,-28,-28,-26,-26,-25,-24,-24,-22,-23,-19,-23,-15,-22,-12,-22,-8,-21,-4,-20,0,-20,4,-19,8,-18,11,-17,14,-16,16,-15,18,-14,19,-13,19,-11,19,-10,19,-9,19,-7,4,-2,0,0,0,0,0,0,0,0,0,0,0,0,0,0,0,0,0,0,-3,-2,-8,-7,-5,-8,-2,-8,1,-9,5,-9,8,-10,11,-10,13,-10,16,-10,18,-10,19,-11,20,-11,20,-12,19,-13,18,-14,16,-15,13,-17,10,-18,7,-20,3,-22,-1,-23,-5,-25,-10,-27,-14,-29,-19,-30,-22,-31]",giovani,unknown,unknown
CSI_DATA,901618,b2:1f:e7:2b:79:66,-42,11,1,7,0,1,1,0,1,0,1,-97,0,1,0,-101718020,0,83,0,128,1,"[83,-80,4,0,12,-40,11,-40,10,-40,9,-39,9,-37,9,-35,9,-33,9,-30,10,-27,11,-24,12,-20,14,-17,15,-13,17,-9,18,-6,19,-2,20,1,20,4,20,7,20,9,20,10,19,12,17,12,16,13,15,13,3,3,0,0,0,0,0,0,0,0,0,0,0,0,0,0,0,0,0,0,0,-3,2,-10,4,-8,6,-6,8,-3,10,0,11,2,13,5,14,7,16,9,17,11,18,12,19,12,19,12,20,11,20,9,20,6,20,3,20,0,20,-3,20,-7,19,-12,19,-17,18,-22,17,-26,16,-30,16,-33]",giovani,unknown,unknown
CSI_DATA,901620,b2:1f:e7:2b:79:66,-42,11,1,7,0,1,1,0,1,0,1,-97,0,1,0,-101708940,0,83,0,128,1,"[83,-80,4,0,5,40,7,40,7,39,8,38,8,36,7,34,6,33,5,31,2,28,0,25,-3,23,-6,20,-9,18,-12,15,-15,13,-17,10,-19,8,-21,5,-22,3,-23,1,-23,0,-23,-2,-22,-3,-21,-4,-21,-5,-6,-2,0,0,0,0,0,0,0,0,0,0,0,0,0,0,0,0,0,0,0,2,1,9,-1,8,-4,7,-7,5,-10,4,-13,2,-15,1,-17,-1,-19,-2,-21,-3,-23,-4,-23,-4,-24,-3,-23,-2,-23,-1,-22,2,-21,5,-20,8,-18,11,-16,15,-13,18,-11,22,-8,26,-6,30,-2,34,0,36]",giovani,unknown,unknown
CSI_DATA,901622,b2:1f:e7:2b:79:66,-42,11,1,7,0,1,1,0,1,0,1,-97,0,1,0,-101699054,0,83,0,128,1,"[83,-80,4,0,-33,25,-32,26,-31,26,-30,26,-29,25,-27,23,-26,21,-25,19,-24,16,-23,13,-22,9,-22,5,-21,1,-20,-3,-19,-7,-18,-10,-16,-13,-15,-16,-14,-18,-13,-20,-11,-21,-10,-21,-8,-21,-7,-21,-6,-20,-2,-5,0,0,0,0,0,0,0,0,0,0,0,0,0,0,0,0,0,0,-2,1,-8,6,-8,3,-9,0,-9,-3,-9,-7,-9,-10,-9,-13,-8,-15,-9,-18,-9,-20,-9,-21,-9,-22,-10,-22,-11,-21,-12,-20,-13,-18,-15,-16,-17,-13,-19,-10,-21,-6,-23,-2,-25,2,-27,6,-29,11,-31,15,-32,18]",giovani,unknown,unknown
CSI_DATA,901624,b2:1f:e7:2b:79:66,-39,11,1,7,0,1,1,0,1,0,1,-97,0,1,0,-101698516,0,83,0,128,1,"[83,-80,4,0,14,7,14,7,14,6,14,6,13,5,13,5,12,5,11,5,9,5,8,5,6,6,5,6,4,7,2,7,1,7,-1,8,-2,8,-4,8,-5,8,-5,7,-6,7,-6,7,-7,6,-7,6,-7,5,-2,1,0,0,0,0,0,0,0,0,0,0,0,0,0,0,0,0,0,0,0,0,3,2,2,2,1,3,-1,3,-2,4,-3,4,-4,4,-5,5,-6,5,-7,5,-7,6,-8,6,-8,6,-7,6,-7,7,-6,7,-5,7,-3,7,-2,8,0,8,2,8,4,8,6,8,8,8,10,8,11,8]",giovani,unknown,unknown
CSI_DATA,901626,b2:1f:e7:2b:79:66,-39,11,1,7,0,1,1,0,1,0,1,-97,0,1,0,-101684221,0,83,0,128,1,"[83,-80,4,0,-15,-7,-16,-7,-15,-6,-15,-6,-14,-5,-14,-5,-13,-5,-12,-5,-11,-5,-10,-6,-8,-6,-7,-7,-5,-7,-4,-8,-2,-8,-1,-9,0,-9,1,-9,2,-9,3,-9,4,-9,4,-9,4,-8,5,-8,5,-7,1,-2,0,0,0,0,0,0,0,0,0,0,0,0,0,0,0,0,0,0,-1,-1,-4,-2,-3,-3,-2,-4,-1,-4,1,-5,2,-5,3,-6,4,-6,5,-6,6,-6,6,-7,7,-7,6,-7,6,-7,5,-8,4,-8,3,-8,2,-8,0,-9,-1,-9,-3,-9,-5,-9,-7,-9,-9,-9,-11,-9,-12,-9]",giovani,unknown,unknown
CSI_DATA,901628,b2:1f:e7:2b:79:66,-42,11,1,7,0,1,1,0,1,0,1,-97,0,1,0,-101676624,0,83,0,128,1,"[83,-80,4,0,-23,34,-22,34,-21,34,-20,33,-19,32,-18,30,-18,28,-17,26,-17,22,-17,19,-18,15,-18,12,-19,8,-19,4,-20,0,-20,-4,-19,-7,-19,-10,-19,-12,-18,-14,-17,-16,-16,-16,-15,-17,-13,-17,-12,-17,-3,-5,0,0,0,0,0,0,0,0,0,0,0,0,0,0,0,0,0,0,-2,2,-6,7,-7,5,-8,2,-10,-1,-11,-4,-11,-7,-12,-10,-13,-13,-14,-15,-14,-17,-15,-18,-15,-18,-16,-18,-17,-17,-17,-16,-18,-14,-19,-11,-20,-7,-21,-4,-22,0,-22,4,-23,9,-23,14,-24,19,-24,23,-24,27]",giovani,unknown,unknown
CSI_DATA,901630,b2:1f:e7:2b:79:66,-39,11,1,7,0,1,1,0,1,0,1,-97,0,1,0,-101670114,0,83,0,128,1,"[83,-80,4,0,-14,-9,-15,-9,-15,-8,-14,-8,-14,-8,-13,-7,-12,-7,-11,-7,-10,-7,-9,-7,-7,-7,-6,-8,-4,-8,-3,-8,-1,-9,0,-9,2,-9,3,-9,4,-8,5,-8,5,-8,6,-7,6,-7,6,-6,6,-6,1,-2,0,0,0,0,0,0,0,0,0,0,0,0,0,0,0,0,0,0,-1,-1,-4,-3,-3,-3,-2,-4,0,-4,1,-4,2,-5,3,-5,5,-5,6,-5,7,-5,7,-6,7,-6,7,-6,7,-7,6,-7,5,-7,4,-8,3,-8,1,-8,0,-9,-2,-9,-4,-9,-6,-10,-8,-10,-10,-10,-11,-10]",giovani,unknown,unknown
CSI_DATA,901632,b2:1f:e7:2b:79:66,-42,11,1,7,0,1,1,0,1,0,1,-97,0,1,0,-101659452,0,83,0,128,1,"[83,-80,4,0,38,11,39,10,38,9,37,8,36,8,34,8,32,8,29,8,26,9,23,10,19,11,16,13,12,15,9,17,6,18,2,19,-1,20,-4,20,-6,21,-8,20,-10,20,-11,19,-12,18,-13,16,-13,16,-4,3,0,0,0,0,0,0,0,0,0,0,0,0,0,0,0,0,0,0,2,0,9,2,7,4,5,6,2,8,0,10,-3,12,-5,13,-8,15,-9,16,-11,17,-12,18,-13,19,-12,19,-11,19,-9,20,-7,20,-5,20,-1,20,3,20,7,20,11,19,16,18,20,18,25,17,29,16,32,15]",giovani,unknown,unknown
CSI_DATA,901634,b2:1f:e7:2b:79:66,-42,11,1,7,0,1,1,0,1,0,1,-97,0,1,0,-101659079,0,83,0,128,1,"[83,-80,4,0,-17,-43,-18,-43,-19,-42,-19,-40,-18,-38,-17,-37,-16,-35,-14,-33,-11,-31,-7,-29,-4,-27,0,-25,4,-23,8,-21,12,-19,15,-16,18,-14,20,-12,22,-10,24,-8,24,-6,24,-5,24,-3,23,-2,23,-1,5,0,0,0,0,0,0,0,0,0,0,0,0,0,0,0,0,0,0,0,-2,-3,-5,-11,-2,-10,2,-9,5,-9,9,-8,12,-7,15,-6,18,-5,21,-4,23,-3,25,-3,26,-3,26,-4,25,-5,24,-7,23,-9,21,-12,19,-14,16,-17,12,-21,9,-24,5,-28,1,-31,-3,-35,-7,-38,-10,-40]",giovani,unknown,unknown
CSI_DATA,901636,b2:1f:e7:2b:79:66,-42,11,1,7,0,1,1,0,1,0,1,-97,0,1,0,-101637337,0,83,0,128,1,"[83,-80,4,0,-28,-30,-28,-29,-28,-28,-28,-27,-27,-25,-25,-24,-24,-24,-21,-23,-18,-22,-15,-22,-11,-21,-8,-21,-4,-20,-1,-20,3,-19,7,-18,10,-17,12,-16,15,-16,16,-14,18,-13,18,-12,18,-10,18,-9,18,-8,4,-2,0,0,0,0,0,0,0,0,0,0,0,0,0,0,0,0,0,0,-2,-2,-7,-8,-5,-8,-2,-9,2,-9,5,-10,8,-10,11,-10,13,-10,16,-10,18,-11,19,-11,20,-11,20,-12,19,-13,17,-14,16,-15,14,-17,11,-18,7,-19,3,-21,-1,-23,-5,-24,-9,-26,-13,-28,-18,-29,-21,-30]",giovani,unknown,unknown
CSI_DATA,901638,b2:1f:e7:2b:79:66,-42,11,1,7,0,1,1,0,1,0,1,-97,0,1,0,-101626699,0,83,0,128,1,"[83,-80,4,0,14,-39,13,-40,12,-39,11,-38,11,-37,10,-35,10,-33,10,-30,11,-27,12,-24,13,-20,15,-16,16,-13,17,-9,18,-5,19,-1,20,2,20,5,20,8,20,10,19,11,18,12,17,13,15,14,14,14,3,3,0,0,0,0,0,0,0,0,0,0,0,0,0,0,0,0,0,0,0,-3,2,-10,4,-8,6,-5,8,-3,10,0,12,3,13,5,14,8,16,10,17,12,18,13,19,13,19,13,20,12,20,10,20,8,20,5,21,1,20,-2,20,-6,20,-11,19,-16,19,-20,18,-25,18,-29,17,-33]",giovani,unknown,unknown
CSI_DATA,901640,b2:1f:e7:2b:79:66,-42,11,1,7,0,1,1,0,1,0,1,-97,0,1,0,-101626107,0,83,0,128,1,"[83,-80,4,0,-33,25,-33,26,-31,26,-30,26,-29,25,-28,23,-26,21,-25,19,-24,16,-23,13,-22,9,-22,6,-21,2,-20,-3,-19,-6,-18,-10,-17,-13,-16,-16,-14,-18,-13,-19,-12,-21,-10,-21,-9,-21,-8,-21,-7,-20,-2,-5,0,0,0,0,0,0,0,0,0,0,0,0,0,0,0,0,0,0,-2,1,-8,5,-9,3,-9,0,-9,-4,-9,-7,-9,-10,-9,-13,-8,-16,-9,-19,-9,-21,-9,-22,-9,-23,-10,-23,-11,-22,-12,-21,-13,-19,-15,-17,-17,-14,-19,-11,-21,-7,-23,-3,-25,1,-27,6,-29,10,-31,14,-32,18]",giovani,unknown,unknown
CSI_DATA,901642,b2:1f:e7:2b:79:66,-42,11,1,7,0,1,1,0,1,0,1,-97,0,1,0,-101614459,0,83,0,128,1,"[83,-80,4,0,11,38,12,38,13,37,13,36,12,34,11,33,10,31,8,29,6,27,4,25,1,23,-3,21,-6,19,-9,17,-13,14,-16,12,-18,10,-20,8,-21,6,-22,4,-23,2,-23,1,-22,-1,-22,-2,-21,-2,-6,-1,0,0,0,0,0,0,0,0,0,0,0,0,0,0,0,0,0,0,0,2,2,9,0,8,-3,7,-7,6,-10,5,-12,4,-15,3,-18,2,-20,0,-22,0,-23,0,-24,0,-24,0,-24,1,-23,3,-22,5,-21,7,-18,10,-16,12,-13,16,-11,19,-8,23,-4,26,-1,30,3,33,5,35]",giovani,unknown,unknown
CSI_DATA,901644,b2:1f:e7:2b:79:66,-42,11,1,7,0,1,1,0,1,0,1,-97,0,1,0,-101606569,0,83,0,128,1,"[83,-80,4,0,-22,-41,-23,-40,-24,-39,-24,-38,-23,-36,-22,-34,-20,-33,-18,-31,-15,-30,-11,-28,-7,-27,-4,-25,0,-24,5,-22,9,-20,12,-19,16,-17,18,-15,21,-14,22,-12,23,-10,23,-9,23,-7,23,-6,23,-5,5,-1,0,0,0,0,0,0,0,0,0,0,0,0,0,0,0,0,0,0,-2,-3,-5,-11,-2,-10,1,-10,5,-9,9,-8,12,-7,15,-7,18,-6,21,-5,23,-4,25,-4,26,-4,26,-5,25,-6,24,-8,23,-10,21,-13,18,-15,14,-18,11,-21,7,-25,3,-28,-2,-31,-6,-34,-11,-37,-14,-39]",giovani,unknown,unknown
CSI_DATA,901646,b2:1f:e7:2b:79:66,-42,11,1,7,0,1,1,0,1,0,1,-97,0,1,0,-101598199,0,83,0,128,1,"[83,-80,4,0,-41,2,-41,3,-40,4,-39,4,-38,4,-36,4,-34,3,-31,2,-29,0,-26,-2,-24,-5,-21,-7,-18,-10,-16,-13,-13,-15,-10,-18,-7,-20,-5,-21,-3,-22,-1,-23,1,-23,2,-23,4,-22,5,-21,6,-20,1,-5,0,0,0,0,0,0,0,0,0,0,0,0,0,0,0,0,0,0,-3,0,-11,0,-9,-2,-7,-5,-6,-8,-4,-10,-2,-13,0,-15,2,-17,3,-19,4,-21,5,-22,5,-23,5,-23,4,-23,2,-23,-1,-23,-3,-22,-6,-20,-10,-19,-14,-18,-18,-16,-22,-13,-26,-11,-30,-9,-34,-6,-36,-4]",giovani,unknown,unknown
CSI_DATA,901648,b2:1f:e7:2b:79:66,-42,11,1,7,0,1,1,0,1,0,1,-97,0,1,0,-101590770,0,83,0,128,1,"[83,-80,4,0,30,-27,29,-28,28,-28,27,-28,26,-27,25,-25,24,-24,22,-21,21,-18,21,-15,20,-11,20,-8,19,-4,19,0,18,4,17,8,16,11,15,13,14,15,13,17,12,18,10,19,8,19,7,19,6,19,1,4,0,0,0,0,0,0,0,0,0,0,0,0,0,0,0,0,0,0,1,-2,7,-7,7,-5,8,-2,8,2,8,5,8,8,8,11,8,14,9,16,9,18,9,20,9,21,10,20,11,20,12,18,13,17,15,14,16,11,18,8,20,5,22,1,24,-4,26,-8,27,-12,29,-16,30,-20]",giovani,unknown,unknown
CSI_DATA,901650,b2:1f:e7:2b:79:66,-39,11,1,7,0,1,1,0,1,0,1,-97,0,1,0,-101582688,0,83,0,128,1,"[83,-80,4,0,-33,7,-33,9,-32,9,-31,9,-30,9,-28,8,-27,7,-25,5,-23,4,-22,2,-20,-1,-18,-3,-16,-6,-14,-9,-12,-11,-10,-14,-8,-15,-7,-17,-5,-18,-3,-19,-2,-20,-1,-20,0,-19,1,-18,2,-17,0,-5,0,0,0,0,0,0,0,0,0,0,0,0,0,0,0,0,0,0,-3,0,-9,1,-8,-1,-7,-3,-6,-6,-5,-9,-3,-11,-2,-13,-1,-15,0,-17,1,-18,1,-20,2,-20,1,-20,0,-20,-1,-20,-3,-19,-5,-18,-7,-17,-10,-15,-12,-12,-15,-10,-18,-8,-21,-5,-24,-3,-27,0,-29,2]",giovani,unknown,unknown
CSI_DATA,901652,b2:1f:e7:2b:79:66,-42,11,1,7,0,1,1,0,1,0,1,-97,0,1,0,-101577119,0,83,0,128,1,"[83,-80,4,0,36,-18,35,-19,34,-20,33,-19,32,-19,30,-18,29,-16,27,-15,25,-12,24,-8,22,-5,21,-2,19,2,18,6,16,9,14,12,12,15,11,17,9,19,7,20,6,21,4,21,3,21,1,20,0,20,0,5,0,0,0,0,0,0,0,0,0,0,0,0,0,0,0,0,0,0,2,-2,8,-5,8,-3,8,0,7,4,6,7,6,10,5,13,4,15,4,18,3,20,3,21,3,22,4,22,5,22,6,21,8,19,10,17,13,15,15,13,18,10,21,6,24,2,27,-1,30,-4,32,-8,34,-11]",giovani,unknown,unknown
CSI_DATA,901654,b2:1f:e7:2b:79:66,-39,11,1,7,0,1,1,0,1,0,1,-97,0,1,0,-101572108,0,83,0,128,1,"[83,-80,4,0,16,0,16,0,15,-1,15,-1,14,-1,14,-1,13,-1,12,0,11,0,10,1,8,2,7,3,6,4,5,5,4,6,2,7,1,8,0,8,-1,8,-2,9,-2,8,-3,8,-3,8,-4,7,-4,7,-1,1,0,0,0,0,0,0,0,0,0,0,0,0,0,0,0,0,0,0,1,-1,4,0,3,1,2,2,1,3,0,4,0,5,-1,6,-2,7,-3,7,-3,8,-4,8,-4,9,-4,9,-3,9,-3,9,-2,9,-1,8,0,8,2,7,4,7,5,6,7,5,9,5,10,4,12,3,14,2]",giovani,unknown,unknown
CSI_DATA,901656,b2:1f:e7:2b:79:66,-41,11,1,7,0,1,1,0,1,0,1,-97,0,1,0,-101437149,0,83,0,128,1,"[83,-80,4,0,31,20,32,19,33,18,33,16,32,15,31,15,30,15,28,15,25,15,22,15,19,16,16,17,13,18,10,19,6,20,3,21,0,22,-2,22,-5,22,-7,22,-9,21,-10,21,-11,20,-12,18,-12,18,-3,4,0,0,0,0,0,0,0,0,0,0,0,0,0,0,0,0,0,0,1,2,6,11,3,11,0,11,-4,11,-7,11,-10,11,-13,11,-16,11,-18,11,-20,11,-22,11,-22,12,-22,12,-21,13,-20,13,-18,15,-16,16,-12,17,-8,18,-4,19,0,20,5,21,9,21,14,22,19,22,23,22]",giovani,unknown,unknown
CSI_DATA,901658,b2:1f:e7:2b:79:66,-41,11,1,7,0,1,1,0,1,0,1,-97,0,1,0,-101436695,0,83,0,128,1,"[83,-80,4,0,-25,28,-23,29,-22,29,-21,29,-20,28,-19,27,-18,26,-18,24,-18,21,-18,18,-19,15,-19,12,-20,9,-20,6,-21,2,-21,-1,-21,-4,-21,-7,-20,-9,-20,-11,-19,-13,-18,-14,-17,-15,-15,-15,-14,-15,-4,-4,0,0,0,0,0,0,0,0,0,0,0,0,0,0,0,0,0,0,-3,2,-9,7,-10,5,-11,2,-12,-1,-12,-4,-12,-7,-13,-10,-13,-13,-13,-15,-14,-17,-14,-19,-15,-19,-15,-20,-16,-19,-17,-18,-18,-16,-19,-14,-20,-11,-21,-8,-22,-4,-23,0,-24,4,-25,9,-25,13,-26,17,-26,20]",giovani,unknown,unknown
CSI_DATA,901660,b2:1f:e7:2b:79:66,-42,11,1,6,0,1,1,0,1,0,1,-97,0,1,0,-101436223,0,83,0,128,1,"[83,-80,4,0,26,-22,26,-24,25,-24,24,-24,23,-23,22,-23,21,-21,20,-19,19,-17,19,-15,18,-12,18,-9,18,-5,17,-1,17,2,16,5,15,8,14,11,13,13,12,14,11,16,10,16,9,16,8,16,7,17,1,4,0,0,0,0,0,0,0,0,0,0,0,0,0,0,0,0,0,0,2,-2,8,-5,8,-3,8,0,8,3,8,6,8,10,7,12,7,15,7,17,7,19,7,21,7,21,8,22,8,21,9,20,10,19,11,16,13,14,14,11,16,8,18,5,20,1,21,-4,23,-8,24,-12,25,-15]",giovani,unknown,unknown
CSI_DATA,901662,b2:1f:e7:2b:79:66,-42,11,1,6,0,1,1,0,1,0,1,-97,0,1,0,-101417600,0,83,0,128,1,"[83,-80,4,0,33,-20,33,-21,32,-22,31,-23,30,-22,29,-21,28,-20,26,-18,25,-16,24,-13,23,-10,22,-6,21,-2,20,1,19,5,17,8,16,12,14,14,13,17,11,18,10,19,8,20,7,20,5,20,4,20,1,5,0,0,0,0,0,0,0,0,0,0,0,0,0,0,0,0,0,0,2,-1,10,-3,9,-1,9,2,8,6,7,9,6,13,5,16,4,19,4,21,3,24,2,25,2,26,3,26,4,25,5,24,6,23,8,21,11,18,13,16,16,12,19,9,21,5,24,0,27,-4,29,-8,31,-11]",giovani,unknown,unknown
CSI_DATA,901664,b2:1f:e7:2b:79:66,-42,11,1,6,0,1,1,0,1,0,1,-97,0,1,0,-101407311,0,83,0,128,1,"[83,-80,4,0,-38,-15,-39,-13,-38,-12,-38,-11,-37,-11,-36,-10,-34,-10,-31,-11,-29,-12,-25,-13,-22,-14,-19,-15,-16,-16,-12,-18,-8,-19,-4,-20,-1,-21,2,-22,5,-22,7,-22,9,-22,10,-20,11,-19,12,-18,13,-17,3,-5,0,0,0,0,0,0,0,0,0,0,0,0,0,0,0,0,0,0,-3,-2,-10,-6,-8,-8,-5,-10,-2,-11,1,-13,4,-15,7,-16,10,-17,13,-18,15,-19,16,-20,17,-21,17,-21,16,-21,14,-22,12,-22,10,-22,6,-22,2,-22,-2,-22,-7,-22,-11,-21,-16,-21,-21,-20,-26,-19,-29,-18]",giovani,unknown,unknown
CSI_DATA,901666,b2:1f:e7:2b:79:66,-38,11,1,6,0,1,1,0,1,0,1,-97,0,1,0,-101407015,0,83,0,128,1,"[83,-80,4,0,12,9,13,9,13,8,13,7,13,7,12,7,11,6,11,6,9,6,8,6,7,7,5,7,4,7,3,7,1,8,0,8,-2,8,-3,8,-4,8,-5,8,-6,7,-6,7,-6,6,-7,6,-7,6,-2,1,0,0,0,0,0,0,0,0,0,0,0,0,0,0,0,0,0,0,0,0,2,3,1,3,0,4,-2,4,-3,4,-5,4,-6,4,-7,4,-8,4,-9,4,-10,5,-10,5,-10,5,-10,5,-9,5,-9,6,-8,6,-6,7,-5,7,-3,8,-1,8,1,8,3,9,5,9,7,10,8,10]",giovani,unknown,unknown
CSI_DATA,901668,b2:1f:e7:2b:79:66,-42,11,1,7,0,1,1,0,1,0,1,-97,0,1,0,-101384064,0,83,0,128,1,"[83,-80,4,0,-35,-19,-36,-18,-36,-17,-36,-16,-35,-15,-34,-15,-32,-15,-30,-15,-27,-15,-24,-15,-20,-16,-17,-17,-14,-18,-10,-19,-6,-20,-2,-21,1,-21,4,-21,7,-21,9,-21,11,-20,12,-19,13,-18,13,-17,14,-16,3,-4,0,0,0,0,0,0,0,0,0,0,0,0,0,0,0,0,0,0,-3,-2,-8,-8,-6,-9,-3,-10,1,-11,4,-13,7,-14,11,-14,13,-15,16,-15,18,-16,20,-16,21,-17,20,-17,19,-18,18,-18,16,-19,13,-20,10,-20,6,-21,1,-22,-3,-22,-8,-22,-12,-22,-17,-22,-22,-22,-26,-22]",giovani,unknown,unknown
CSI_DATA,901670,b2:1f:e7:2b:79:66,-42,11,1,7,0,1,1,0,1,0,1,-97,0,1,0,-101374877,0,83,0,128,1,"[83,-80,4,0,-38,14,-38,16,-37,16,-36,17,-35,17,-34,16,-32,15,-30,13,-29,10,-27,7,-26,4,-24,1,-23,-2,-21,-6,-19,-10,-17,-13,-15,-16,-13,-18,-11,-20,-10,-22,-8,-23,-6,-23,-5,-23,-3,-22,-2,-22,-1,-6,0,0,0,0,0,0,0,0,0,0,0,0,0,0,0,0,0,0,-3,0,-12,2,-11,0,-10,-4,-9,-7,-8,-11,-7,-14,-5,-17,-4,-20,-3,-23,-3,-25,-2,-27,-2,-27,-2,-28,-3,-27,-5,-27,-6,-25,-8,-23,-11,-21,-14,-19,-17,-16,-20,-13,-23,-9,-26,-5,-29,-1,-32,3,-34,6]",giovani,unknown,unknown
CSI_DATA,901672,b2:1f:e7:2b:79:66,-42,11,1,7,0,1,1,0,1,0,1,-97,0,1,0,-101373905,0,83,0,128,1,"[83,-80,4,0,-31,19,-31,20,-30,21,-29,21,-28,21,-27,20,-26,19,-24,17,-23,14,-22,11,-22,8,-21,5,-20,2,-19,-2,-18,-5,-17,-8,-16,-11,-15,-14,-13,-16,-12,-18,-11,-19,-9,-19,-8,-19,-6,-19,-5,-19,-2,-5,0,0,0,0,0,0,0,0,0,0,0,0,0,0,0,0,0,0,-3,1,-10,3,-10,1,-10,-2,-10,-5,-9,-9,-8,-12,-8,-14,-7,-17,-7,-20,-6,-22,-6,-23,-6,-24,-7,-24,-7,-24,-8,-23,-10,-21,-11,-19,-13,-17,-15,-14,-17,-11,-19,-8,-22,-4,-24,0,-26,4,-28,8,-29,11]",giovani,unknown,unknown
CSI_DATA,901674,b2:1f:e7:2b:79:66,-42,11,1,7,0,1,1,0,1,0,1,-97,0,1,0,-101362677,0,83,0,128,1,"[83,-80,4,0,-26,-32,-27,-31,-28,-30,-28,-29,-28,-27,-27,-26,-25,-25,-23,-24,-20,-24,-17,-23,-14,-23,-10,-22,-7,-22,-3,-22,1,-21,5,-21,8,-20,11,-19,13,-19,15,-17,17,-16,18,-15,18,-13,18,-11,19,-10,4,-3,0,0,0,0,0,0,0,0,0,0,0,0,0,0,0,0,0,0,-2,-3,-5,-11,-2,-11,1,-11,5,-10,8,-10,12,-10,15,-9,18,-9,21,-8,23,-7,25,-7,26,-7,26,-7,25,-8,24,-10,22,-12,20,-13,17,-15,13,-17,9,-20,5,-22,1,-24,-3,-26,-8,-28,-12,-30,-16,-31]",giovani,unknown,unknown
CSI_DATA,901676,b2:1f:e7:2b:79:66,-42,11,1,7,0,1,1,0,1,0,1,-97,0,1,0,-101344167,0,83,0,128,1,"[83,-80,4,0,-17,-31,-19,-31,-19,-31,-20,-30,-19,-28,-18,-27,-17,-26,-16,-25,-14,-24,-11,-23,-8,-22,-5,-21,-2,-20,1,-19,5,-18,8,-17,11,-15,13,-14,15,-13,16,-11,18,-10,18,-9,18,-7,18,-6,17,-5,4,-2,0,0,0,0,0,0,0,0,0,0,0,0,0,0,0,0,0,0,-1,-3,-3,-10,-1,-10,2,-9,6,-8,8,-7,11,-7,14,-6,17,-5,19,-4,21,-3,22,-3,23,-3,23,-3,23,-4,22,-5,21,-7,19,-9,17,-11,14,-13,11,-15,8,-18,5,-20,1,-23,-3,-26,-7,-28,-9,-29]",giovani,unknown,unknown
CSI_DATA,901678,b2:1f:e7:2b:79:66,-42,11,1,7,0,1,1,0,1,0,1,-97,0,1,0,-101335839,0,83,0,128,1,"[83,-80,4,0,5,37,6,37,7,37,8,36,8,35,8,33,7,32,6,30,4,28,2,26,-1,24,-4,22,-7,20,-10,17,-13,15,-15,13,-18,11,-19,9,-21,6,-22,5,-23,3,-23,1,-22,0,-21,-2,-21,-3,-6,-1,0,0,0,0,0,0,0,0,0,0,0,0,0,0,0,0,0,0,-1,2,-1,10,-4,9,-7,7,-10,5,-12,4,-15,2,-17,0,-19,-2,-22,-4,-23,-5,-25,-6,-25,-6,-26,-6,-26,-5,-25,-4,-25,-1,-24,1,-22,4,-20,7,-18,11,-16,14,-13,18,-10,22,-7,26,-4,29,-2,32]",giovani,unknown,unknown
CSI_DATA,901680,b2:1f:e7:2b:79:66,-42,11,1,7,0,1,1,0,1,0,1,-97,0,1,0,-101327170,0,83,0,128,1,"[83,-80,4,0,-10,-39,-11,-39,-12,-39,-12,-38,-12,-37,-12,-35,-11,-34,-10,-32,-8,-30,-5,-28,-2,-26,1,-24,4,-22,8,-20,11,-18,14,-15,16,-13,18,-11,20,-9,21,-7,22,-5,22,-3,22,-2,21,0,21,1,5,0,0,0,0,0,0,0,0,0,0,0,0,0,0,0,0,0,0,0,-1,-3,-1,-12,2,-11,5,-9,8,-8,11,-6,14,-5,17,-3,19,-1,22,1,24,2,26,3,26,3,26,3,26,2,26,0,25,-2,24,-5,22,-7,19,-10,17,-14,14,-17,11,-21,8,-25,4,-29,1,-32,-2,-35]",giovani,unknown,unknown
CSI_DATA,901682,b2:1f:e7:2b:79:66,-38,11,1,7,0,1,1,0,1,0,1,-97,0,1,0,-101319804,0,83,0,128,1,"[83,-80,4,0,2,-16,1,-17,1,-17,0,-16,0,-16,0,-15,0,-14,0,-14,1,-13,1,-12,2,-11,3,-9,4,-8,5,-7,6,-6,7,-4,8,-3,8,-2,9,-1,9,-1,9,0,9,1,9,1,8,2,8,2,2,0,0,0,0,0,0,0,0,0,0,0,0,0,0,0,0,0,0,0,0,-2,2,-4,2,-4,3,-2,4,-1,5,0,6,1,6,2,7,3,7,4,8,5,8,6,8,6,9,6,9,6,9,5,9,4,9,3,9,1,8,0,8,-2,7,-4,7,-6,6,-8,6,-10,5,-11,5,-13]",giovani,unknown,unknown
CSI_DATA,901684,b2:1f:e7:2b:79:66,-42,11,1,7,0,1,1,0,1,0,1,-97,0,1,0,-101313315,0,83,0,128,1,"[83,-80,4,0,6,34,8,35,9,34,9,33,9,32,9,31,8,29,7,28,5,26,3,24,0,22,-3,20,-6,18,-8,16,-11,14,-14,12,-16,10,-18,8,-19,6,-20,4,-21,3,-21,1,-20,0,-20,-2,-19,-2,-5,-1,0,0,0,0,0,0,0,0,0,0,0,0,0,0,0,0,0,0,0,2,-1,10,-3,9,-6,7,-9,5,-11,4,-14,2,-16,1,-19,-1,-21,-2,-23,-4,-24,-4,-24,-5,-24,-5,-24,-4,-24,-3,-23,0,-22,2,-21,4,-19,7,-16,10,-14,14,-11,17,-9,21,-6,24,-3,27,0,30]",giovani,unknown,unknown
CSI_DATA,901686,b2:1f:e7:2b:79:66,-38,11,1,7,0,1,1,0,1,0,1,-97,0,1,0,-101305392,0,83,0,128,1,"[83,-80,4,0,-12,10,-11,11,-11,11,-10,11,-10,10,-10,10,-9,10,-9,9,-9,8,-9,6,-9,5,-9,4,-9,2,-9,1,-9,-1,-8,-2,-8,-4,-8,-5,-7,-6,-7,-7,-7,-7,-6,-8,-6,-8,-5,-8,-5,-8,-1,-2,0,0,0,0,0,0,0,0,0,0,0,0,0,0,0,0,0,0,-2,0,-5,2,-5,1,-5,0,-5,-2,-5,-3,-5,-5,-5,-6,-5,-7,-4,-8,-5,-9,-5,-10,-5,-10,-5,-10,-5,-10,-5,-10,-6,-9,-6,-8,-7,-7,-8,-6,-8,-4,-9,-2,-9,-1,-10,1,-11,3,-11,5,-11,6]",giovani,unknown,unknown
CSI_DATA,901688,b2:1f:e7:2b:79:66,-39,11,1,7,0,1,1,0,1,0,1,-97,0,1,0,-101284328,0,83,0,128,1,"[83,-80,4,0,-11,11,-10,12,-10,12,-9,12,-9,12,-8,11,-8,11,-8,10,-8,9,-8,8,-8,6,-8,5,-8,4,-9,2,-9,1,-9,-1,-9,-2,-9,-3,-9,-4,-8,-5,-8,-6,-8,-6,-7,-7,-7,-7,-6,-7,-2,-2,0,0,0,0,0,0,0,0,0,0,0,0,0,0,0,0,0,0,-1,0,-4,1,-5,0,-5,-1,-5,-3,-5,-4,-4,-6,-4,-7,-4,-8,-4,-9,-4,-10,-4,-11,-4,-11,-4,-11,-4,-11,-5,-10,-5,-9,-6,-8,-7,-7,-7,-6,-8,-4,-9,-2,-9,0,-10,2,-10,4,-10,5,-11,6]",giovani,unknown,unknown
CSI_DATA,901690,b2:1f:e7:2b:79:66,-42,11,1,7,0,1,1,0,1,0,1,-97,0,1,0,-101275689,0,83,0,128,1,"[83,-80,4,0,37,13,38,11,38,10,38,9,37,8,35,8,34,8,31,9,28,9,25,10,22,12,19,13,15,15,12,17,8,18,5,20,1,21,-2,21,-4,22,-7,22,-8,21,-10,20,-11,19,-12,18,-12,17,-4,4,0,0,0,0,0,0,0,0,0,0,0,0,0,0,0,0,0,0,2,1,10,5,7,7,4,9,1,10,-2,12,-5,14,-8,16,-11,17,-14,18,-16,19,-17,20,-18,21,-18,21,-17,21,-15,21,-13,22,-10,22,-7,22,-3,22,2,22,6,21,11,21,16,20,21,19,26,18,29,17]",giovani,unknown,unknown
CSI_DATA,901692,b2:1f:e7:2b:79:66,-41,11,1,7,0,1,1,0,1,0,1,-97,0,1,0,-101268078,0,83,0,128,1,"[83,-80,4,0,-8,35,-6,36,-5,36,-4,35,-4,34,-4,33,-4,31,-5,29,-5,27,-7,24,-9,21,-11,19,-13,16,-15,13,-17,10,-18,7,-19,4,-20,1,-21,-1,-21,-3,-21,-5,-21,-6,-20,-8,-19,-8,-18,-9,-5,-3,0,0,0,0,0,0,0,0,0,0,0,0,0,0,0,0,0,0,-1,2,-5,9,-6,7,-9,5,-11,2,-13,0,-14,-3,-16,-6,-17,-8,-19,-10,-20,-12,-21,-13,-21,-13,-22,-13,-22,-13,-22,-11,-22,-9,-22,-6,-21,-3,-20,0,-20,3,-19,7,-18,12,-16,17,-15,21,-13,25,-12,28]",giovani,unknown,unknown
CSI_DATA,901694,b2:1f:e7:2b:79:66,-38,11,1,7,0,1,1,0,1,0,1,-97,0,1,0,-101267195,0,83,0,128,1,"[83,-80,4,0,0,-16,0,-16,-1,-16,-1,-16,-1,-15,-1,-15,-1,-14,-1,-13,0,-13,0,-12,1,-10,2,-9,3,-9,4,-8,5,-6,6,-5,7,-4,8,-3,8,-2,8,-2,9,-1,9,0,8,0,8,1,8,1,2,0,0,0,0,0,0,0,0,0,0,0,0,0,0,0,0,0,0,0,0,-2,1,-5,2,-4,3,-3,4,-2,5,-1,6,0,6,1,7,2,8,3,8,4,9,4,9,5,9,4,9,4,9,3,9,2,9,1,9,0,8,-1,8,-3,7,-5,6,-6,5,-8,5,-10,4,-11,3,-13]",giovani,unknown,unknown
CSI_DATA,901696,b2:1f:e7:2b:79:66,-38,11,1,7,0,1,1,0,1,0,1,-97,0,1,0,-101255827,0,83,0,128,1,"[83,-80,4,0,9,12,9,12,10,12,10,11,10,11,10,10,9,10,8,9,7,9,6,9,4,9,3,9,2,8,0,8,-1,8,-3,8,-4,7,-5,7,-6,6,-7,6,-8,5,-8,5,-8,5,-8,4,-8,4,-2,0,0,0,0,0,0,0,0,0,0,0,0,0,0,0,0,0,0,0,0,1,1,4,0,4,-2,4,-3,3,-5,3,-6,3,-7,2,-9,2,-10,2,-11,1,-11,1,-12,1,-12,1,-12,2,-11,2,-11,3,-10,4,-8,5,-7,5,-5,6,-4,7,-2,8,0,9,2,10,4,11,5,12]",giovani,unknown,unknown
CSI_DATA,901698,b2:1f:e7:2b:79:66,-42,11,1,7,0,1,1,0,1,0,1,-97,0,1,0,-101249997,0,83,0,128,1,"[83,-80,4,0,39,5,40,4,40,2,39,1,38,1,37,1,35,1,32,2,30,4,27,5,24,7,21,9,18,11,15,14,12,17,9,18,6,20,3,21,1,22,-2,22,-4,22,-5,22,-7,21,-8,20,-8,19,-3,4,0,0,0,0,0,0,0,0,0,0,0,0,0,0,0,0,0,0,2,1,10,4,8,6,6,8,3,11,0,13,-3,15,-5,17,-8,19,-10,21,-12,22,-13,23,-14,23,-14,24,-13,24,-11,24,-9,23,-7,23,-3,22,1,21,5,20,10,19,14,17,19,16,24,14,29,12,32,10]",giovani,unknown,unknown
CSI_DATA,901700,b2:1f:e7:2b:79:66,-42,11,1,7,0,1,1,0,1,0,1,-97,0,1,0,-101244888,0,83,0,128,1,"[83,-80,4,0,-17,36,-16,37,-15,37,-14,36,-13,35,-12,34,-12,33,-12,30,-13,28,-14,24,-15,21,-16,18,-17,14,-19,11,-20,7,-21,4,-22,0,-22,-3,-22,-5,-22,-8,-22,-10,-21,-11,-20,-12,-18,-13,-17,-13,-5,-4,0,0,0,0,0,0,0,0,0,0,0,0,0,0,0,0,0,0,-2,2,-8,8,-9,6,-11,2,-12,-1,-14,-4,-15,-7,-16,-10,-17,-13,-18,-16,-18,-19,-19,-20,-19,-21,-19,-21,-19,-20,-20,-18,-21,-16,-21,-13,-22,-10,-22,-6,-22,-2,-22,3,-22,8,-22,13,-21,18,-21,23,-20,27]",giovani,unknown,unknown
CSI_DATA,901702,b2:1f:e7:2b:79:66,-42,11,1,7,0,1,1,0,1,0,1,-97,0,1,0,-101238938,0,83,0,128,1,"[83,-80,4,0,24,30,26,30,26,29,27,27,26,26,25,25,24,24,22,23,19,23,16,22,12,21,9,21,5,21,1,20,-3,20,-6,19,-9,18,-12,17,-15,17,-17,15,-18,14,-19,13,-19,11,-19,10,-19,9,-5,2,0,0,0,0,0,0,0,0,0,0,0,0,0,0,0,0,0,0,1,2,4,10,1,10,-2,9,-6,9,-9,9,-13,9,-16,9,-19,8,-22,8,-24,7,-26,7,-26,8,-27,8,-26,9,-25,10,-23,11,-21,13,-18,14,-14,16,-10,19,-6,21,-2,23,2,25,7,27,12,28,15,29]",giovani,unknown,unknown
CSI_DATA,901704,b2:1f:e7:2b:79:66,-42,11,1,7,0,1,1,0,1,0,1,-97,0,1,0,-101232392,0,83,0,128,1,"[83,-80,4,0,-12,37,-11,38,-10,38,-9,37,-8,36,-8,35,-8,33,-8,31,-9,28,-10,25,-12,23,-13,19,-15,16,-17,12,-19,9,-20,6,-21,2,-22,-1,-22,-4,-23,-6,-22,-7,-22,-9,-21,-10,-19,-11,-18,-11,-5,-3,0,0,0,0,0,0,0,0,0,0,0,0,0,0,0,0,0,0,-2,2,-6,9,-8,7,-10,4,-12,1,-14,-2,-15,-5,-17,-8,-18,-11,-19,-13,-21,-15,-21,-17,-22,-17,-22,-17,-22,-16,-23,-15,-23,-13,-23,-10,-23,-6,-22,-3,-22,1,-22,6,-21,11,-20,16,-18,21,-17,25,-16,29]",giovani,unknown,unknown
CSI_DATA,901706,b2:1f:e7:2b:79:66,-38,11,1,7,0,1,1,0,1,0,1,-97,0,1,0,-101226448,0,83,0,128,1,"[83,-80,4,0,15,-2,15,-3,15,-3,15,-4,14,-4,14,-4,13,-3,12,-3,12,-2,11,-2,10,0,9,1,8,2,7,3,6,5,5,6,4,7,3,7,2,8,2,8,1,9,0,9,0,9,-1,8,-1,8,-1,2,0,0,0,0,0,0,0,0,0,0,0,0,0,0,0,0,0,0,1,0,4,0,4,1,3,2,2,3,1,5,0,6,-1,7,-2,8,-3,9,-3,9,-4,10,-4,10,-4,10,-3,10,-3,10,-2,10,-1,9,0,9,2,8,3,7,5,6,6,5,8,4,10,3,11,2,13,1]",giovani,unknown,unknown
CSI_DATA,901708,b2:1f:e7:2b:79:66,-38,11,1,7,0,1,1,0,1,0,1,-97,0,1,0,-101218552,0,83,0,128,1,"[83,-80,4,0,-15,-6,-16,-6,-16,-6,-15,-5,-15,-5,-15,-4,-14,-4,-13,-4,-12,-5,-11,-5,-10,-6,-8,-6,-7,-7,-6,-7,-4,-8,-3,-9,-2,-9,-1,-10,0,-10,1,-10,2,-10,3,-9,3,-9,3,-8,4,-8,1,-2,0,0,0,0,0,0,0,0,0,0,0,0,0,0,0,0,0,0,-1,-1,-4,-4,-3,-4,-1,-5,0,-5,2,-6,3,-6,4,-6,5,-7,7,-7,7,-7,8,-7,8,-7,8,-7,8,-8,7,-8,7,-8,5,-9,4,-9,2,-9,0,-9,-1,-9,-3,-9,-5,-9,-7,-8,-9,-8,-11,-8]",giovani,unknown,unknown
CSI_DATA,901710,b2:1f:e7:2b:79:66,-42,11,1,7,0,1,1,0,1,0,1,-97,0,1,0,-101211096,0,83,0,128,1,"[83,-80,4,0,-35,18,-35,19,-34,20,-33,20,-32,20,-31,19,-30,18,-28,16,-27,14,-26,11,-25,8,-24,4,-23,1,-21,-3,-20,-7,-18,-10,-17,-13,-15,-16,-14,-18,-12,-20,-11,-21,-9,-21,-8,-21,-6,-21,-5,-21,-2,-5,0,0,0,0,0,0,0,0,0,0,0,0,0,0,0,0,0,0,-3,0,-11,2,-11,-1,-10,-4,-10,-8,-9,-11,-7,-14,-6,-17,-5,-20,-4,-23,-4,-25,-3,-27,-3,-27,-3,-28,-4,-27,-6,-26,-7,-25,-9,-23,-11,-20,-14,-18,-17,-15,-20,-11,-23,-7,-25,-3,-28,1,-31,6,-32,9]",giovani,unknown,unknown
CSI_DATA,901712,b2:1f:e7:2b:79:66,-38,11,1,7,0,1,1,0,1,0,1,-97,0,1,0,-101204719,0,83,0,128,1,"[83,-80,4,0,-13,10,-13,10,-12,10,-11,10,-11,10,-11,10,-10,9,-10,8,-9,8,-9,6,-9,5,-9,4,-9,2,-9,1,-9,-1,-9,-2,-8,-4,-8,-5,-7,-6,-7,-7,-7,-7,-6,-8,-6,-8,-5,-8,-5,-8,-2,-2,0,0,0,0,0,0,0,0,0,0,0,0,0,0,0,0,0,0,-2,0,-5,1,-5,0,-5,-1,-5,-3,-4,-5,-4,-6,-4,-7,-3,-8,-3,-9,-3,-10,-3,-11,-3,-11,-3,-11,-3,-11,-4,-11,-5,-10,-5,-9,-6,-8,-7,-7,-8,-5,-8,-4,-9,-2,-10,0,-11,2,-12,4,-12,5]",giovani,unknown,unknown
CSI_DATA,901714,b2:1f:e7:2b:79:66,-42,11,1,7,0,1,1,0,1,0,1,-97,0,1,0,-101198947,0,83,0,128,1,"[83,-80,4,0,-32,-23,-33,-22,-34,-21,-34,-20,-33,-19,-31,-19,-30,-18,-28,-18,-25,-18,-22,-18,-18,-19,-15,-19,-11,-20,-7,-20,-3,-21,0,-21,4,-21,7,-20,9,-20,12,-19,13,-18,14,-17,15,-16,15,-15,16,-13,4,-4,0,0,0,0,0,0,0,0,0,0,0,0,0,0,0,0,0,0,-3,-3,-8,-9,-6,-10,-2,-11,1,-11,5,-12,8,-13,11,-13,14,-14,17,-14,20,-14,21,-15,22,-15,22,-15,21,-16,20,-17,18,-18,15,-18,12,-19,8,-20,4,-21,0,-22,-5,-23,-10,-24,-15,-24,-20,-25,-23,-25]",giovani,unknown,unknown
CSI_DATA,901716,b2:1f:e7:2b:79:66,-42,11,1,7,0,1,1,0,1,0,1,-97,0,1,0,-101174890,0,83,0,128,1,"[83,-80,4,0,-38,-12,-39,-11,-39,-10,-38,-9,-37,-8,-36,-8,-34,-8,-32,-8,-29,-9,-26,-10,-23,-12,-20,-13,-17,-15,-13,-17,-10,-18,-6,-20,-3,-21,0,-22,2,-22,5,-22,7,-22,8,-21,9,-20,10,-19,11,-18,2,-5,0,0,0,0,0,0,0,0,0,0,0,0,0,0,0,0,0,0,-3,-2,-10,-7,-7,-8,-4,-10,-1,-11,2,-13,5,-15,8,-16,11,-17,14,-18,16,-19,17,-20,18,-20,18,-21,17,-21,15,-21,13,-21,11,-22,7,-21,3,-21,-1,-21,-6,-21,-11,-20,-15,-19,-21,-18,-26,-17,-29,-16]",giovani,unknown,unknown
CSI_DATA,901718,b2:1f:e7:2b:79:66,-42,11,1,7,0,1,1,0,1,0,1,-97,0,1,0,-101167982,0,83,0,128,1,"[83,-80,4,0,-8,-39,-10,-40,-11,-40,-11,-39,-11,-37,-11,-36,-10,-35,-9,-33,-7,-31,-4,-29,-1,-27,2,-25,5,-23,8,-21,11,-18,14,-16,17,-14,19,-12,20,-10,22,-8,22,-6,22,-4,22,-3,21,-1,21,0,5,0,0,0,0,0,0,0,0,0,0,0,0,0,0,0,0,0,0,0,0,-4,1,-12,3,-11,7,-9,10,-7,13,-5,15,-3,18,-1,20,1,23,3,24,5,26,6,26,6,27,6,26,5,26,3,25,1,24,-2,22,-5,20,-8,18,-11,15,-15,12,-20,9,-24,6,-28,3,-32,0,-35]",giovani,unknown,unknown
CSI_DATA,901720,b2:1f:e7:2b:79:66,-42,11,1,7,0,1,1,0,1,0,1,-97,0,1,0,-101167435,0,83,0,128,1,"[83,-80,4,0,15,36,17,36,18,35,19,34,18,33,18,31,17,30,15,29,13,27,10,26,6,25,3,23,-1,22,-4,21,-8,19,-11,18,-14,16,-17,14,-19,13,-21,11,-22,9,-22,8,-22,6,-22,5,-22,4,-6,0,0,0,0,0,0,0,0,0,0,0,0,0,0,0,0,0,0,0,0,3,1,11,-1,10,-5,9,-8,8,-12,7,-15,6,-18,4,-21,3,-23,2,-26,1,-27,0,-28,0,-28,0,-27,1,-27,2,-26,4,-24,7,-22,9,-19,12,-15,15,-12,18,-9,21,-5,25,0,28,4,30,7,32]",giovani,unknown,unknown
CSI_DATA,901722,b2:1f:e7:2b:79:66,-42,11,1,7,0,1,1,0,1,0,1,-97,0,1,0,-101166087,0,83,0,128,1,"[83,-80,4,0,-14,-37,-16,-37,-17,-37,-17,-36,-17,-35,-16,-33,-16,-32,-14,-30,-12,-29,-9,-28,-6,-26,-3,-25,0,-23,4,-22,7,-20,11,-18,14,-17,16,-15,18,-13,20,-12,21,-10,21,-8,21,-7,21,-5,20,-4,5,-1,0,0,0,0,0,0,0,0,0,0,0,0,0,0,0,0,0,0,-1,-3,-1,-12,1,-11,5,-10,8,-8,11,-7,14,-6,17,-4,20,-3,22,-1,24,0,26,1,27,1,27,1,26,0,26,-2,25,-4,23,-6,21,-9,18,-12,15,-15,12,-18,9,-22,5,-25,1,-28,-2,-32,-6,-34]",giovani,unknown,unknown
CSI_DATA,901724,b2:1f:e7:2b:79:66,-38,11,1,7,0,1,1,0,1,0,1,-97,0,1,0,-101151204,0,83,0,128,1,"[83,-80,4,0,9,11,10,11,10,11,10,10,10,10,10,9,10,9,9,9,8,8,6,8,5,8,4,8,2,8,1,8,-1,8,-2,8,-4,8,-5,7,-6,7,-7,6,-7,6,-8,5,-8,5,-8,4,-8,4,-2,1,0,0,0,0,0,0,0,0,0,0,0,0,0,0,0,0,0,0,0,1,1,4,0,4,-2,3,-3,3,-5,3,-6,3,-7,3,-8,3,-9,2,-10,2,-11,2,-12,2,-12,2,-11,2,-11,3,-10,3,-9,4,-8,5,-7,6,-5,6,-3,7,-2,8,0,9,2,10,4,11,6,11]",giovani,unknown,unknown
CSI_DATA,901726,b2:1f:e7:2b:79:66,-42,11,1,7,0,1,1,0,1,0,1,-97,0,1,0,-101150585,0,83,0,128,1,"[83,-80,4,0,20,-34,19,-35,18,-36,17,-35,16,-34,15,-33,15,-32,14,-30,15,-27,15,-24,16,-20,17,-17,18,-13,19,-9,19,-6,20,-2,20,1,20,4,20,7,20,9,19,11,18,12,17,13,15,14,14,14,3,3,0,0,0,0,0,0,0,0,0,0,0,0,0,0,0,0,0,0,2,-3,8,-8,9,-6,10,-2,11,1,12,5,13,8,13,11,14,14,14,17,15,20,15,21,15,22,16,22,16,21,17,19,17,17,18,14,19,11,20,8,20,3,21,-1,21,-6,22,-11,22,-16,22,-21,22,-25]",giovani,unknown,unknown
CSI_DATA,901728,b2:1f:e7:2b:79:66,-38,11,1,7,0,1,1,0,1,0,1,-97,0,1,0,-101140719,0,83,0,128,1,"[83,-80,4,0,8,12,9,12,9,12,9,11,9,11,9,11,8,10,8,10,7,9,5,9,4,9,2,8,1,8,0,8,-2,8,-3,7,-5,7,-6,6,-7,6,-8,5,-8,5,-9,4,-9,3,-9,3,-9,2,-3,0,0,0,0,0,0,0,0,0,0,0,0,0,0,0,0,0,0,0,0,1,1,4,0,4,-2,3,-3,3,-5,3,-6,3,-7,3,-8,3,-9,2,-10,2,-11,2,-12,2,-12,2,-11,2,-11,3,-11,3,-10,4,-8,5,-7,5,-6,6,-4,7,-2,8,-1,9,2,10,4,11,5,11]",giovani,unknown,unknown
CSI_DATA,901730,b2:1f:e7:2b:79:66,-38,11,1,7,0,1,1,0,1,0,1,-97,0,1,0,-101136002,0,83,0,128,1,"[83,-80,4,0,-3,-16,-4,-16,-4,-16,-5,-16,-5,-15,-5,-14,-4,-14,-4,-13,-3,-12,-2,-12,-1,-11,0,-10,1,-9,2,-8,4,-8,5,-7,6,-6,7,-5,8,-5,8,-4,9,-3,9,-2,8,-2,8,-1,8,-1,2,-1,0,0,0,0,0,0,0,0,0,0,0,0,0,0,0,0,0,0,0,-2,0,-5,1,-4,3,-3,4,-2,5,-2,6,-1,7,0,8,1,9,2,9,2,10,3,10,3,10,3,10,3,10,2,10,1,9,0,9,-1,8,-3,7,-4,6,-6,5,-7,4,-9,3,-11,1,-12,1,-13]",giovani,unknown,unknown
CSI_DATA,901732,b2:1f:e7:2b:79:66,-42,11,1,7,0,1,1,0,1,0,1,-97,0,1,0,-101129250,0,83,0,128,1,"[83,-80,4,0,-27,-29,-28,-28,-29,-28,-29,-26,-28,-25,-27,-25,-26,-24,-24,-23,-21,-23,-18,-22,-15,-22,-11,-21,-7,-21,-4,-21,0,-21,4,-20,7,-20,10,-19,13,-18,15,-17,16,-16,17,-14,17,-13,18,-11,18,-10,4,-3,0,0,0,0,0,0,0,0,0,0,0,0,0,0,0,0,0,0,-2,-3,-6,-11,-3,-11,0,-11,4,-11,7,-11,11,-11,14,-11,17,-10,20,-10,22,-10,24,-10,25,-10,25,-10,24,-11,23,-12,21,-13,19,-15,16,-16,12,-18,8,-20,4,-21,0,-23,-4,-25,-9,-26,-14,-28,-17,-29]",giovani,unknown,unknown
CSI_DATA,901734,b2:1f:e7:2b:79:66,-39,11,1,7,0,1,1,0,1,0,1,-97,0,1,0,-101128217,0,83,0,128,1,"[83,-80,4,0,13,-8,12,-9,12,-9,12,-9,12,-9,11,-9,11,-9,10,-8,10,-7,9,-6,9,-4,8,-3,8,-1,8,0,7,2,7,3,6,5,6,6,5,6,5,7,4,7,3,8,3,8,2,8,2,8,0,2,0,0,0,0,0,0,0,0,0,0,0,0,0,0,0,0,0,0,1,-1,4,-2,4,-1,3,1,3,2,3,4,3,5,2,6,2,7,1,8,1,9,1,10,1,10,1,10,1,10,2,10,2,9,3,9,4,8,5,6,6,5,7,3,8,2,9,0,10,-1,11,-3,12,-5]",giovani,unknown,unknown
CSI_DATA,901736,b2:1f:e7:2b:79:66,-40,11,1,7,0,1,1,0,1,0,1,-97,0,1,0,-100989453,0,83,0,128,1,"[83,-80,4,0,-39,24,-39,24,-37,25,-36,24,-34,23,-33,22,-31,20,-29,17,-28,14,-27,10,-26,6,-25,2,-24,-2,-23,-7,-22,-11,-21,-14,-19,-18,-18,-20,-17,-23,-15,-24,-14,-25,-13,-25,-11,-25,-10,-24,-9,-24,-2,-6,0,0,0,0,0,0,0,0,0,0,0,0,0,0,0,0,0,0,-3,0,-9,2,-9,0,-8,-4,-7,-7,-7,-10,-6,-13,-5,-16,-4,-19,-4,-21,-4,-23,-4,-24,-4,-25,-5,-25,-7,-24,-9,-23,-11,-21,-13,-19,-16,-16,-19,-13,-22,-9,-25,-5,-28,-1,-31,4,-33,8,-36,13,-38,16]",giovani,unknown,unknown
CSI_DATA,901738,b2:1f:e7:2b:79:66,-37,11,1,7,0,1,1,0,1,0,1,-97,0,1,0,-100982510,0,83,0,128,1,"[83,-80,4,0,3,-17,2,-17,2,-17,2,-16,2,-15,2,-15,2,-14,2,-13,3,-11,3,-10,4,-9,5,-8,6,-6,7,-5,8,-4,8,-2,9,-1,9,0,9,1,10,1,9,2,9,2,9,3,8,3,8,3,2,0,0,0,0,0,0,0,0,0,0,0,0,0,0,0,0,0,0,0,0,-1,1,-3,2,-2,2,-1,3,0,4,1,4,2,4,3,5,4,5,5,6,5,6,6,6,6,7,5,7,5,7,4,7,3,7,2,7,0,7,-1,7,-3,7,-5,7,-7,6,-9,6,-11,5,-12,5,-14]",giovani,unknown,unknown
CSI_DATA,901740,b2:1f:e7:2b:79:66,-37,11,1,7,0,1,1,0,1,0,1,-97,0,1,0,-100977650,0,83,0,128,1,"[83,-80,4,0,-16,10,-16,10,-15,10,-15,10,-14,10,-13,9,-13,8,-12,7,-12,6,-11,4,-11,3,-11,1,-11,0,-10,-2,-10,-4,-10,-5,-9,-7,-9,-8,-8,-9,-8,-10,-8,-10,-7,-10,-6,-10,-6,-10,-5,-10,-2,-3,0,0,0,0,0,0,0,0,0,0,0,0,0,0,0,0,0,0,-1,0,-4,0,-4,-1,-3,-3,-3,-4,-2,-5,-1,-6,-1,-8,0,-9,0,-9,0,-10,0,-11,0,-11,0,-11,-1,-11,-2,-10,-3,-10,-4,-9,-6,-7,-7,-6,-8,-5,-9,-3,-11,-1,-12,1,-14,2,-15,4,-15,5]",giovani,unknown,unknown
CSI_DATA,901742,b2:1f:e7:2b:79:66,-37,11,1,7,0,1,1,0,1,0,1,-97,0,1,0,-100972224,0,83,0,128,1,"[83,-80,4,0,-4,-19,-5,-19,-5,-18,-5,-17,-5,-17,-5,-16,-4,-15,-3,-14,-2,-13,-1,-12,0,-12,1,-11,3,-10,5,-9,6,-8,7,-7,9,-6,9,-5,10,-5,10,-4,11,-3,11,-3,10,-2,10,-2,10,-2,2,-1,0,0,0,0,0,0,0,0,0,0,0,0,0,0,0,0,0,0,0,-1,0,-4,1,-3,2,-2,3,-1,4,0,5,0,6,1,7,2,8,3,8,3,9,3,9,3,9,3,9,2,9,1,9,0,8,-2,8,-3,7,-5,6,-6,5,-8,4,-10,2,-12,1,-14,0,-15,-1,-17]",giovani,unknown,unknown
CSI_DATA,901744,b2:1f:e7:2b:79:66,-37,11,1,7,0,1,1,0,1,0,1,-97,0,1,0,-100967258,0,83,0,128,1,"[83,-80,4,0,14,7,14,7,14,6,14,6,13,5,12,5,11,5,10,5,9,5,8,6,6,6,5,7,3,7,2,8,1,8,-1,9,-2,9,-3,9,-4,9,-5,9,-5,8,-6,8,-6,8,-6,7,-6,7,-2,1,0,0,0,0,0,0,0,0,0,0,0,0,0,0,0,0,0,0,0,0,2,2,1,2,-1,2,-2,3,-3,3,-4,3,-5,4,-6,4,-7,4,-7,4,-8,5,-8,5,-8,5,-7,5,-7,6,-6,6,-5,7,-3,7,-1,7,0,8,2,8,4,8,6,8,8,8,10,8,11,8]",giovani,unknown,unknown
CSI_DATA,901746,b2:1f:e7:2b:79:66,-37,11,1,7,0,1,1,0,1,0,1,-97,0,1,0,-100962450,0,83,0,128,1,"[83,-80,4,0,16,-8,16,-8,16,-9,15,-8,14,-8,14,-8,13,-7,12,-6,11,-5,10,-4,10,-2,9,-1,9,1,8,3,8,5,7,6,7,7,6,8,6,9,5,10,4,10,4,10,3,10,3,9,2,9,0,2,0,0,0,0,0,0,0,0,0,0,0,0,0,0,0,0,0,0,0,0,3,0,3,1,2,2,1,3,1,4,0,5,-1,6,-1,7,-2,8,-2,9,-2,9,-2,10,-1,10,-1,9,0,9,1,9,2,8,4,7,5,6,7,5,8,3,10,2,11,0,13,-1,14,-3,15,-4]",giovani,unknown,unknown
CSI_DATA,901748,b2:1f:e7:2b:79:66,-37,11,1,7,0,1,1,0,1,0,1,-97,0,1,0,-100957279,0,83,0,128,1,"[83,-80,4,0,-14,-13,-15,-12,-14,-12,-14,-11,-13,-11,-12,-11,-11,-10,-10,-10,-9,-10,-8,-10,-6,-10,-4,-10,-3,-10,-1,-10,1,-10,2,-10,4,-10,5,-10,6,-10,6,-10,7,-9,7,-9,7,-8,7,-8,7,-7,1,-2,0,0,0,0,0,0,0,0,0,0,0,0,0,0,0,0,0,0,-1,-1,-2,-4,-1,-4,1,-3,2,-3,4,-3,5,-3,6,-3,7,-3,8,-3,8,-3,9,-3,9,-3,9,-3,9,-4,8,-5,7,-5,6,-6,5,-7,3,-8,1,-9,-1,-10,-3,-11,-5,-12,-7,-12,-9,-13,-10,-13]",giovani,unknown,unknown
CSI_DATA,901750,b2:1f:e7:2b:79:66,-37,11,1,7,0,1,1,0,1,0,1,-97,0,1,0,-100951863,0,83,0,128,1,"[83,-80,4,0,8,14,8,13,8,13,8,12,8,12,7,11,6,11,5,10,4,10,3,9,2,9,0,8,-2,8,-3,8,-4,7,-6,7,-7,6,-8,6,-9,5,-9,5,-10,4,-10,4,-10,3,-9,3,-9,2,-3,0,0,0,0,0,0,0,0,0,0,0,0,0,0,0,0,0,0,0,0,0,0,3,-1,2,-2,2,-3,1,-4,1,-5,1,-6,0,-7,0,-8,0,-9,0,-9,0,-10,0,-10,0,-9,0,-9,1,-8,2,-8,3,-7,4,-5,5,-4,6,-3,7,-1,9,0,10,2,11,4,12,5,13]",giovani,unknown,unknown
CSI_DATA,901752,b2:1f:e7:2b:79:66,-37,11,1,7,0,1,1,0,1,0,1,-97,0,1,0,-100946364,0,83,0,128,1,"[83,-80,4,0,-19,-1,-19,0,-19,0,-18,0,-17,0,-16,0,-15,0,-14,-1,-13,-1,-12,-2,-11,-3,-10,-5,-9,-6,-7,-7,-6,-9,-5,-10,-4,-11,-3,-11,-2,-12,-1,-12,-1,-12,0,-12,0,-12,1,-11,1,-11,0,-3,0,0,0,0,0,0,0,0,0,0,0,0,0,0,0,0,0,0,-1,-1,-4,-2,-3,-3,-2,-3,-1,-4,0,-5,1,-6,3,-7,4,-7,4,-8,5,-8,5,-9,5,-9,5,-9,4,-9,3,-10,2,-10,0,-9,-1,-9,-3,-9,-5,-8,-7,-7,-9,-7,-11,-6,-13,-5,-15,-5,-16,-4]",giovani,unknown,unknown
CSI_DATA,901754,b2:1f:e7:2b:79:66,-37,11,1,7,0,1,1,0,1,0,1,-97,0,1,0,-100930057,0,83,0,128,1,"[83,-80,4,0,15,8,16,7,15,7,15,6,14,6,13,6,13,6,11,6,10,6,9,6,7,7,5,7,4,8,3,9,1,9,0,10,-2,10,-3,10,-4,10,-5,10,-5,10,-5,10,-6,9,-6,8,-6,8,-2,2,0,0,0,0,0,0,0,0,0,0,0,0,0,0,0,0,0,0,0,0,2,2,1,2,-1,3,-2,3,-3,3,-5,3,-6,3,-7,4,-8,4,-8,4,-9,4,-9,5,-9,5,-8,5,-7,6,-6,6,-5,7,-4,7,-2,8,0,8,2,8,4,9,6,9,9,9,11,9,12,9]",giovani,unknown,unknown
CSI_DATA,901756,b2:1f:e7:2b:79:66,-37,11,1,7,0,1,1,0,1,0,1,-97,0,1,0,-100924777,0,83,0,128,1,"[83,-80,4,0,-1,18,0,18,0,18,0,17,0,16,0,15,-1,14,-1,13,-2,12,-3,11,-4,10,-5,9,-6,8,-8,6,-9,5,-10,4,-11,3,-12,2,-12,1,-12,0,-12,0,-12,-1,-12,-1,-11,-2,-11,-2,-3,-1,0,0,0,0,0,0,0,0,0,0,0,0,0,0,0,0,0,0,-1,0,-2,3,-3,2,-4,1,-4,0,-5,-2,-6,-3,-7,-3,-7,-4,-8,-5,-8,-5,-9,-6,-9,-6,-9,-5,-9,-5,-10,-4,-10,-3,-9,-1,-9,0,-8,2,-8,4,-7,6,-6,8,-6,10,-5,12,-4,14,-3,15]",giovani,unknown,unknown
CSI_DATA,901758,b2:1f:e7:2b:79:66,-36,11,1,7,0,1,1,0,1,0,1,-97,0,1,0,-100918630,0,83,0,128,1,"[83,-80,4,0,16,-1,16,-1,16,-2,15,-2,15,-2,14,-2,13,-1,12,-1,11,0,10,1,9,2,8,3,7,4,6,6,5,7,4,8,3,9,2,9,2,10,1,10,0,10,0,10,-1,9,-1,9,-1,9,-1,2,0,0,0,0,0,0,0,0,0,0,0,0,0,0,0,0,0,0,0,0,2,1,2,1,1,2,0,3,-2,4,-3,4,-3,5,-4,6,-5,6,-5,7,-5,7,-5,7,-5,7,-4,8,-3,8,-3,8,-1,7,0,7,2,7,4,6,6,6,7,5,9,4,11,3,13,3,14,2]",giovani,unknown,unknown
CSI_DATA,901760,b2:1f:e7:2b:79:66,-37,11,1,7,0,1,1,0,1,0,1,-97,0,1,0,-100914048,0,83,0,128,1,"[83,-80,4,0,6,15,7,15,7,14,7,13,7,13,6,12,6,11,5,11,4,10,2,9,1,9,-1,9,-2,8,-4,8,-5,7,-7,7,-8,6,-9,6,-9,5,-10,5,-10,4,-10,4,-10,3,-10,2,-10,2,-3,0,0,0,0,0,0,0,0,0,0,0,0,0,0,0,0,0,0,0,0,0,-1,3,-1,2,-2,2,-4,1,-5,0,-6,0,-7,0,-8,-1,-8,-1,-9,-2,-10,-2,-10,-2,-10,-1,-9,-1,-9,0,-9,1,-8,2,-7,3,-6,5,-5,6,-3,7,-2,9,-1,10,1,12,2,13,3,13]",giovani,unknown,unknown
CSI_DATA,901762,b2:1f:e7:2b:79:66,-40,11,1,7,0,1,1,0,1,0,1,-97,0,1,0,-100909275,0,83,0,128,1,"[83,-80,4,0,-26,-32,-26,-31,-26,-30,-26,-28,-25,-27,-23,-26,-21,-25,-19,-24,-16,-23,-13,-23,-9,-22,-5,-22,-2,-21,2,-21,6,-21,10,-20,12,-19,15,-18,17,-18,18,-17,19,-16,20,-15,19,-13,19,-12,19,-11,4,-3,0,0,0,0,0,0,0,0,0,0,0,0,0,0,0,0,0,0,-1,-2,-3,-8,0,-7,3,-6,6,-5,8,-5,11,-4,13,-4,16,-3,18,-3,20,-3,21,-3,21,-3,21,-4,20,-5,19,-7,17,-9,15,-12,12,-14,8,-16,5,-19,1,-21,-3,-24,-7,-26,-11,-28,-15,-30,-18,-31]",giovani,unknown,unknown
CSI_DATA,901764,b2:1f:e7:2b:79:66,-37,11,1,7,0,1,1,0,1,0,1,-97,0,1,0,-100903525,0,83,0,128,1,"[83,-80,4,0,-15,-9,-15,-9,-15,-8,-14,-8,-14,-7,-13,-7,-12,-7,-11,-7,-10,-7,-9,-7,-7,-8,-6,-8,-4,-8,-3,-9,-2,-10,0,-10,1,-10,2,-10,3,-10,4,-10,4,-10,5,-10,5,-9,5,-9,5,-8,1,-2,0,0,0,0,0,0,0,0,0,0,0,0,0,0,0,0,0,0,-1,-1,-2,-3,-1,-3,0,-3,1,-3,2,-4,4,-4,4,-4,5,-4,6,-4,7,-4,7,-4,7,-5,7,-5,7,-5,6,-6,5,-6,4,-7,2,-7,1,-8,-1,-8,-3,-9,-4,-9,-6,-9,-8,-10,-10,-10,-12,-9]",giovani,unknown,unknown
CSI_DATA,901766,b2:1f:e7:2b:79:66,-37,11,1,7,0,1,1,0,1,0,1,-97,0,1,0,-100898343,0,83,0,128,1,"[83,-80,4,0,15,-4,15,-4,15,-4,14,-4,14,-4,13,-4,13,-3,12,-2,11,-1,10,0,9,1,8,2,7,3,7,5,6,6,5,7,4,8,3,9,2,9,2,10,1,10,0,10,0,10,0,9,-1,9,-1,2,0,0,0,0,0,0,0,0,0,0,0,0,0,0,0,0,0,0,0,0,3,0,2,1,1,1,1,2,0,4,-1,5,-2,6,-2,6,-3,7,-3,7,-3,8,-3,8,-3,8,-2,8,-1,8,-1,8,0,7,2,7,3,6,5,5,7,4,8,3,10,2,11,1,13,0,14,-1]",giovani,unknown,unknown
CSI_DATA,901768,b2:1f:e7:2b:79:66,-37,11,1,7,0,1,1,0,1,0,1,-97,0,1,0,-100893663,0,83,0,128,1,"[83,-80,4,0,10,12,10,12,10,11,10,11,10,10,9,10,8,9,7,9,6,8,5,8,3,8,2,8,0,8,-1,8,-2,8,-4,8,-5,8,-6,8,-7,7,-8,7,-8,7,-8,6,-8,6,-8,5,-8,5,-2,1,0,0,0,0,0,0,0,0,0,0,0,0,0,0,0,0,0,0,0,0,0,2,-1,2,-2,2,-3,2,-4,1,-5,1,-6,1,-7,1,-8,0,-9,0,-9,0,-9,1,-9,1,-9,1,-9,2,-8,3,-7,4,-6,5,-4,6,-3,7,-1,8,0,9,2,10,4,11,6,11,7,12]",giovani,unknown,unknown
CSI_DATA,901770,b2:1f:e7:2b:79:66,-37,11,1,7,0,1,1,0,1,0,1,-97,0,1,0,-100888717,0,83,0,128,1,"[83,-80,4,0,-8,14,-8,14,-7,14,-7,14,-7,13,-7,12,-6,11,-6,10,-7,9,-7,8,-7,6,-8,5,-8,3,-9,2,-10,0,-10,-1,-10,-2,-10,-3,-10,-4,-10,-5,-10,-5,-10,-6,-9,-6,-8,-6,-8,-6,-2,-2,0,0,0,0,0,0,0,0,0,0,0,0,0,0,0,0,0,0,-1,0,-3,1,-3,1,-3,-1,-4,-2,-4,-3,-4,-4,-4,-5,-4,-6,-4,-7,-5,-8,-5,-8,-5,-8,-6,-8,-6,-7,-6,-7,-7,-6,-7,-4,-8,-3,-8,-2,-8,0,-9,2,-9,4,-9,6,-9,8,-9,10,-9,11]",giovani,unknown,unknown
CSI_DATA,901772,b2:1f:e7:2b:79:66,-37,11,1,7,0,1,1,0,1,0,1,-97,0,1,0,-100883463,0,83,0,128,1,"[83,-80,4,0,11,-15,10,-15,10,-15,9,-15,9,-14,8,-14,8,-13,8,-12,8,-10,8,-9,8,-7,8,-6,9,-4,9,-2,10,0,10,1,10,2,10,3,10,4,10,5,10,6,9,6,8,6,8,6,7,6,1,1,0,0,0,0,0,0,0,0,0,0,0,0,0,0,0,0,0,0,0,-1,3,-2,3,-1,3,0,2,2,2,3,2,4,2,6,2,7,2,8,2,8,3,9,3,9,3,9,4,8,5,8,5,7,6,5,7,4,8,2,8,1,9,-1,10,-4,10,-6,11,-8,11,-10,12,-11]",giovani,unknown,unknown
CSI_DATA,901774,b2:1f:e7:2b:79:66,-37,11,1,7,0,1,1,0,1,0,1,-97,0,1,0,-100875569,0,83,0,128,1,"[83,-80,4,0,1,-19,1,-19,1,-19,0,-18,0,-17,0,-16,0,-16,1,-15,1,-13,2,-12,3,-11,5,-10,6,-8,7,-7,8,-6,9,-5,10,-4,11,-3,11,-2,12,-1,12,-1,11,0,11,1,10,1,10,1,2,0,0,0,0,0,0,0,0,0,0,0,0,0,0,0,0,0,0,0,0,-1,2,-3,2,-2,3,-1,3,0,4,1,4,2,5,3,5,4,6,5,6,6,7,6,7,6,7,6,8,5,8,4,8,3,8,1,8,0,8,-2,7,-4,7,-6,6,-8,6,-11,5,-13,5,-14,4,-16]",giovani,unknown,unknown
CSI_DATA,901776,b2:1f:e7:2b:79:66,-37,11,1,7,0,1,1,0,1,0,1,-97,0,1,0,-100870750,0,83,0,128,1,"[83,-80,4,0,5,17,5,17,6,17,6,16,5,15,5,14,4,14,4,13,3,12,1,11,0,10,-2,10,-3,9,-5,8,-7,8,-8,7,-9,6,-10,6,-11,5,-11,4,-12,4,-12,4,-11,3,-11,2,-11,2,-3,0,0,0,0,0,0,0,0,0,0,0,0,0,0,0,0,0,0,0,-1,0,-1,3,-2,2,-3,1,-4,0,-5,-1,-6,-1,-7,-2,-8,-3,-8,-4,-9,-4,-10,-4,-10,-4,-10,-4,-10,-3,-10,-2,-10,-1,-9,1,-8,2,-7,4,-6,5,-5,7,-4,9,-3,11,-1,13,0,15,2,16]",giovani,unknown,unknown
CSI_DATA,901778,b2:1f:e7:2b:79:66,-37,11,1,7,0,1,1,0,1,0,1,-97,0,1,0,-100865731,0,83,0,128,1,"[83,-80,4,0,-33,14,-32,15,-31,16,-30,15,-29,15,-27,14,-26,12,-25,11,-23,9,-22,6,-21,3,-20,0,-19,-4,-18,-7,-17,-10,-16,-13,-15,-15,-13,-17,-13,-19,-12,-20,-11,-21,-10,-21,-9,-21,-7,-20,-7,-19,-2,-5,0,0,0,0,0,0,0,0,0,0,0,0,0,0,0,0,0,0,-2,0,-7,-1,-6,-2,-5,-5,-4,-7,-2,-9,-1,-12,0,-13,2,-15,2,-17,3,-18,3,-19,3,-19,2,-19,1,-19,-1,-19,-3,-18,-5,-16,-8,-14,-11,-12,-14,-10,-17,-7,-20,-4,-23,0,-26,2,-28,5,-30,8]",giovani,unknown,unknown
CSI_DATA,901780,b2:1f:e7:2b:79:66,-41,11,1,7,0,1,1,0,1,0,1,-97,0,1,0,-100859986,0,83,0,128,1,"[83,-80,4,0,37,-22,37,-23,35,-23,34,-23,33,-21,31,-20,30,-18,28,-15,27,-13,25,-10,24,-6,23,-2,22,2,21,7,20,11,19,14,17,17,15,20,14,22,13,23,11,24,10,24,9,23,8,23,7,22,1,5,0,0,0,0,0,0,0,0,0,0,0,0,0,0,0,0,0,0,1,-1,7,-2,6,0,6,3,5,6,4,9,3,12,1,15,1,17,0,19,1,21,1,22,2,22,3,22,4,22,6,21,7,19,9,17,12,14,16,11,19,8,22,5,25,0,27,-4,30,-9,33,-13,35,-17]",giovani,unknown,unknown
CSI_DATA,901782,b2:1f:e7:2b:79:66,-37,11,1,7,0,1,1,0,1,0,1,-97,0,1,0,-100853659,0,83,0,128,1,"[83,-80,4,0,16,2,16,2,15,1,15,1,14,1,14,1,13,1,12,1,11,2,9,2,8,3,7,4,6,5,5,7,4,8,3,9,2,9,1,9,0,10,-1,10,-2,10,-2,10,-2,9,-3,9,-3,9,-1,2,0,0,0,0,0,0,0,0,0,0,0,0,0,0,0,0,0,0,0,0,2,1,1,2,0,2,-1,3,-2,3,-3,4,-4,5,-5,5,-5,5,-6,6,-7,6,-7,6,-6,6,-5,7,-5,7,-4,7,-3,7,-1,7,1,7,3,7,4,6,6,6,8,6,10,5,12,4,13,4]",giovani,unknown,unknown
CSI_DATA,901784,b2:1f:e7:2b:79:66,-37,11,1,7,0,1,1,0,1,0,1,-97,0,1,0,-100849138,0,83,0,128,1,"[83,-80,4,0,-10,-17,-10,-17,-10,-16,-10,-15,-10,-14,-9,-14,-8,-13,-7,-13,-6,-12,-5,-12,-3,-11,-2,-11,0,-10,2,-10,4,-10,5,-10,6,-9,7,-9,8,-8,9,-8,9,-8,9,-7,9,-6,9,-6,9,-5,2,-2,0,0,0,0,0,0,0,0,0,0,0,0,0,0,0,0,0,0,-1,-1,-1,-4,0,-4,2,-3,3,-2,4,-1,5,-1,6,-1,7,0,8,0,9,1,9,1,9,0,9,0,9,-1,9,-2,8,-3,8,-4,6,-5,5,-7,4,-8,2,-9,1,-11,-1,-12,-3,-14,-5,-15,-6,-16]",giovani,unknown,unknown
CSI_DATA,901786,b2:1f:e7:2b:79:66,-41,11,1,7,0,1,1,0,1,0,1,-97,0,1,0,-100844091,0,83,0,128,1,"[83,-80,4,0,39,-19,38,-20,37,-21,35,-20,34,-20,33,-19,31,-17,29,-14,27,-12,26,-8,25,-5,23,-1,22,3,21,8,20,11,19,15,17,18,16,20,14,22,13,23,12,24,10,24,9,24,8,23,7,23,1,5,0,0,0,0,0,0,0,0,0,0,0,0,0,0,0,0,0,0,1,-1,7,-1,6,1,5,4,4,7,2,10,1,13,-1,15,-2,17,-2,19,-3,21,-3,22,-2,23,-1,22,1,22,2,21,4,20,7,18,10,15,14,13,18,10,21,6,25,3,28,-2,31,-6,34,-10,36,-13]",giovani,unknown,unknown
CSI_DATA,901788,b2:1f:e7:2b:79:66,-37,11,1,7,0,1,1,0,1,0,1,-97,0,1,0,-100827028,0,83,0,128,1,"[83,-80,4,0,-18,-2,-19,-1,-18,-1,-17,-1,-17,0,-16,-1,-15,-1,-14,-2,-12,-2,-11,-3,-10,-4,-9,-5,-8,-6,-7,-8,-6,-9,-5,-10,-3,-11,-3,-11,-2,-12,-1,-12,-1,-12,0,-12,0,-11,1,-11,1,-11,0,-3,0,0,0,0,0,0,0,0,0,0,0,0,0,0,0,0,0,0,-1,-1,-3,-2,-2,-3,-1,-3,0,-4,1,-4,2,-5,3,-6,4,-6,5,-7,6,-7,6,-8,6,-8,6,-8,5,-8,4,-9,3,-9,1,-9,0,-9,-2,-9,-4,-8,-6,-7,-8,-7,-10,-6,-12,-6,-14,-5,-15,-5]",giovani,unknown,unknown
CSI_DATA,901790,b2:1f:e7:2b:79:66,-37,11,1,7,0,1,1,0,1,0,1,-97,0,1,0,-100821035,0,83,0,128,1,"[83,-80,4,0,-17,-1,-17,-1,-17,-1,-16,0,-16,0,-15,0,-14,-1,-13,-1,-12,-2,-11,-3,-10,-4,-9,-5,-8,-6,-7,-7,-5,-8,-4,-9,-3,-10,-2,-10,-2,-11,-1,-11,-1,-11,0,-11,0,-11,1,-10,1,-10,0,-3,0,0,0,0,0,0,0,0,0,0,0,0,0,0,0,0,0,0,-1,-1,-3,-2,-3,-2,-1,-3,-1,-4,0,-4,1,-5,2,-6,3,-6,4,-7,4,-7,5,-8,5,-8,4,-8,3,-8,2,-8,1,-8,0,-8,-1,-8,-3,-8,-5,-7,-6,-7,-8,-6,-10,-5,-12,-5,-13,-4,-14,-3]",giovani,unknown,unknown
CSI_DATA,901792,b2:1f:e7:2b:79:66,-37,11,1,7,0,1,1,0,1,0,1,-97,0,1,0,-100815693,0,83,0,128,1,"[83,-80,4,0,-10,14,-9,14,-8,14,-8,13,-7,13,-7,12,-7,11,-7,10,-7,9,-7,8,-8,6,-8,5,-9,3,-9,2,-10,0,-10,-1,-10,-2,-10,-3,-10,-4,-10,-5,-10,-5,-10,-6,-9,-6,-9,-6,-8,-6,-2,-2,0,0,0,0,0,0,0,0,0,0,0,0,0,0,0,0,0,0,-1,0,-3,1,-3,0,-3,-1,-4,-2,-3,-3,-3,-5,-4,-6,-4,-6,-4,-7,-4,-8,-4,-8,-5,-9,-5,-8,-6,-8,-6,-7,-6,-6,-7,-5,-8,-4,-8,-2,-8,0,-9,1,-9,3,-9,6,-10,7,-10,9,-10,11]",giovani,unknown,unknown
CSI_DATA,901794,b2:1f:e7:2b:79:66,-37,11,1,7,0,1,1,0,1,0,1,-97,0,1,0,-100810448,0,83,0,128,1,"[83,-80,4,0,-6,15,-5,16,-5,16,-4,15,-4,14,-4,13,-4,12,-4,11,-5,10,-5,9,-6,7,-7,6,-8,5,-9,4,-9,2,-10,1,-10,0,-11,-1,-11,-2,-11,-3,-11,-3,-11,-4,-10,-4,-10,-4,-9,-4,-3,-1,0,0,0,0,0,0,0,0,0,0,0,0,0,0,0,0,0,0,-1,0,-2,2,-3,1,-3,-1,-4,-2,-4,-3,-4,-4,-5,-5,-5,-6,-5,-7,-6,-7,-6,-8,-6,-8,-7,-7,-7,-7,-7,-6,-8,-5,-8,-4,-8,-2,-8,-1,-8,1,-8,3,-8,5,-8,8,-8,9,-7,11,-7,12]",giovani,unknown,unknown
CSI_DATA,901796,b2:1f:e7:2b:79:66,-36,11,1,7,0,1,1,0,1,0,1,-97,0,1,0,-100805297,0,83,0,128,1,"[83,-80,4,0,16,1,16,0,16,0,15,0,15,0,14,0,13,0,12,0,11,1,10,2,9,3,8,4,6,5,6,6,4,7,3,8,2,9,1,10,1,10,0,10,0,10,-1,10,-1,10,-2,9,-2,9,-1,2,0,0,0,0,0,0,0,0,0,0,0,0,0,0,0,0,0,0,0,0,2,1,1,1,0,2,-1,3,-2,3,-3,4,-4,5,-5,5,-5,5,-6,6,-6,6,-6,6,-6,7,-5,7,-4,7,-3,7,-2,7,0,7,1,7,3,7,5,6,7,6,9,5,11,4,13,4,14,3]",giovani,unknown,unknown
CSI_DATA,901798,b2:1f:e7:2b:79:66,-37,11,1,7,0,1,1,0,1,0,1,-97,0,1,0,-100800676,0,83,0,128,1,"[83,-80,4,0,-11,-14,-11,-14,-11,-13,-11,-13,-10,-12,-10,-11,-9,-11,-8,-10,-7,-10,-6,-10,-4,-10,-3,-10,-1,-10,0,-10,2,-10,3,-9,5,-9,5,-9,6,-9,7,-9,7,-8,7,-8,7,-7,7,-7,7,-6,1,-2,0,0,0,0,0,0,0,0,0,0,0,0,0,0,0,0,0,0,-1,-1,-1,-4,0,-3,1,-3,2,-2,3,-2,4,-1,5,-1,6,0,7,0,8,0,8,0,8,0,8,-1,8,-1,8,-2,7,-3,7,-4,5,-5,4,-6,2,-8,1,-9,0,-10,-2,-11,-4,-12,-5,-13,-6,-13]",giovani,unknown,unknown
CSI_DATA,901800,b2:1f:e7:2b:79:66,-40,11,1,7,0,1,1,0,1,0,1,-97,0,1,0,-100795563,0,83,0,128,1,"[83,-80,4,0,4,43,5,43,6,42,6,40,6,38,5,36,4,34,3,32,0,30,-2,27,-6,25,-9,22,-12,19,-15,17,-19,15,-22,12,-24,10,-25,8,-27,6,-28,5,-28,3,-28,2,-27,1,-25,0,-24,-1,-6,-1,0,0,0,0,0,0,0,0,0,0,0,0,0,0,0,0,0,0,-1,1,-3,7,-4,5,-7,2,-9,0,-11,-3,-13,-4,-15,-6,-16,-8,-18,-10,-20,-11,-21,-11,-21,-11,-22,-10,-21,-8,-21,-6,-21,-3,-20,0,-19,4,-18,8,-16,12,-14,17,-12,22,-9,27,-7,31,-4,35,-2,38]",giovani,unknown,unknown
CSI_DATA,901802,b2:1f:e7:2b:79:66,-40,11,1,7,0,1,1,0,1,0,1,-97,0,1,0,-100790117,0,83,0,128,1,"[83,-80,4,0,39,-19,39,-20,37,-20,36,-20,35,-19,33,-18,31,-16,29,-14,28,-11,26,-8,25,-4,24,0,22,4,21,8,20,12,19,15,17,18,16,20,14,22,13,24,12,24,10,24,9,24,8,23,7,23,1,5,0,0,0,0,0,0,0,0,0,0,0,0,0,0,0,0,0,0,1,-1,7,-1,6,2,4,4,3,7,1,10,0,13,-2,15,-3,17,-4,19,-4,21,-4,22,-4,23,-3,23,-1,22,1,21,3,20,6,18,10,16,13,13,17,10,21,7,24,3,28,-1,31,-5,34,-8,36,-12]",giovani,unknown,unknown
CSI_DATA,901804,b2:1f:e7:2b:79:66,-37,11,1,7,0,1,1,0,1,0,1,-97,0,1,0,-100784870,0,83,0,128,1,"[83,-80,4,0,-19,3,-19,3,-18,3,-18,3,-17,3,-16,3,-15,3,-14,2,-13,1,-12,0,-11,-2,-10,-3,-10,-5,-9,-6,-8,-8,-7,-9,-6,-10,-6,-11,-5,-12,-4,-12,-4,-12,-3,-12,-3,-12,-2,-11,-2,-11,-1,-3,0,0,0,0,0,0,0,0,0,0,0,0,0,0,0,0,0,0,-1,-1,-3,-2,-3,-2,-2,-3,-1,-4,0,-5,1,-6,2,-7,3,-7,4,-8,4,-9,4,-9,4,-10,4,-10,3,-10,2,-10,1,-10,-1,-9,-2,-9,-4,-8,-6,-7,-8,-6,-10,-5,-12,-4,-14,-3,-15,-2,-16,-1]",giovani,unknown,unknown
CSI_DATA,901806,b2:1f:e7:2b:79:66,-37,11,1,7,0,1,1,0,1,0,1,-97,0,1,0,-100779481,0,83,0,128,1,"[83,-80,4,0,-19,-5,-19,-5,-18,-4,-18,-4,-17,-3,-16,-3,-15,-4,-14,-4,-13,-4,-11,-5,-10,-6,-9,-7,-7,-8,-6,-9,-4,-10,-3,-11,-2,-12,-1,-12,0,-12,1,-12,2,-12,2,-12,2,-12,3,-11,3,-10,0,-3,0,0,0,0,0,0,0,0,0,0,0,0,0,0,0,0,0,0,-1,-1,-3,-3,-2,-3,-1,-3,0,-4,2,-5,3,-5,4,-5,5,-6,6,-6,7,-6,7,-7,7,-7,7,-8,6,-8,5,-8,4,-9,3,-9,1,-9,-1,-9,-3,-9,-5,-9,-7,-9,-10,-8,-12,-8,-14,-7,-15,-7]",giovani,unknown,unknown
CSI_DATA,901808,b2:1f:e7:2b:79:66,-40,11,1,7,0,1,1,0,1,0,1,-97,0,1,0,-100773673,0,83,0,128,1,"[83,-80,4,0,-41,-17,-41,-16,-41,-15,-39,-14,-38,-14,-36,-13,-33,-13,-31,-14,-27,-15,-24,-16,-20,-17,-17,-19,-13,-21,-9,-22,-5,-24,-1,-25,2,-26,5,-27,7,-27,9,-27,10,-26,11,-25,12,-24,12,-23,12,-21,3,-6,0,0,0,0,0,0,0,0,0,0,0,0,0,0,0,0,0,0,-2,-2,-6,-6,-4,-6,-1,-7,3,-8,6,-9,9,-10,11,-11,14,-12,16,-12,17,-13,18,-14,18,-15,17,-15,16,-16,14,-17,11,-18,8,-19,4,-20,0,-20,-5,-21,-10,-21,-15,-21,-20,-21,-26,-21,-31,-20,-34,-20]",giovani,unknown,unknown
CSI_DATA,901810,b2:1f:e7:2b:79:66,-37,11,1,7,0,1,1,0,1,0,1,-97,0,1,0,-100767645,0,83,0,128,1,"[83,-80,4,0,7,16,8,16,8,16,8,15,7,14,7,14,6,13,5,12,4,12,3,11,1,10,-1,10,-3,9,-4,9,-6,9,-7,8,-9,7,-10,6,-10,6,-11,5,-12,5,-12,4,-11,4,-11,3,-11,3,-3,0,0,0,0,0,0,0,0,0,0,0,0,0,0,0,0,0,0,0,0,0,0,3,-1,2,-3,2,-4,1,-5,0,-6,0,-7,-1,-8,-1,-9,-2,-10,-2,-11,-2,-11,-2,-11,-1,-10,-1,-10,0,-10,2,-9,3,-8,4,-7,5,-5,7,-4,8,-2,10,0,11,1,13,3,14,4,15]",giovani,unknown,unknown
CSI_DATA,901812,b2:1f:e7:2b:79:66,-37,11,1,7,0,1,1,0,1,0,1,-97,0,1,0,-100767377,0,83,0,128,1,"[83,-80,4,0,11,14,12,14,12,13,11,12,11,12,10,11,9,11,8,10,7,10,5,9,4,9,2,10,0,10,-2,10,-3,10,-5,10,-6,9,-7,9,-8,9,-9,8,-9,8,-10,7,-10,7,-9,6,-9,5,-3,1,0,0,0,0,0,0,0,0,0,0,0,0,0,0,0,0,0,0,0,0,1,3,0,2,-2,2,-3,2,-5,1,-6,1,-7,1,-8,0,-9,0,-10,0,-11,0,-11,1,-10,1,-10,2,-10,2,-9,3,-8,5,-7,5,-5,7,-3,8,-1,9,1,10,2,11,4,12,6,13,8,14]",giovani,unknown,unknown
CSI_DATA,901814,b2:1f:e7:2b:79:66,-37,11,1,7,0,1,1,0,1,0,1,-97,0,1,0,-100757687,0,83,0,128,1,"[83,-80,4,0,-11,12,-11,13,-10,13,-9,12,-9,12,-9,11,-8,10,-8,9,-8,8,-8,7,-9,5,-9,4,-9,2,-10,1,-10,-1,-10,-2,-10,-4,-10,-5,-10,-6,-10,-6,-9,-7,-9,-7,-8,-7,-8,-7,-8,-7,-2,-2,0,0,0,0,0,0,0,0,0,0,0,0,0,0,0,0,0,0,-1,0,-3,1,-3,0,-3,-2,-3,-3,-3,-4,-3,-5,-3,-6,-2,-7,-2,-8,-3,-8,-3,-9,-3,-9,-3,-9,-4,-9,-5,-8,-6,-7,-6,-6,-7,-5,-7,-3,-8,-2,-9,0,-9,2,-10,4,-11,6,-11,8,-11,9]",giovani,unknown,unknown
CSI_DATA,901816,b2:1f:e7:2b:79:66,-37,11,1,7,0,1,1,0,1,0,1,-97,0,1,0,-100752324,0,83,0,128,1,"[83,-80,4,0,-19,-5,-19,-4,-19,-4,-18,-3,-17,-3,-16,-3,-15,-3,-14,-4,-13,-4,-12,-5,-10,-6,-9,-7,-8,-8,-6,-9,-5,-10,-3,-11,-2,-12,-1,-12,0,-13,0,-13,1,-13,1,-12,2,-12,2,-11,2,-11,0,-3,0,0,0,0,0,0,0,0,0,0,0,0,0,0,0,0,0,0,-1,-1,-3,-3,-2,-3,-1,-4,1,-4,2,-4,3,-5,4,-5,5,-6,6,-6,7,-6,7,-7,7,-7,7,-7,6,-8,5,-8,4,-9,3,-9,1,-9,-1,-9,-3,-9,-5,-9,-7,-8,-10,-8,-12,-8,-14,-7,-15,-7]",giovani,unknown,unknown
CSI_DATA,901818,b2:1f:e7:2b:79:66,-37,11,1,7,0,1,1,0,1,0,1,-97,0,1,0,-100747017,0,83,0,128,1,"[83,-80,4,0,15,-6,15,-6,15,-6,14,-6,14,-6,13,-6,12,-5,11,-4,11,-3,10,-2,9,0,9,1,8,2,7,4,7,5,6,7,5,8,5,9,4,9,3,10,3,10,2,10,2,10,1,9,1,9,0,2,0,0,0,0,0,0,0,0,0,0,0,0,0,0,0,0,0,0,0,-1,2,0,2,0,1,1,1,2,0,4,-1,5,-1,6,-2,6,-2,7,-2,8,-2,8,-2,9,-2,8,-1,8,-1,8,0,8,1,7,3,6,4,5,6,4,7,3,9,2,10,1,12,-1,13,-2,14,-3]",giovani,unknown,unknown
CSI_DATA,901820,b2:1f:e7:2b:79:66,-40,11,1,7,0,1,1,0,1,0,1,-97,0,1,0,-100741285,0,83,0,128,1,"[83,-80,4,0,41,-13,41,-14,40,-15,38,-15,37,-14,35,-13,33,-12,31,-9,29,-7,27,-4,25,0,23,3,22,7,20,11,19,15,16,18,15,21,13,23,11,25,10,26,8,26,7,26,6,25,4,24,4,24,0,6,0,0,0,0,0,0,0,0,0,0,0,0,0,0,0,0,0,0,1,0,7,0,5,2,4,4,2,7,0,10,-2,13,-4,15,-5,17,-6,19,-6,20,-7,21,-6,22,-5,22,-3,22,-1,21,1,20,4,19,8,17,12,15,16,12,20,9,24,6,27,3,32,-1,35,-4,38,-7]",giovani,unknown,unknown
CSI_DATA,901822,b2:1f:e7:2b:79:66,-37,11,1,7,0,1,1,0,1,0,1,-97,0,1,0,-100725945,0,83,0,128,1,"[83,-80,4,0,-14,-10,-14,-10,-14,-10,-14,-9,-13,-9,-12,-8,-11,-8,-11,-8,-9,-8,-8,-8,-6,-9,-5,-9,-4,-9,-2,-9,0,-10,1,-10,2,-10,3,-10,4,-10,5,-10,5,-10,5,-10,5,-9,5,-9,6,-8,1,-2,0,0,0,0,0,0,0,0,0,0,0,0,0,0,0,0,0,0,-1,-1,-2,-3,-1,-3,0,-3,2,-3,3,-3,4,-3,5,-3,6,-3,7,-3,7,-3,8,-3,8,-3,8,-4,7,-4,7,-5,6,-5,5,-6,3,-7,2,-8,0,-8,-2,-9,-3,-9,-5,-10,-7,-10,-9,-11,-10,-11]",giovani,unknown,unknown
CSI_DATA,901824,b2:1f:e7:2b:79:66,-36,11,1,7,0,1,1,0,1,0,1,-97,0,1,0,-100720142,0,83,0,128,1,"[83,-80,4,0,-17,2,-17,2,-17,2,-16,3,-16,3,-15,2,-14,2,-13,1,-12,0,-11,-1,-11,-2,-10,-3,-9,-4,-8,-6,-7,-7,-7,-8,-6,-9,-5,-10,-5,-11,-4,-11,-4,-11,-3,-11,-3,-11,-2,-11,-2,-10,-1,-3,0,0,0,0,0,0,0,0,0,0,0,0,0,0,0,0,0,0,-1,-1,-3,-2,-3,-2,-2,-3,-1,-4,0,-5,1,-5,2,-6,3,-6,4,-7,4,-8,4,-8,4,-8,4,-9,3,-9,2,-9,1,-9,0,-8,-2,-8,-4,-8,-5,-7,-7,-6,-9,-5,-11,-4,-12,-3,-14,-2,-15,-2]",giovani,unknown,unknown
CSI_DATA,901826,b2:1f:e7:2b:79:66,-36,11,1,7,0,1,1,0,1,0,1,-97,0,1,0,-100714305,0,83,0,128,1,"[83,-80,4,0,14,9,14,9,14,9,13,8,13,8,12,7,11,7,10,7,9,7,7,7,5,8,4,8,2,8,1,9,-1,9,-2,9,-3,9,-4,9,-5,9,-6,9,-7,9,-7,8,-7,8,-7,7,-7,7,-2,1,0,0,0,0,0,0,0,0,0,0,0,0,0,0,0,0,0,0,0,0,1,2,0,2,-1,2,-2,2,-4,2,-5,2,-6,3,-7,3,-8,3,-9,3,-9,3,-9,4,-9,4,-8,4,-8,5,-7,5,-6,6,-4,6,-2,7,-1,7,1,8,3,8,5,9,7,9,9,10,11,10]",giovani,unknown,unknown
CSI_DATA,901828,b2:1f:e7:2b:79:66,-36,11,1,7,0,1,1,0,1,0,1,-97,0,1,0,-100709663,0,83,0,128,1,"[83,-80,4,0,12,-12,12,-12,12,-12,11,-12,10,-11,10,-11,10,-10,9,-9,9,-8,9,-6,9,-5,9,-3,9,-1,9,0,9,2,9,3,8,5,8,6,8,6,8,7,7,8,7,8,6,8,5,8,5,8,1,2,0,0,0,0,0,0,0,0,0,0,0,0,0,0,0,0,0,0,0,-1,2,-1,2,-1,2,1,1,2,1,3,1,5,1,6,0,7,0,8,0,8,0,9,1,9,1,9,2,8,2,8,3,7,4,6,5,5,6,3,7,2,8,0,9,-2,10,-4,11,-5,12,-7,12,-9]",giovani,unknown,unknown
CSI_DATA,901830,b2:1f:e7:2b:79:66,-40,11,1,7,0,1,1,0,1,0,1,-97,0,1,0,-100704825,0,83,0,128,1,"[83,-80,4,0,18,-36,17,-36,16,-36,15,-35,14,-34,14,-32,14,-30,14,-27,14,-25,15,-21,16,-18,18,-14,19,-10,20,-7,22,-3,23,0,23,3,23,6,23,8,23,9,23,11,22,12,20,12,19,12,18,12,4,3,0,0,0,0,0,0,0,0,0,0,0,0,0,0,0,0,0,0,1,-2,4,-5,5,-3,5,0,6,3,7,6,7,9,7,11,8,13,9,15,9,17,10,18,11,18,11,17,12,16,13,14,14,11,15,8,16,5,17,1,18,-3,18,-7,19,-12,20,-17,20,-22,20,-26,20,-29]",giovani,unknown,unknown
CSI_DATA,901832,b2:1f:e7:2b:79:66,-37,11,1,7,0,1,1,0,1,0,1,-97,0,1,0,-100699588,0,83,0,128,1,"[83,-80,4,0,-2,-36,-3,-37,-4,-36,-4,-35,-4,-33,-3,-32,-3,-30,-2,-28,0,-26,2,-23,4,-21,7,-19,10,-17,12,-15,15,-13,18,-11,19,-9,21,-7,22,-6,23,-4,23,-3,23,-2,22,-1,21,0,21,0,5,0,0,0,0,0,0,0,0,0,0,0,0,0,0,0,0,0,0,0,0,-2,2,-6,3,-4,5,-2,7,0,8,2,9,5,11,7,12,8,13,10,14,11,15,11,16,11,16,10,16,9,16,7,16,5,16,1,16,-2,15,-5,13,-9,12,-13,10,-17,9,-22,7,-25,5,-29,4,-32]",giovani,unknown,unknown
CSI_DATA,901834,b2:1f:e7:2b:79:66,-37,11,1,7,0,1,1,0,1,0,1,-97,0,1,0,-100694400,0,83,0,128,1,"[83,-80,4,0,28,22,29,21,28,20,28,19,27,18,25,18,23,17,21,17,18,16,15,16,12,17,9,17,5,18,1,19,-2,20,-5,20,-8,20,-10,20,-12,20,-13,20,-14,19,-15,18,-15,17,-15,16,-15,15,-4,3,0,0,0,0,0,0,0,0,0,0,0,0,0,0,0,0,0,0,0,1,2,5,0,5,-3,5,-6,4,-9,4,-11,4,-14,4,-16,3,-17,3,-19,3,-20,3,-20,4,-20,5,-19,6,-17,7,-15,9,-13,11,-10,12,-7,14,-3,16,1,17,5,18,9,20,14,21,18,22,21,23]",giovani,unknown,unknown
CSI_DATA,901836,b2:1f:e7:2b:79:66,-36,11,1,7,0,1,1,0,1,0,1,-97,0,1,0,-100689158,0,83,0,128,1,"[83,-80,4,0,5,15,5,15,6,15,6,14,5,13,5,13,4,12,4,11,3,10,2,10,0,9,-2,9,-3,9,-4,8,-6,8,-7,7,-8,6,-9,6,-10,5,-10,5,-10,4,-10,4,-10,3,-10,3,-10,2,-3,0,0,0,0,0,0,0,0,0,0,0,0,0,0,0,0,0,0,0,-1,0,-1,2,-2,2,-3,1,-4,0,-5,-1,-6,-1,-6,-2,-7,-2,-8,-3,-9,-3,-9,-3,-9,-3,-9,-3,-9,-2,-9,-1,-9,0,-8,1,-8,2,-6,4,-5,5,-4,7,-3,8,-2,10,0,11,1,13,2,14]",giovani,unknown,unknown
CSI_DATA,901838,b2:1f:e7:2b:79:66,-36,11,1,7,0,1,1,0,1,0,1,-97,0,1,0,-100684282,0,83,0,128,1,"[83,-80,4,0,-14,9,-14,9,-13,9,-13,9,-13,9,-12,8,-11,7,-11,7,-10,5,-10,4,-10,2,-10,1,-10,0,-10,-2,-10,-4,-9,-5,-9,-6,-9,-7,-8,-8,-8,-8,-8,-9,-7,-9,-7,-9,-6,-9,-6,-8,-2,-2,0,0,0,0,0,0,0,0,0,0,0,0,0,0,0,0,0,0,-1,0,-3,0,-3,-1,-2,-2,-2,-3,-1,-5,-1,-6,0,-7,0,-7,0,-8,0,-9,0,-10,0,-10,0,-10,-1,-10,-2,-9,-3,-9,-4,-8,-5,-7,-6,-6,-7,-4,-9,-3,-10,-1,-11,1,-12,2,-13,4,-13,5]",giovani,unknown,unknown
CSI_DATA,901840,b2:1f:e7:2b:79:66,-36,11,1,7,0,1,1,0,1,0,1,-97,0,1,0,-100678835,0,83,0,128,1,"[83,-80,4,0,13,9,13,9,13,9,13,8,12,7,12,7,11,7,10,7,9,7,7,7,6,7,4,8,3,8,1,8,0,9,-2,9,-3,9,-4,9,-5,9,-6,9,-6,9,-6,8,-7,8,-7,7,-7,7,-2,1,0,0,0,0,0,0,0,0,0,0,0,0,0,0,0,0,0,0,0,0,1,2,0,2,-2,2,-3,2,-4,2,-5,2,-6,2,-7,2,-8,2,-9,2,-9,2,-9,3,-9,3,-9,3,-8,4,-7,4,-6,5,-5,6,-3,7,-1,7,1,8,3,8,4,9,6,9,8,10,10,10]",giovani,unknown,unknown
CSI_DATA,901842,b2:1f:e7:2b:79:66,-36,11,1,7,0,1,1,0,1,0,1,-97,0,1,0,-100671799,0,83,0,128,1,"[83,-80,4,0,-5,16,-4,16,-4,15,-4,15,-3,14,-3,13,-3,13,-4,12,-4,11,-5,9,-6,8,-7,7,-7,5,-8,4,-9,3,-10,2,-11,1,-11,0,-11,-1,-11,-2,-11,-3,-11,-3,-11,-3,-10,-3,-10,-4,-3,-1,0,0,0,0,0,0,0,0,0,0,0,0,0,0,0,0,0,0,-1,0,-2,2,-3,1,-3,0,-4,-2,-4,-3,-4,-4,-5,-5,-5,-6,-5,-7,-6,-7,-6,-7,-7,-7,-7,-7,-7,-7,-7,-6,-8,-5,-8,-3,-8,-2,-8,0,-8,2,-8,4,-7,6,-7,8,-7,10,-7,11,-6,13]",giovani,unknown,unknown
CSI_DATA,901844,b2:1f:e7:2b:79:66,-37,11,1,7,0,1,1,0,1,0,1,-97,0,1,0,-100666621,0,83,0,128,1,"[83,-80,4,0,14,7,15,6,14,6,14,5,13,5,13,5,12,5,11,5,10,5,8,5,7,6,6,7,4,7,3,8,1,9,0,9,-1,10,-2,10,-3,10,-4,10,-4,10,-5,9,-5,9,-5,8,-5,8,-2,2,0,0,0,0,0,0,0,0,0,0,0,0,0,0,0,0,0,0,0,0,1,2,0,2,-1,2,-2,2,-3,3,-5,3,-6,3,-7,3,-7,3,-8,3,-8,4,-8,4,-8,4,-8,5,-7,5,-6,6,-5,6,-3,6,-2,7,0,7,2,7,4,8,6,8,8,8,10,8,11,8]",giovani,unknown,unknown
CSI_DATA,901846,b2:1f:e7:2b:79:66,-40,11,1,7,0,1,1,0,1,0,1,-97,0,1,0,-100662116,0,83,0,128,1,"[83,-80,4,0,-5,-44,-6,-44,-7,-43,-7,-42,-6,-40,-5,-38,-4,-36,-3,-34,-1,-32,2,-29,5,-26,8,-24,11,-21,15,-19,18,-16,21,-13,23,-11,25,-9,27,-7,28,-5,28,-4,27,-2,26,-1,25,0,24,1,6,0,0,0,0,0,0,0,0,0,0,0,0,0,0,0,0,0,0,0,0,-2,1,-7,3,-6,6,-3,8,-1,10,1,12,4,14,6,16,7,18,9,19,10,20,10,21,10,21,9,21,7,21,5,21,2,20,-2,19,-5,17,-9,15,-14,13,-18,11,-23,8,-28,5,-32,3,-36,1,-39]",giovani,unknown,unknown
CSI_DATA,901848,b2:1f:e7:2b:79:66,-36,11,1,7,0,1,1,0,1,0,1,-97,0,1,0,-100656711,0,83,0,128,1,"[83,-80,4,0,16,-2,16,-3,16,-3,15,-3,14,-3,14,-3,13,-2,12,-2,11,-1,10,0,9,1,8,3,7,4,7,5,6,7,5,8,4,9,3,9,3,10,2,10,2,10,1,10,1,10,0,10,0,9,0,2,0,0,0,0,0,0,0,0,0,0,0,0,0,0,0,0,0,0,0,0,2,1,1,1,0,2,-1,3,-2,3,-3,4,-3,5,-4,6,-5,6,-5,7,-5,7,-5,7,-5,7,-4,8,-3,8,-2,8,-1,7,1,7,2,6,4,6,6,5,8,4,9,3,11,2,13,1,14,1]",giovani,unknown,unknown
CSI_DATA,901850,b2:1f:e7:2b:79:66,-36,11,1,7,0,1,1,0,1,0,1,-97,0,1,0,-100655212,0,83,0,128,1,"[83,-80,4,0,-6,15,-6,15,-5,15,-5,14,-5,14,-5,13,-4,12,-5,11,-5,10,-6,9,-6,7,-7,6,-8,5,-9,4,-10,2,-10,1,-11,0,-11,-1,-11,-2,-11,-3,-11,-3,-11,-4,-10,-4,-10,-4,-9,-4,-3,-1,0,0,0,0,0,0,0,0,0,0,0,0,0,0,0,0,0,0,-1,0,-3,1,-3,0,-3,-1,-4,-2,-4,-3,-4,-4,-4,-5,-4,-6,-5,-7,-5,-8,-5,-8,-6,-8,-6,-8,-6,-8,-7,-7,-7,-5,-8,-4,-8,-3,-8,-1,-8,1,-8,3,-8,5,-8,7,-8,9,-8,11,-8,12]",giovani,unknown,unknown
CSI_DATA,901852,b2:1f:e7:2b:79:66,-37,11,1,7,0,1,1,0,1,0,1,-97,0,1,0,-100646961,0,83,0,128,1,"[83,-80,4,0,3,-17,2,-17,2,-17,2,-16,2,-15,2,-15,2,-14,2,-13,2,-12,3,-11,4,-9,5,-8,6,-7,7,-6,8,-5,9,-4,9,-3,10,-2,10,-1,10,0,10,0,10,1,10,1,9,1,9,2,2,0,0,0,0,0,0,0,0,0,0,0,0,0,0,0,0,0,0,0,0,-1,1,-3,2,-2,2,-1,3,0,3,2,3,3,4,4,4,5,5,5,5,6,5,6,6,6,6,6,6,6,6,5,7,3,7,2,7,0,7,-1,7,-3,6,-5,6,-7,6,-9,6,-11,5,-13,5,-14]",giovani,unknown,unknown
CSI_DATA,901854,b2:1f:e7:2b:79:66,-36,11,1,7,0,1,1,0,1,0,1,-97,0,1,0,-100642329,0,83,0,128,1,"[83,-80,4,0,16,0,16,0,16,0,15,-1,15,-1,14,0,13,0,12,0,11,1,10,2,9,3,8,4,7,5,6,6,5,8,4,9,3,9,2,10,1,10,0,11,0,11,-1,10,-1,10,-1,9,-2,9,-1,2,0,0,0,0,0,0,0,0,0,0,0,0,0,0,0,0,0,0,0,0,2,1,1,1,0,2,-1,3,-2,3,-3,4,-4,5,-5,5,-5,6,-6,6,-6,6,-6,7,-6,7,-5,7,-4,7,-3,7,-2,7,0,7,1,7,3,6,5,6,7,5,9,5,10,4,12,3,14,3]",giovani,unknown,unknown
CSI_DATA,901856,b2:1f:e7:2b:79:66,-36,11,1,7,0,1,1,0,1,0,1,-97,0,1,0,-100637824,0,83,0,128,1,"[83,-80,4,0,-17,4,-17,4,-16,4,-16,4,-15,4,-14,4,-13,3,-13,2,-12,1,-11,0,-11,-1,-10,-2,-9,-4,-9,-5,-8,-6,-7,-8,-7,-9,-6,-10,-5,-10,-5,-11,-4,-11,-4,-11,-3,-11,-3,-10,-3,-10,-1,-3,0,0,0,0,0,0,0,0,0,0,0,0,0,0,0,0,0,0,-1,-1,-3,-1,-2,-2,-2,-3,-1,-4,0,-5,1,-6,2,-6,2,-7,3,-8,3,-8,3,-9,3,-9,3,-9,2,-9,1,-9,0,-9,-1,-8,-3,-8,-4,-7,-6,-6,-7,-5,-9,-4,-11,-2,-12,-2,-14,-1,-15,0]",giovani,unknown,unknown
CSI_DATA,901858,b2:1f:e7:2b:79:66,-37,11,1,7,0,1,1,0,1,0,1,-97,0,1,0,-100623943,0,83,0,128,1,"[83,-80,4,0,-3,16,-3,16,-2,16,-2,15,-2,14,-2,13,-2,13,-2,12,-3,10,-3,9,-5,8,-6,7,-7,6,-8,5,-9,4,-10,3,-10,2,-11,1,-11,0,-11,0,-11,-1,-11,-1,-11,-2,-10,-2,-10,-2,-3,-1,0,0,0,0,0,0,0,0,0,0,0,0,0,0,0,0,0,0,-1,0,-2,1,-3,0,-3,-1,-4,-2,-4,-3,-4,-4,-5,-5,-5,-6,-5,-7,-6,-7,-6,-7,-7,-7,-7,-7,-7,-7,-7,-6,-8,-4,-8,-3,-8,-1,-8,0,-7,2,-7,4,-7,6,-6,8,-6,10,-5,11,-5,13]",giovani,unknown,unknown
CSI_DATA,901860,b2:1f:e7:2b:79:66,-36,11,1,7,0,1,1,0,1,0,1,-97,0,1,0,-100618228,0,83,0,128,1,"[83,-80,4,0,12,-12,12,-12,11,-12,11,-12,10,-12,10,-11,9,-10,9,-9,8,-8,8,-7,8,-5,9,-3,9,-2,9,0,9,1,9,3,9,4,9,5,9,6,8,6,8,7,8,7,7,7,6,7,6,7,1,1,0,0,0,0,0,0,0,0,0,0,0,0,0,0,0,0,0,0,0,-1,2,-1,2,0,2,1,1,2,1,4,1,5,0,6,0,7,0,8,0,8,0,9,0,9,1,9,1,8,2,8,3,7,4,6,5,5,6,3,7,2,8,0,9,-2,10,-4,11,-5,12,-7,12,-8]",giovani,unknown,unknown
CSI_DATA,901862,b2:1f:e7:2b:79:66,-36,11,1,7,0,1,1,0,1,0,1,-97,0,1,0,-100613658,0,83,0,128,1,"[83,-80,4,0,-9,-16,-9,-15,-9,-15,-9,-14,-9,-14,-8,-13,-7,-12,-7,-12,-6,-11,-4,-11,-3,-11,-1,-10,0,-10,2,-10,4,-9,5,-9,6,-9,7,-8,8,-8,9,-8,9,-7,9,-6,9,-6,8,-5,8,-5,2,-2,0,0,0,0,0,0,0,0,0,0,0,0,0,0,0,0,0,0,0,-1,0,-3,0,-3,1,-2,3,-1,4,-1,5,0,6,0,7,1,7,1,8,2,9,1,9,1,9,1,9,0,8,-1,8,-2,7,-3,6,-4,5,-6,4,-7,2,-9,1,-10,-1,-11,-2,-13,-4,-14,-5,-15]",giovani,unknown,unknown
CSI_DATA,901864,b2:1f:e7:2b:79:66,-36,11,1,7,0,1,1,0,1,0,1,-97,0,1,0,-100608746,0,83,0,128,1,"[83,-80,4,0,-16,6,-16,7,-15,7,-15,7,-14,6,-14,6,-13,5,-12,4,-12,3,-11,2,-11,0,-10,-1,-10,-3,-9,-5,-8,-6,-8,-7,-7,-8,-6,-9,-6,-10,-5,-11,-5,-11,-5,-11,-4,-11,-4,-10,-3,-10,-1,-3,0,0,0,0,0,0,0,0,0,0,0,0,0,0,0,0,0,0,-1,0,-3,0,-3,-1,-2,-2,-2,-4,-1,-5,-1,-6,0,-7,1,-8,1,-9,1,-9,1,-10,1,-10,0,-10,0,-10,-1,-10,-2,-9,-3,-8,-4,-7,-6,-6,-7,-5,-8,-4,-10,-2,-11,0,-13,1,-14,3,-15,4]",giovani,unknown,unknown
CSI_DATA,901866,b2:1f:e7:2b:79:66,-36,11,1,7,0,1,1,0,1,0,1,-97,0,1,0,-100602984,0,83,0,128,1,"[83,-80,4,0,8,14,9,14,9,13,9,13,8,12,8,11,7,11,6,10,5,10,4,9,2,9,0,9,-1,9,-3,9,-4,8,-6,8,-7,8,-8,7,-9,7,-10,6,-10,6,-10,5,-10,5,-10,4,-9,4,-3,1,0,0,0,0,0,0,0,0,0,0,0,0,0,0,0,0,0,0,0,0,0,2,-1,2,-2,1,-4,1,-5,0,-6,0,-7,0,-8,-1,-9,-1,-10,-1,-10,-1,-10,-1,-10,0,-10,0,-10,1,-9,2,-8,3,-7,4,-5,5,-4,7,-3,8,-1,9,1,10,2,11,4,13,5,13]",giovani,unknown,unknown
CSI_DATA,901868,b2:1f:e7:2b:79:66,-36,11,1,7,0,1,1,0,1,0,1,-97,0,1,0,-100597615,0,83,0,128,1,"[83,-80,4,0,15,5,15,5,15,4,15,4,14,4,13,4,13,4,12,4,10,4,9,5,8,5,6,6,5,7,4,8,2,9,1,10,0,10,-1,10,-2,10,-3,11,-3,10,-4,10,-4,9,-4,9,-4,8,-1,2,0,0,0,0,0,0,0,0,0,0,0,0,0,0,0,0,0,0,0,0,1,2,0,2,-1,2,-2,2,-4,3,-5,3,-6,3,-7,3,-7,4,-8,4,-8,4,-8,5,-8,5,-8,5,-7,6,-6,6,-5,6,-3,7,-1,7,1,7,3,7,5,7,7,7,9,7,11,7,12,7]",giovani,unknown,unknown
CSI_DATA,901870,b2:1f:e7:2b:79:66,-36,11,1,7,0,1,1,0,1,0,1,-97,0,1,0,-100592552,0,83,0,128,1,"[83,-80,4,0,-18,-2,-18,-2,-17,-1,-17,-1,-16,-1,-15,-1,-14,-1,-13,-2,-12,-3,-11,-3,-10,-4,-9,-5,-8,-6,-7,-8,-6,-9,-5,-10,-4,-11,-3,-11,-2,-12,-1,-12,-1,-12,0,-12,0,-11,1,-11,1,-10,0,-3,0,0,0,0,0,0,0,0,0,0,0,0,0,0,0,0,0,0,-1,-1,-3,-2,-2,-3,-1,-3,0,-4,1,-4,3,-5,4,-5,4,-6,5,-6,6,-7,6,-7,6,-8,5,-8,5,-8,4,-8,3,-8,2,-8,0,-8,-2,-8,-4,-8,-6,-7,-8,-7,-10,-6,-12,-5,-13,-5,-14,-4]",giovani,unknown,unknown
CSI_DATA,901872,b2:1f:e7:2b:79:66,-36,11,1,7,0,1,1,0,1,0,1,-97,0,1,0,-100584723,0,83,0,128,1,"[83,-80,4,0,-3,16,-3,16,-3,16,-2,15,-2,15,-2,14,-2,13,-3,12,-3,11,-4,10,-5,8,-6,7,-7,6,-8,5,-9,4,-10,3,-10,2,-11,1,-11,0,-12,-1,-12,-1,-11,-2,-11,-2,-10,-2,-10,-2,-3,-1,0,0,0,0,0,0,0,0,0,0,0,0,0,0,0,0,0,0,-1,0,-2,1,-3,1,-3,-1,-4,-2,-4,-3,-5,-4,-5,-5,-5,-6,-6,-6,-6,-7,-7,-7,-7,-7,-7,-7,-7,-7,-8,-6,-8,-4,-8,-3,-8,-2,-8,0,-8,2,-8,4,-7,6,-7,8,-6,10,-6,12,-5,13]",giovani,unknown,unknown
CSI_DATA,901874,b2:1f:e7:2b:79:66,-37,11,1,7,0,1,1,0,1,0,1,-97,0,1,0,-100579621,0,83,0,128,1,"[83,-80,4,0,-2,16,-2,16,-1,15,-1,15,-1,14,-1,13,-1,13,-2,12,-2,11,-3,10,-4,9,-5,8,-6,7,-7,6,-8,5,-9,4,-10,3,-11,2,-11,1,-11,0,-11,0,-11,0,-11,-1,-10,-1,-10,-1,-3,-1,0,0,0,0,0,0,0,0,0,0,0,0,0,0,0,0,0,0,-1,0,-2,2,-3,1,-3,0,-4,-1,-4,-2,-5,-3,-5,-4,-6,-5,-6,-6,-7,-6,-7,-6,-7,-6,-8,-6,-8,-5,-8,-5,-8,-3,-8,-2,-8,-1,-8,1,-7,3,-7,5,-6,6,-6,8,-5,10,-4,12,-4,13]",giovani,unknown,unknown
CSI_DATA,901876,b2:1f:e7:2b:79:66,-37,11,1,7,0,1,1,0,1,0,1,-97,0,1,0,-100574361,0,83,0,128,1,"[83,-80,4,0,-3,-16,-4,-16,-4,-16,-4,-16,-4,-15,-4,-14,-3,-13,-3,-13,-2,-12,-1,-11,0,-10,2,-10,3,-9,4,-8,6,-8,7,-7,8,-6,8,-6,9,-5,9,-5,10,-4,10,-4,9,-3,9,-3,9,-3,2,-1,0,0,0,0,0,0,0,0,0,0,0,0,0,0,0,0,0,0,0,-1,1,-3,1,-2,2,-1,3,0,3,1,4,1,5,2,5,3,6,3,7,4,7,4,8,4,8,3,8,3,8,2,7,1,7,-1,7,-2,6,-3,5,-5,4,-7,4,-9,3,-10,2,-12,1,-13,0,-14]",giovani,unknown,unknown
CSI_DATA,901878,b2:1f:e7:2b:79:66,-37,11,1,7,0,1,1,0,1,0,1,-97,0,1,0,-100568731,0,83,0,128,1,"[83,-80,4,0,3,-16,3,-16,3,-16,2,-16,2,-15,2,-14,2,-13,3,-12,3,-11,3,-10,4,-9,5,-8,6,-7,7,-5,8,-4,9,-3,9,-2,10,-1,10,0,10,1,10,1,10,2,9,2,9,2,9,2,2,0,0,0,0,0,0,0,0,0,0,0,0,0,0,0,0,0,0,0,0,-1,1,-2,1,-1,2,0,2,1,3,2,3,3,4,4,4,5,5,6,5,6,5,6,6,6,6,6,6,5,7,5,7,4,7,2,7,1,7,-1,7,-2,7,-4,7,-7,6,-9,6,-10,6,-12,5,-14]",giovani,unknown,unknown
CSI_DATA,901880,b2:1f:e7:2b:79:66,-37,11,1,7,0,1,1,0,1,0,1,-97,0,1,0,-100563650,0,83,0,128,1,"[83,-80,4,0,-16,-7,-16,-6,-16,-6,-15,-5,-15,-5,-14,-5,-13,-5,-12,-5,-11,-5,-10,-6,-9,-7,-7,-8,-6,-8,-5,-9,-4,-10,-2,-10,-1,-11,0,-11,1,-11,1,-11,2,-11,2,-11,2,-11,2,-10,3,-10,0,-3,0,0,0,0,0,0,0,0,0,0,0,0,0,0,0,0,0,0,-1,-1,-2,-3,-1,-3,0,-3,1,-3,3,-3,4,-4,5,-4,6,-4,7,-4,7,-4,8,-5,8,-5,7,-5,7,-6,6,-6,5,-7,4,-7,2,-8,0,-8,-1,-8,-3,-8,-5,-9,-7,-8,-9,-8,-11,-8,-12,-8]",giovani,unknown,unknown
CSI_DATA,901882,b2:1f:e7:2b:79:66,-36,11,1,7,0,1,1,0,1,0,1,-97,0,1,0,-100558069,0,83,0,128,1,"[83,-80,4,0,3,-17,2,-17,2,-17,2,-16,1,-15,2,-15,2,-14,2,-13,2,-12,3,-11,4,-10,5,-9,6,-7,7,-6,8,-5,9,-4,10,-2,10,-2,11,-1,11,0,11,0,10,1,10,1,9,1,9,1,2,0,0,0,0,0,0,0,0,0,0,0,0,0,0,0,0,0,0,0,0,-1,1,-2,2,-2,2,-1,3,1,3,2,4,3,4,4,4,5,5,6,5,6,5,7,6,7,6,6,6,6,6,5,7,4,7,2,7,1,7,-1,7,-3,7,-5,6,-7,6,-9,5,-11,5,-12,5,-14]",giovani,unknown,unknown
CSI_DATA,901884,b2:1f:e7:2b:79:66,-36,11,1,7,0,1,1,0,1,0,1,-97,0,1,0,-100553412,0,83,0,128,1,"[83,-80,4,0,16,2,16,2,16,1,15,1,15,1,14,1,13,1,12,2,11,2,10,3,8,4,7,5,6,6,5,7,4,8,3,9,2,10,1,10,0,10,-1,11,-1,11,-2,10,-2,10,-2,9,-3,9,-1,2,0,0,0,0,0,0,0,0,0,0,0,0,0,0,0,0,0,0,0,0,1,1,1,2,-1,2,-2,3,-3,3,-4,4,-5,4,-6,5,-7,5,-7,6,-7,6,-7,6,-7,6,-6,6,-5,7,-4,7,-3,7,-2,7,0,7,2,7,4,6,6,6,8,5,10,5,12,4,13,4]",giovani,unknown,unknown
CSI_DATA,901886,b2:1f:e7:2b:79:66,-40,11,1,7,0,1,1,0,1,0,1,-97,0,1,0,-100548819,0,83,0,128,1,"[83,-80,4,0,35,17,36,16,35,15,34,14,33,13,31,13,29,13,26,13,23,14,20,15,17,16,14,17,10,19,7,20,3,22,0,23,-3,24,-5,24,-8,24,-9,24,-11,23,-11,22,-12,21,-12,20,-12,19,-3,4,0,0,0,0,0,0,0,0,0,0,0,0,0,0,0,0,0,0,1,1,3,5,1,5,-2,5,-5,6,-8,7,-11,7,-13,8,-16,8,-17,9,-19,9,-20,10,-20,11,-19,11,-17,12,-16,13,-14,14,-11,15,-7,16,-3,17,2,18,6,19,11,19,15,19,20,19,25,19,28,19]",giovani,unknown,unknown
CSI_DATA,901888,b2:1f:e7:2b:79:66,-36,11,1,7,0,1,1,0,1,0,1,-97,0,1,0,-100543619,0,83,0,128,1,"[83,-80,4,0,7,-16,6,-16,6,-16,6,-15,5,-14,5,-14,5,-13,5,-12,5,-11,6,-9,6,-8,7,-7,8,-5,8,-4,9,-2,10,-1,10,0,10,1,10,2,10,3,10,4,9,4,9,4,8,4,8,4,2,1,0,0,0,0,0,0,0,0,0,0,0,0,0,0,0,0,0,0,0,-1,2,-2,2,-1,2,0,2,1,2,3,3,4,3,5,3,6,3,7,3,7,4,8,4,8,4,8,5,7,5,6,6,5,6,4,6,3,7,1,7,-1,7,-3,8,-5,8,-7,8,-9,8,-11,8,-12]",giovani,unknown,unknown
CSI_DATA,901890,b2:1f:e7:2b:79:66,-36,11,1,7,0,1,1,0,1,0,1,-97,0,1,0,-100537129,0,83,0,128,1,"[83,-80,4,0,-15,7,-15,8,-15,8,-14,8,-13,8,-13,7,-12,6,-12,5,-11,4,-11,3,-10,2,-10,0,-10,-1,-10,-3,-9,-5,-9,-6,-9,-7,-8,-8,-8,-9,-7,-9,-7,-10,-6,-10,-6,-10,-5,-9,-5,-9,-2,-3,0,0,0,0,0,0,0,0,0,0,0,0,0,0,0,0,0,0,-1,-1,-3,-1,-3,-2,-2,-3,-1,-4,-1,-5,0,-6,1,-7,1,-8,1,-8,1,-9,2,-10,1,-10,1,-10,0,-10,-1,-10,-2,-9,-3,-8,-4,-7,-6,-6,-7,-5,-8,-4,-10,-2,-11,0,-12,1,-13,3,-14,4]",giovani,unknown,unknown
CSI_DATA,901892,b2:1f:e7:2b:79:66,-37,11,1,7,0,1,1,0,1,0,1,-97,0,1,0,-100520428,0,83,0,128,1,"[83,-80,4,0,-15,-12,-15,-11,-15,-11,-15,-10,-14,-10,-13,-10,-12,-9,-11,-9,-10,-9,-8,-9,-7,-10,-5,-10,-3,-10,-2,-11,0,-11,1,-11,3,-11,4,-11,5,-11,5,-11,6,-11,6,-10,6,-9,6,-9,6,-9,1,-2,0,0,0,0,0,0,0,0,0,0,0,0,0,0,0,0,0,0,-1,-1,-2,-3,0,-3,1,-3,2,-3,4,-3,5,-3,6,-3,7,-3,8,-3,9,-3,9,-3,10,-3,9,-4,9,-4,8,-5,7,-6,6,-7,4,-7,3,-8,1,-9,-1,-10,-3,-10,-5,-11,-7,-11,-9,-12,-11,-13]",giovani,unknown,unknown
CSI_DATA,901894,b2:1f:e7:2b:79:66,-40,11,1,7,0,1,1,0,1,0,1,-97,0,1,0,-100514419,0,83,0,128,1,"[83,-80,4,0,8,38,9,38,10,37,10,36,9,34,8,33,7,31,6,29,3,27,1,25,-3,23,-6,21,-9,19,-13,18,-16,16,-19,14,-21,12,-23,10,-24,8,-25,7,-26,6,-26,4,-25,3,-24,2,-23,2,-6,0,0,0,0,0,0,0,0,0,0,0,0,0,0,0,0,0,0,0,-1,1,-2,5,-4,4,-6,2,-9,0,-11,-2,-13,-4,-15,-5,-17,-7,-19,-8,-20,-9,-21,-9,-22,-9,-22,-8,-21,-6,-21,-4,-21,-2,-20,2,-18,5,-16,8,-14,12,-11,16,-9,20,-6,25,-3,28,0,32,2,34]",giovani,unknown,unknown
CSI_DATA,901896,b2:1f:e7:2b:79:66,-40,11,1,7,0,1,1,0,1,0,1,-97,0,1,0,-100508609,0,83,0,128,1,"[83,-80,4,0,38,-24,37,-25,36,-25,35,-25,34,-24,32,-22,31,-20,29,-18,27,-14,27,-11,26,-7,25,-3,24,2,23,6,23,10,22,14,21,17,19,20,18,22,17,23,16,24,14,24,13,24,11,24,10,23,2,5,0,0,0,0,0,0,0,0,0,0,0,0,0,0,0,0,0,0,1,-1,6,-1,6,2,5,5,4,8,2,11,1,14,-1,17,-1,19,-2,21,-2,23,-2,24,-2,25,0,24,2,24,3,23,6,21,9,18,12,15,15,13,19,9,22,5,25,1,28,-4,32,-8,34,-13,36,-16]",giovani,unknown,unknown
CSI_DATA,901898,b2:1f:e7:2b:79:66,-36,11,1,7,0,1,1,0,1,0,1,-97,0,1,0,-100503310,0,83,0,128,1,"[83,-80,4,0,-13,-12,-14,-12,-13,-11,-13,-11,-13,-10,-12,-10,-11,-10,-10,-9,-9,-9,-7,-9,-6,-9,-4,-10,-3,-10,-1,-10,0,-10,2,-10,3,-11,4,-11,5,-10,5,-10,6,-10,6,-9,6,-9,6,-8,6,-8,1,-2,0,0,0,0,0,0,0,0,0,0,0,0,0,0,0,0,0,0,-1,-1,-1,-3,0,-3,1,-3,2,-2,4,-2,5,-2,6,-2,7,-2,8,-2,8,-2,9,-2,9,-2,9,-2,8,-3,8,-4,7,-5,6,-5,5,-6,3,-7,1,-8,0,-9,-2,-10,-4,-11,-6,-11,-8,-12,-9,-12]",giovani,unknown,unknown
CSI_DATA,901900,b2:1f:e7:2b:79:66,-37,11,1,7,0,1,1,0,1,0,1,-97,0,1,0,-100497741,0,83,0,128,1,"[83,-80,4,0,-10,29,-9,29,-8,29,-8,28,-8,27,-8,25,-8,24,-8,22,-9,19,-10,17,-12,15,-13,12,-15,10,-16,7,-18,5,-19,2,-19,0,-20,-2,-21,-4,-21,-5,-21,-6,-20,-7,-19,-7,-18,-8,-17,-8,-5,-2,0,0,0,0,0,0,0,0,0,0,0,0,0,0,0,0,0,0,-1,0,-4,3,-5,1,-6,-1,-7,-4,-7,-6,-8,-7,-9,-9,-9,-11,-10,-13,-10,-14,-11,-15,-11,-15,-12,-14,-13,-13,-13,-12,-14,-9,-14,-7,-15,-4,-15,-1,-15,2,-14,6,-14,10,-14,14,-13,18,-13,21,-12,24]",giovani,unknown,unknown
CSI_DATA,901902,b2:1f:e7:2b:79:66,-36,11,1,7,0,1,1,0,1,0,1,-97,0,1,0,-100491760,0,83,0,128,1,"[83,-80,4,0,16,3,16,2,16,2,15,2,15,2,14,2,13,2,12,2,11,3,10,3,8,4,7,5,6,6,5,7,4,9,2,9,1,10,0,10,0,11,-1,11,-2,11,-2,10,-2,10,-3,9,-3,9,-1,2,0,0,0,0,0,0,0,0,0,0,0,0,0,0,0,0,0,0,0,0,2,1,1,2,0,2,-2,3,-3,3,-4,4,-5,4,-6,5,-6,5,-7,6,-7,6,-7,6,-7,7,-7,7,-6,7,-5,7,-3,7,-2,7,0,7,2,7,4,7,6,6,8,6,10,6,12,5,13,5]",giovani,unknown,unknown
CSI_DATA,901904,b2:1f:e7:2b:79:66,-36,11,1,7,0,1,1,0,1,0,1,-97,0,1,0,-100487214,0,83,0,128,1,"[83,-80,4,0,8,-15,8,-15,8,-15,7,-14,7,-14,7,-13,7,-12,7,-11,6,-10,7,-8,7,-7,8,-5,8,-4,9,-3,9,-1,9,1,10,2,10,3,10,4,10,5,9,5,9,5,8,6,8,6,7,6,1,1,0,0,0,0,0,0,0,0,0,0,0,0,0,0,0,0,0,0,0,-1,2,-2,2,-1,2,0,2,1,2,3,3,4,3,5,3,6,3,7,3,8,4,8,4,8,4,8,5,7,5,7,5,6,6,4,6,3,7,2,7,0,8,-2,8,-4,8,-6,9,-8,9,-10,9,-12]",giovani,unknown,unknown
CSI_DATA,901906,b2:1f:e7:2b:79:66,-36,11,1,7,0,1,1,0,1,0,1,-97,0,1,0,-100482609,0,83,0,128,1,"[83,-80,4,0,5,15,5,15,6,15,6,14,5,13,5,13,4,12,4,12,3,11,1,10,0,10,-2,9,-3,9,-5,8,-6,8,-7,7,-8,6,-9,6,-10,5,-10,5,-11,4,-11,4,-10,3,-10,3,-10,2,-3,0,0,0,0,0,0,0,0,0,0,0,0,0,0,0,0,0,0,0,-1,0,-1,2,-2,2,-3,1,-4,0,-5,-1,-6,-1,-7,-2,-8,-3,-8,-3,-9,-3,-9,-3,-10,-3,-10,-3,-10,-2,-10,-1,-9,0,-9,1,-8,2,-7,4,-6,5,-4,7,-3,9,-2,10,-1,12,1,13,2,14]",giovani,unknown,unknown
CSI_DATA,901908,b2:1f:e7:2b:79:66,-40,11,1,7,0,1,1,0,1,0,1,-97,0,1,0,-100477625,0,83,0,128,1,"[83,-80,4,0,38,6,39,5,38,4,37,4,35,4,33,4,31,5,29,6,27,7,24,9,21,11,18,13,15,15,12,18,9,20,6,22,3,23,1,24,-1,25,-3,25,-4,25,-5,24,-6,23,-7,22,-7,21,-2,5,0,0,0,0,0,0,0,0,0,0,0,0,0,0,0,0,0,0,1,0,5,3,3,4,0,6,-2,7,-5,9,-7,10,-10,12,-12,13,-13,14,-14,15,-15,16,-15,17,-14,17,-12,17,-10,17,-8,18,-5,18,-1,18,3,17,7,17,12,16,16,15,21,14,26,12,30,11,33,10]",giovani,unknown,unknown
CSI_DATA,901910,b2:1f:e7:2b:79:66,-36,11,1,7,0,1,1,0,1,0,1,-97,0,1,0,-100472218,0,83,0,128,1,"[83,-80,4,0,-2,16,-1,16,-1,16,-1,15,-1,14,-1,14,-1,13,-2,12,-2,11,-3,10,-4,9,-6,8,-7,7,-8,6,-9,5,-10,4,-10,3,-11,1,-11,1,-12,0,-11,0,-11,-1,-11,-1,-11,-1,-10,-2,-3,-1,0,0,0,0,0,0,0,0,0,0,0,0,0,0,0,0,0,0,-1,0,-2,2,-2,1,-3,0,-4,-1,-5,-2,-5,-3,-6,-4,-6,-5,-7,-6,-7,-6,-8,-7,-8,-7,-8,-6,-8,-6,-8,-5,-9,-4,-9,-2,-8,-1,-8,1,-8,3,-7,5,-6,7,-6,9,-5,10,-4,12,-3,14]",giovani,unknown,unknown
CSI_DATA,901912,b2:1f:e7:2b:79:66,-37,11,1,7,0,1,1,0,1,0,1,-97,0,1,0,-100466452,0,83,0,128,1,"[83,-80,4,0,10,-13,10,-13,9,-13,9,-13,9,-13,8,-12,8,-11,8,-10,8,-9,8,-8,8,-6,8,-5,8,-3,9,-2,9,0,9,1,9,3,9,4,9,5,9,5,9,6,8,6,8,6,7,6,7,6,1,1,0,0,0,0,0,0,0,0,0,0,0,0,0,0,0,0,0,0,0,-1,2,-1,2,0,2,1,2,2,1,4,1,5,1,6,1,7,1,8,1,8,1,9,1,9,2,9,3,8,3,8,4,7,5,6,5,4,6,3,7,1,8,-1,8,-3,9,-4,10,-6,10,-8,11,-10]",giovani,unknown,unknown
CSI_DATA,901914,b2:1f:e7:2b:79:66,-36,11,1,7,0,1,1,0,1,0,1,-97,0,1,0,-100461715,0,83,0,128,1,"[83,-80,4,0,4,-16,4,-16,3,-16,3,-16,3,-15,3,-14,3,-14,3,-13,4,-12,4,-10,5,-9,6,-8,7,-6,8,-5,9,-4,9,-3,10,-1,10,0,10,0,11,1,10,2,10,2,10,2,9,3,9,3,2,0,0,0,0,0,0,0,0,0,0,0,0,0,0,0,0,0,0,0,0,-1,2,-2,2,-1,2,0,3,1,3,2,3,3,4,4,4,5,4,6,5,7,5,7,5,7,6,7,6,6,6,5,7,4,7,3,7,2,7,0,7,-2,7,-4,7,-6,7,-8,7,-10,6,-12,6,-13]",giovani,unknown,unknown
CSI_DATA,901916,b2:1f:e7:2b:79:66,-36,11,1,7,0,1,1,0,1,0,1,-97,0,1,0,-100456875,0,83,0,128,1,"[83,-80,4,0,-17,2,-17,3,-16,3,-16,3,-15,3,-14,3,-14,2,-13,1,-12,1,-11,0,-11,-2,-10,-3,-9,-4,-8,-6,-8,-7,-7,-8,-6,-9,-5,-10,-5,-11,-4,-11,-4,-11,-3,-11,-3,-11,-2,-10,-2,-10,-1,-3,0,0,0,0,0,0,0,0,0,0,0,0,0,0,0,0,0,0,-1,-1,-3,-2,-2,-2,-1,-3,0,-4,1,-5,2,-6,2,-6,3,-7,4,-8,4,-8,4,-9,4,-9,4,-9,3,-9,2,-9,1,-9,0,-9,-2,-8,-4,-8,-5,-7,-7,-6,-9,-5,-10,-4,-12,-3,-13,-2,-14,-1]",giovani,unknown,unknown
CSI_DATA,901918,b2:1f:e7:2b:79:66,-37,11,1,7,0,1,1,0,1,0,1,-97,0,1,0,-100451667,0,83,0,128,1,"[83,-80,4,0,16,-2,16,-3,16,-3,15,-3,14,-3,14,-3,13,-3,12,-2,11,-1,10,0,9,1,8,2,8,4,7,5,7,6,6,8,5,9,4,9,3,10,3,10,2,10,2,10,1,10,1,9,1,9,0,2,0,0,0,0,0,0,0,0,0,0,0,0,0,0,0,0,0,0,0,0,2,1,1,1,0,2,-1,3,-2,4,-3,5,-4,5,-4,6,-5,7,-5,7,-6,8,-6,8,-5,8,-4,8,-3,8,-2,8,-1,7,0,7,2,6,4,6,6,5,7,4,9,3,11,2,13,1,14,0]",giovani,unknown,unknown
CSI_DATA,901920,b2:1f:e7:2b:79:66,-36,11,1,7,0,1,1,0,1,0,1,-97,0,1,0,-100447100,0,83,0,128,1,"[83,-80,4,0,15,-6,15,-6,15,-6,14,-6,14,-6,13,-6,12,-5,12,-4,11,-3,10,-2,9,-1,9,1,8,2,8,4,7,5,7,7,6,8,5,8,5,9,4,10,4,10,3,10,3,9,2,9,2,9,0,2,0,0,0,0,0,0,0,0,0,0,0,0,0,0,0,0,0,0,0,0,2,0,2,1,1,2,0,3,-1,4,-1,5,-2,6,-3,6,-3,7,-3,8,-4,8,-3,9,-3,9,-2,9,-1,8,0,8,1,7,2,6,4,6,5,5,7,3,8,2,10,1,11,0,13,-2,14,-3]",giovani,unknown,unknown
CSI_DATA,901922,b2:1f:e7:2b:79:66,-36,11,1,7,0,1,1,0,1,0,1,-97,0,1,0,-100442462,0,83,0,128,1,"[83,-80,4,0,15,-6,15,-6,15,-7,14,-7,14,-7,13,-6,12,-5,12,-5,11,-4,10,-3,10,-1,9,0,9,2,8,4,8,5,7,6,7,7,6,8,5,9,5,9,5,9,4,9,4,9,3,9,3,9,0,2,0,0,0,0,0,0,0,0,0,0,0,0,0,0,0,0,0,0,0,0,2,1,1,1,1,2,0,3,-1,4,-2,5,-3,6,-3,7,-4,7,-4,8,-4,8,-4,9,-3,9,-3,8,-2,8,-1,8,0,7,2,7,3,6,5,5,6,4,8,2,10,1,11,0,13,-2,14,-3]",giovani,unknown,unknown
CSI_DATA,901924,b2:1f:e7:2b:79:66,-36,11,1,7,0,1,1,0,1,0,1,-97,0,1,0,-100437902,0,83,0,128,1,"[83,-80,4,0,8,14,9,13,9,13,9,12,8,12,7,11,7,11,6,10,5,10,4,9,2,9,1,9,-1,9,-3,9,-4,9,-5,8,-7,8,-8,7,-9,7,-9,7,-10,6,-9,6,-9,5,-9,5,-9,4,-3,1,0,0,0,0,0,0,0,0,0,0,0,0,0,0,0,0,0,0,0,0,-1,2,-1,2,-3,1,-4,1,-5,0,-6,0,-7,-1,-8,-1,-9,-1,-9,-1,-10,-1,-10,-1,-10,-1,-10,0,-10,1,-9,2,-8,3,-7,4,-6,5,-4,6,-3,8,-1,9,0,10,2,11,4,12,5,13]",giovani,unknown,unknown
CSI_DATA,901926,b2:1f:e7:2b:79:66,-36,11,1,7,0,1,1,0,1,0,1,-97,0,1,0,-100432999,0,83,0,128,1,"[83,-80,4,0,-2,16,-2,16,-1,16,-1,15,-1,15,-1,14,-1,13,-2,12,-2,11,-3,10,-4,9,-6,8,-7,7,-8,6,-9,5,-10,4,-10,3,-11,2,-11,1,-11,0,-12,0,-11,-1,-11,-1,-10,-1,-10,-2,-3,-1,0,0,0,0,0,0,0,0,0,0,0,0,0,0,0,0,0,0,-1,0,-2,2,-3,1,-3,-1,-4,-2,-5,-3,-5,-4,-6,-5,-6,-5,-7,-6,-7,-7,-7,-7,-8,-7,-8,-7,-8,-6,-8,-5,-8,-4,-8,-2,-8,-1,-8,1,-8,3,-7,4,-7,6,-6,8,-5,10,-5,12,-4,13]",giovani,unknown,unknown
CSI_DATA,901928,b2:1f:e7:2b:79:66,-40,11,1,7,0,1,1,0,1,0,1,-97,0,1,0,-100418490,0,83,0,128,1,"[83,-80,4,0,-37,-14,-37,-13,-36,-12,-36,-12,-34,-11,-32,-11,-30,-11,-28,-12,-25,-13,-22,-14,-19,-15,-16,-17,-13,-19,-10,-21,-6,-22,-3,-23,0,-25,2,-25,4,-26,5,-25,7,-25,8,-24,8,-23,9,-22,9,-21,2,-5,0,0,0,0,0,0,0,0,0,0,0,0,0,0,0,0,0,0,-2,-2,-5,-5,-3,-6,0,-7,3,-8,6,-9,8,-10,11,-11,13,-11,14,-12,16,-12,17,-13,17,-14,16,-15,15,-15,13,-16,10,-17,7,-18,4,-18,0,-19,-5,-19,-9,-19,-13,-19,-18,-18,-23,-18,-27,-18,-30,-17]",giovani,unknown,unknown
CSI_DATA,901930,b2:1f:e7:2b:79:66,-36,11,1,7,0,1,1,0,1,0,1,-97,0,1,0,-100411663,0,83,0,128,1,"[83,-80,4,0,15,4,16,3,15,3,15,3,14,2,14,3,13,3,12,3,11,3,9,4,8,5,7,6,6,7,5,8,3,9,2,9,1,10,0,10,-1,11,-2,11,-2,11,-3,10,-3,10,-3,9,-3,9,-1,2,0,0,0,0,0,0,0,0,0,0,0,0,0,0,0,0,0,0,0,0,1,2,1,2,-1,2,-2,3,-3,3,-4,4,-5,4,-6,4,-7,5,-7,5,-8,6,-8,6,-7,6,-7,6,-6,6,-5,7,-4,7,-2,7,0,7,2,7,4,7,5,7,7,6,9,6,11,6,13,5]",giovani,unknown,unknown
CSI_DATA,901932,b2:1f:e7:2b:79:66,-36,11,1,7,0,1,1,0,1,0,1,-97,0,1,0,-100406993,0,83,0,128,1,"[83,-80,4,0,-3,-17,-4,-17,-4,-17,-4,-16,-4,-16,-3,-15,-3,-14,-2,-13,-1,-13,0,-12,1,-11,2,-10,4,-9,5,-8,6,-8,8,-7,9,-6,9,-5,10,-5,10,-4,11,-3,11,-3,10,-2,10,-2,9,-2,2,-1,0,0,0,0,0,0,0,0,0,0,0,0,0,0,0,0,0,0,0,-1,1,-3,1,-2,2,-2,3,0,4,1,5,1,6,2,6,3,7,3,8,4,8,4,9,4,9,3,9,3,9,2,8,1,8,-1,7,-2,7,-4,6,-5,5,-7,4,-9,3,-11,2,-13,1,-14,0,-15]",giovani,unknown,unknown
CSI_DATA,901934,b2:1f:e7:2b:79:66,-36,11,1,7,0,1,1,0,1,0,1,-97,0,1,0,-100406635,0,83,0,128,1,"[83,-80,4,0,16,-3,16,-4,16,-4,15,-4,15,-4,14,-4,13,-3,12,-2,11,-2,10,-1,9,1,9,2,8,4,7,5,6,7,6,8,5,9,4,9,3,10,3,10,2,10,1,10,1,10,1,10,0,9,0,2,0,0,0,0,0,0,0,0,0,0,0,0,0,0,0,0,0,0,0,0,2,1,1,1,0,2,-1,3,-1,4,-2,5,-3,6,-4,7,-4,7,-5,8,-5,8,-5,9,-4,9,-4,9,-3,8,-2,8,-1,8,1,7,3,7,4,6,6,5,8,4,10,2,11,1,13,0,14,0]",giovani,unknown,unknown
CSI_DATA,901936,b2:1f:e7:2b:79:66,-36,11,1,7,0,1,1,0,1,0,1,-97,0,1,0,-100397708,0,83,0,128,1,"[83,-80,4,0,-8,-16,-8,-16,-8,-15,-8,-15,-8,-14,-7,-14,-7,-13,-6,-12,-5,-12,-3,-11,-2,-11,-1,-11,1,-10,3,-9,4,-9,6,-9,7,-8,8,-8,9,-7,9,-7,9,-6,9,-6,9,-5,9,-5,9,-4,2,-1,0,0,0,0,0,0,0,0,0,0,0,0,0,0,0,0,0,0,0,-1,0,-3,1,-3,2,-2,3,-1,4,0,5,0,6,1,7,1,8,2,9,2,9,2,9,2,9,1,9,1,9,0,8,-1,8,-3,7,-4,6,-5,4,-6,3,-8,2,-10,0,-11,-1,-12,-3,-14,-4,-15]",giovani,unknown,unknown
CSI_DATA,901938,b2:1f:e7:2b:79:66,-36,11,1,7,0,1,1,0,1,0,1,-97,0,1,0,-100392770,0,83,0,128,1,"[83,-80,4,0,-7,15,-7,15,-6,15,-6,15,-5,14,-5,13,-5,12,-5,11,-6,10,-6,9,-7,7,-8,6,-9,5,-9,3,-10,2,-11,1,-11,0,-11,-1,-11,-2,-12,-3,-11,-3,-11,-4,-11,-4,-10,-4,-10,-4,-3,-1,0,0,0,0,0,0,0,0,0,0,0,0,0,0,0,0,0,0,-1,0,-3,1,-3,0,-3,-1,-4,-3,-4,-4,-4,-5,-4,-6,-4,-7,-5,-8,-5,-8,-5,-9,-6,-9,-6,-9,-6,-8,-7,-7,-7,-6,-8,-5,-8,-3,-8,-2,-8,0,-8,2,-8,4,-8,7,-8,9,-8,10,-8,12]",giovani,unknown,unknown
CSI_DATA,901940,b2:1f:e7:2b:79:66,-36,11,1,7,0,1,1,0,1,0,1,-97,0,1,0,-100387611,0,83,0,128,1,"[83,-80,4,0,5,-16,5,-16,4,-16,4,-16,4,-15,4,-14,4,-13,4,-12,5,-11,5,-10,6,-9,7,-7,7,-6,8,-4,9,-3,10,-2,10,0,10,0,10,1,10,2,10,3,10,3,9,3,9,3,8,4,2,1,0,0,0,0,0,0,0,0,0,0,0,0,0,0,0,0,0,0,0,-1,2,-2,2,-1,2,0,3,1,3,3,3,4,3,5,4,6,4,7,5,7,5,7,5,8,5,7,6,7,6,6,6,5,7,3,7,2,7,0,7,-1,7,-4,7,-6,7,-8,7,-9,7,-11,7,-13]",giovani,unknown,unknown
CSI_DATA,901942,b2:1f:e7:2b:79:66,-36,11,1,7,0,1,1,0,1,0,1,-97,0,1,0,-100382250,0,83,0,128,1,"[83,-80,4,0,14,7,14,7,14,7,14,7,13,6,13,6,12,6,10,6,9,6,8,7,6,7,5,8,3,8,2,9,1,9,-1,10,-2,10,-3,10,-4,10,-5,10,-5,10,-6,9,-6,9,-6,8,-6,7,-2,1,0,0,0,0,0,0,0,0,0,0,0,0,0,0,0,0,0,0,0,0,1,2,0,2,-1,2,-3,2,-4,3,-5,3,-6,3,-7,3,-8,4,-9,4,-9,4,-9,4,-9,4,-8,5,-8,5,-7,6,-6,6,-4,7,-2,7,0,7,2,8,4,8,5,8,7,9,10,9,11,9]",giovani,unknown,unknown
CSI_DATA,901944,b2:1f:e7:2b:79:66,-36,11,1,7,0,1,1,0,1,0,1,-97,0,1,0,-100377680,0,83,0,128,1,"[83,-80,4,0,13,-10,13,-11,12,-10,12,-10,11,-10,11,-9,11,-9,10,-8,9,-6,9,-5,9,-4,9,-2,9,-1,9,1,9,3,9,4,8,5,8,6,7,7,7,8,7,8,6,8,5,8,5,8,4,8,1,2,0,0,0,0,0,0,0,0,0,0,0,0,0,0,0,0,0,0,0,-1,2,-1,2,0,1,1,1,2,1,4,1,5,0,6,0,7,0,8,0,9,0,9,0,9,0,9,1,9,2,8,2,8,3,7,4,6,6,4,7,3,8,1,9,0,10,-2,11,-4,12,-5,12,-7]",giovani,unknown,unknown
CSI_DATA,901946,b2:1f:e7:2b:79:66,-40,11,1,7,0,1,1,0,1,0,1,-97,0,1,0,-100373107,0,83,0,128,1,"[83,-80,4,0,7,-44,6,-44,5,-43,5,-42,5,-40,5,-38,6,-36,6,-33,8,-30,10,-27,12,-24,15,-21,17,-18,20,-14,23,-11,24,-7,26,-4,27,-2,28,0,28,2,28,4,27,5,26,6,25,6,24,7,5,1,0,0,0,0,0,0,0,0,0,0,0,0,0,0,0,0,0,0,0,-2,4,-6,5,-4,7,-1,9,2,10,5,12,8,13,10,14,12,16,14,17,16,18,16,19,16,19,15,20,14,20,11,20,8,20,5,20,1,20,-3,19,-8,18,-13,17,-19,16,-24,14,-29,13,-34,12,-37]",giovani,unknown,unknown
CSI_DATA,901948,b2:1f:e7:2b:79:66,-36,11,1,7,0,1,1,0,1,0,1,-97,0,1,0,-100363733,0,83,0,128,1,"[83,-80,4,0,7,-15,7,-16,6,-15,6,-15,5,-14,5,-14,5,-13,5,-12,5,-11,6,-9,6,-8,7,-7,8,-5,8,-4,9,-3,10,-1,10,0,10,1,10,2,10,2,10,3,10,3,9,4,9,4,8,4,2,1,0,0,0,0,0,0,0,0,0,0,0,0,0,0,0,0,0,0,0,-1,2,-2,2,-1,2,1,2,2,2,3,3,4,3,5,3,6,3,7,3,8,3,8,3,8,4,8,4,8,5,7,5,6,6,4,6,3,7,1,7,0,8,-2,8,-4,8,-7,8,-8,8,-10,8,-12]",giovani,unknown,unknown
CSI_DATA,901950,b2:1f:e7:2b:79:66,-36,11,1,7,0,1,1,0,1,0,1,-97,0,1,0,-100359343,0,83,0,128,1,"[83,-80,4,0,13,8,14,8,14,8,13,7,13,7,12,7,11,6,10,6,9,6,8,7,6,7,5,8,3,8,2,9,0,9,-1,10,-2,10,-3,10,-4,10,-5,10,-6,10,-6,9,-6,9,-6,8,-6,8,-2,2,0,0,0,0,0,0,0,0,0,0,0,0,0,0,0,0,0,0,0,0,0,2,-1,2,-2,2,-3,2,-4,2,-6,2,-7,2,-8,2,-9,2,-9,2,-10,3,-10,3,-9,3,-9,4,-8,4,-7,5,-6,6,-5,6,-3,6,-1,7,1,8,3,8,5,8,7,9,9,9,10,9]",giovani,unknown,unknown
CSI_DATA,901952,b2:1f:e7:2b:79:66,-36,11,1,7,0,1,1,0,1,0,1,-97,0,1,0,-100354530,0,83,0,128,1,"[83,-80,4,0,15,-6,15,-7,15,-7,14,-7,13,-7,13,-6,12,-6,12,-5,11,-4,10,-3,10,-1,9,0,9,2,8,3,8,5,7,6,7,7,6,8,6,9,5,9,5,9,4,9,4,9,3,9,3,9,0,2,0,0,0,0,0,0,0,0,0,0,0,0,0,0,0,0,0,0,0,0,2,0,1,1,1,2,0,3,-1,4,-1,5,-2,6,-3,7,-3,8,-3,8,-4,9,-4,9,-3,9,-2,9,-1,9,0,8,1,7,2,7,4,6,5,5,7,3,8,2,10,1,11,-1,13,-2,14,-3]",giovani,unknown,unknown
CSI_DATA,901954,b2:1f:e7:2b:79:66,-36,11,1,7,0,1,1,0,1,0,1,-97,0,1,0,-100349876,0,83,0,128,1,"[83,-80,4,0,-10,13,-10,13,-9,13,-9,13,-9,12,-8,11,-8,10,-8,9,-8,8,-8,7,-9,5,-9,4,-9,2,-10,1,-10,0,-11,-2,-11,-3,-11,-4,-10,-5,-10,-6,-10,-6,-10,-6,-9,-7,-9,-7,-8,-6,-2,-2,0,0,0,0,0,0,0,0,0,0,0,0,0,0,0,0,0,0,-1,0,-3,0,-3,-1,-3,-2,-3,-3,-3,-4,-3,-5,-3,-7,-3,-7,-3,-8,-3,-9,-3,-10,-4,-10,-4,-10,-5,-9,-5,-8,-6,-7,-6,-6,-7,-5,-8,-3,-8,-2,-9,0,-9,2,-10,4,-10,6,-10,8,-10,9]",giovani,unknown,unknown
CSI_DATA,901956,b2:1f:e7:2b:79:66,-36,11,1,7,0,1,1,0,1,0,1,-97,0,1,0,-100344540,0,83,0,128,1,"[83,-80,4,0,-8,-15,-8,-15,-8,-15,-8,-14,-8,-13,-8,-13,-7,-12,-6,-12,-5,-11,-4,-11,-2,-11,-1,-10,1,-10,2,-10,4,-9,5,-9,6,-9,7,-8,8,-8,8,-7,9,-7,9,-6,9,-6,8,-5,8,-5,2,-2,0,0,0,0,0,0,0,0,0,0,0,0,0,0,0,0,0,0,0,-1,0,-3,1,-3,2,-2,3,-1,4,-1,5,0,6,0,7,1,8,2,8,2,9,2,9,2,9,1,9,1,9,0,8,-1,7,-3,6,-4,5,-5,4,-7,3,-8,1,-9,0,-11,-2,-12,-3,-13,-4,-14]",giovani,unknown,unknown
CSI_DATA,901958,b2:1f:e7:2b:79:66,-36,11,1,7,0,1,1,0,1,0,1,-97,0,1,0,-100339625,0,83,0,128,1,"[83,-80,4,0,-12,12,-11,12,-11,12,-10,12,-10,11,-9,11,-9,10,-9,9,-9,7,-9,6,-9,5,-10,3,-10,2,-10,0,-10,-1,-10,-2,-10,-4,-10,-5,-10,-6,-10,-6,-10,-7,-9,-7,-9,-7,-8,-7,-8,-7,-2,-2,0,0,0,0,0,0,0,0,0,0,0,0,0,0,0,0,0,0,-1,0,-3,0,-3,-1,-3,-2,-3,-4,-3,-5,-2,-6,-2,-7,-2,-8,-2,-9,-2,-10,-2,-10,-2,-10,-3,-10,-3,-10,-4,-9,-5,-8,-5,-7,-6,-6,-7,-4,-8,-3,-9,-1,-9,1,-10,3,-11,5,-11,7,-12,8]",giovani,unknown,unknown
CSI_DATA,901960,b2:1f:e7:2b:79:66,-36,11,1,7,0,1,1,0,1,0,1,-97,0,1,0,-100332284,0,83,0,128,1,"[83,-80,4,0,15,4,15,4,15,3,15,3,14,3,13,3,13,3,11,4,10,4,9,4,8,5,6,6,5,7,4,8,3,9,1,10,0,10,-1,10,-2,10,-3,10,-3,10,-4,10,-4,9,-4,9,-4,8,-1,2,0,0,0,0,0,0,0,0,0,0,0,0,0,0,0,0,0,0,0,0,1,1,0,2,-1,2,-2,3,-3,3,-4,4,-5,4,-6,5,-7,5,-8,5,-8,6,-8,6,-8,6,-7,6,-6,6,-5,7,-4,7,-2,7,-1,7,1,7,3,7,5,7,7,6,9,6,11,6,13,5]",giovani,unknown,unknown
CSI_DATA,901962,b2:1f:e7:2b:79:66,-40,11,1,7,0,1,1,0,1,0,1,-97,0,1,0,-100324595,0,83,0,128,1,"[83,-80,4,0,31,-22,31,-23,30,-23,29,-23,28,-22,27,-20,26,-19,24,-16,23,-14,22,-11,22,-8,22,-4,21,0,21,4,21,7,20,10,19,13,18,16,17,17,16,19,15,19,14,19,13,19,11,19,11,19,2,4,0,0,0,0,0,0,0,0,0,0,0,0,0,0,0,0,0,0,1,-1,6,0,5,1,4,4,3,7,2,10,1,12,0,15,-1,17,-1,19,-1,20,-1,21,0,22,1,21,2,21,4,20,6,18,8,16,11,13,13,10,16,8,19,4,21,0,24,-4,26,-8,29,-12,30,-15]",giovani,unknown,unknown
CSI_DATA,901964,b2:1f:e7:2b:79:66,-36,11,1,7,0,1,1,0,1,0,1,-97,0,1,0,-100316640,0,83,0,128,1,"[83,-80,4,0,-8,14,-8,14,-7,14,-7,14,-6,13,-6,12,-6,11,-6,10,-6,9,-7,8,-7,6,-8,5,-9,4,-9,2,-10,1,-10,0,-11,-1,-11,-3,-11,-3,-11,-4,-11,-5,-10,-5,-10,-5,-9,-5,-9,-5,-3,-2,0,0,0,0,0,0,0,0,0,0,0,0,0,0,0,0,0,0,-1,0,-3,0,-3,0,-3,-2,-3,-3,-3,-4,-4,-5,-4,-6,-4,-7,-4,-8,-4,-9,-4,-9,-5,-9,-5,-9,-5,-9,-6,-8,-6,-7,-7,-6,-7,-4,-8,-2,-8,-1,-8,1,-8,3,-9,5,-9,7,-9,9,-9,10]",giovani,unknown,unknown
CSI_DATA,901966,b2:1f:e7:2b:79:66,-36,11,0,0,0,0,0,0,0,0,0,-97,0,1,0,-100309604,0,82,0,128,1,"[82,-96,4,0,15,-9,15,-10,14,-10,14,-9,13,-9,13,-8,12,-7,12,-6,11,-5,10,-4,10,-2,9,-1,9,1,9,3,8,4,8,5,7,6,6,7,6,8,5,8,5,9,4,9,4,8,3,8,3,8,0,2,0,0,0,0,0,0,0,0,0,0,0,0,0,0,0,0,0,0,0,-1,2,0,2,0,1,1,1,3,1,4,0,5,0,6,-1,7,-1,8,-1,9,-1,9,-1,9,0,9,0,9,1,9,2,8,3,7,4,6,5,5,6,4,8,2,9,0,11,-1,12,-3,13,-4,14,-6]",giovani,unknown,unknown
CSI_DATA,901968,b2:1f:e7:2b:79:66,-36,11,1,7,0,1,1,0,1,0,1,-97,0,1,0,-100309061,0,83,0,128,1,"[83,-80,4,0,-13,10,-13,11,-13,11,-12,10,-11,10,-11,9,-11,9,-10,8,-10,6,-10,5,-10,4,-10,2,-10,1,-10,-1,-10,-2,-10,-4,-10,-5,-10,-6,-10,-7,-9,-7,-9,-8,-9,-8,-8,-8,-8,-8,-7,-8,-2,-2,0,0,0,0,0,0,0,0,0,0,0,0,0,0,0,0,0,0,-1,0,-3,-1,-3,-1,-3,-3,-2,-4,-2,-5,-1,-6,-1,-7,-1,-8,0,-9,-1,-10,-1,-10,-1,-10,-1,-10,-2,-10,-3,-9,-3,-9,-4,-8,-5,-7,-7,-5,-8,-3,-9,-2,-10,0,-11,2,-12,4,-12,5,-13,7]",giovani,unknown,unknown
CSI_DATA,901970,b2:1f:e7:2b:79:66,-36,11,1,7,0,1,1,0,1,0,1,-97,0,1,0,-100298360,0,83,0,128,1,"[83,-80,4,0,6,15,6,15,7,14,7,13,6,13,6,12,5,12,4,12,4,11,2,10,1,10,-1,9,-2,9,-4,9,-5,8,-7,8,-8,7,-9,7,-9,6,-10,6,-10,5,-10,5,-10,4,-10,4,-10,3,-3,0,0,0,0,0,0,0,0,0,0,0,0,0,0,0,0,0,0,0,-1,0,-1,2,-2,1,-3,1,-4,0,-5,-1,-6,-1,-7,-2,-8,-2,-9,-3,-10,-3,-10,-3,-10,-3,-10,-2,-10,-2,-10,-1,-9,0,-9,1,-8,3,-7,4,-5,6,-4,7,-3,9,-1,10,0,11,2,13,3,14]",giovani,unknown,unknown
CSI_DATA,901972,b2:1f:e7:2b:79:66,-36,11,1,7,0,1,1,0,1,0,1,-97,0,1,0,-100293350,0,83,0,128,1,"[83,-80,4,0,13,-10,13,-10,13,-10,12,-10,12,-10,11,-9,11,-8,10,-8,10,-6,9,-5,9,-4,9,-2,9,0,9,1,9,3,9,4,8,6,8,7,7,7,7,8,7,8,6,9,5,9,5,8,4,8,1,2,0,0,0,0,0,0,0,0,0,0,0,0,0,0,0,0,0,0,0,-1,2,0,2,0,2,2,1,3,1,4,0,5,0,7,-1,8,-1,8,-1,9,-1,9,-1,9,0,9,0,9,1,9,2,8,3,7,4,6,5,5,6,3,8,2,9,0,10,-2,11,-4,12,-5,13,-7]",giovani,unknown,unknown
CSI_DATA,901974,b2:1f:e7:2b:79:66,-40,11,1,7,0,1,1,0,1,0,1,-97,0,1,0,-100288756,0,83,0,128,1,"[83,-80,4,0,38,-21,38,-22,37,-23,36,-22,34,-21,33,-20,31,-18,30,-16,28,-13,27,-9,26,-5,25,-2,24,3,23,7,22,11,21,15,20,18,18,20,17,23,16,24,14,24,13,24,12,24,10,24,9,23,2,5,0,0,0,0,0,0,0,0,0,0,0,0,0,0,0,0,0,0,1,-1,7,0,6,2,4,5,3,8,2,11,1,15,0,17,-1,20,-2,22,-2,24,-2,25,-2,25,-1,25,1,24,3,23,5,22,8,19,11,16,14,14,18,11,21,7,25,2,28,-2,31,-6,34,-10,36,-14]",giovani,unknown,unknown
CSI_DATA,901976,b2:1f:e7:2b:79:66,-36,11,1,7,0,1,1,0,1,0,1,-97,0,1,0,-100283672,0,83,0,128,1,"[83,-80,4,0,-17,0,-17,0,-17,1,-16,1,-16,1,-15,0,-14,0,-13,-1,-12,-1,-11,-2,-11,-3,-10,-4,-9,-6,-8,-7,-7,-8,-5,-9,-4,-10,-4,-11,-3,-11,-2,-12,-2,-12,-1,-11,-1,-11,-1,-11,0,-10,0,-3,0,0,0,0,0,0,0,0,0,0,0,0,0,0,0,0,0,0,-1,-1,-3,-2,-2,-3,-1,-3,0,-4,1,-5,2,-6,3,-6,4,-7,4,-7,5,-8,5,-8,5,-9,5,-9,4,-9,3,-9,2,-9,1,-9,-1,-8,-2,-8,-4,-8,-6,-7,-8,-6,-10,-5,-12,-4,-14,-3,-15,-3]",giovani,unknown,unknown
CSI_DATA,901978,b2:1f:e7:2b:79:66,-36,11,1,7,0,1,1,0,1,0,1,-97,0,1,0,-100278307,0,83,0,128,1,"[83,-80,4,0,-14,-11,-14,-11,-14,-10,-14,-9,-13,-9,-12,-9,-12,-9,-11,-8,-9,-8,-8,-8,-7,-9,-5,-9,-4,-10,-2,-10,-1,-10,1,-10,2,-11,3,-11,4,-11,5,-11,5,-10,5,-10,5,-10,5,-9,5,-8,1,-2,0,0,0,0,0,0,0,0,0,0,0,0,0,0,0,0,0,0,-1,-1,-1,-3,0,-3,1,-3,2,-3,4,-3,5,-3,6,-2,7,-2,8,-2,9,-2,9,-3,9,-3,9,-3,9,-4,8,-4,7,-5,6,-6,5,-7,3,-7,1,-8,-1,-9,-3,-9,-5,-10,-7,-10,-8,-11,-10,-12]",giovani,unknown,unknown
CSI_DATA,901980,b2:1f:e7:2b:79:66,-40,11,1,7,0,1,1,0,1,0,1,-97,0,1,0,-100272609,0,83,0,128,1,"[83,-80,4,0,26,34,27,33,28,32,27,30,26,29,25,28,23,27,20,26,17,26,13,25,9,25,5,25,1,24,-3,24,-7,24,-11,24,-14,23,-17,22,-19,21,-21,20,-22,19,-22,18,-22,16,-22,15,-21,14,-6,3,0,0,0,0,0,0,0,0,0,0,0,0,0,0,0,0,0,0,0,1,0,7,-2,6,-6,5,-9,4,-12,3,-15,3,-18,2,-20,2,-23,1,-24,1,-26,1,-26,2,-26,3,-25,4,-23,6,-21,9,-19,11,-16,13,-12,16,-8,19,-3,22,1,25,5,27,10,30,15,32,19,33]",giovani,unknown,unknown
CSI_DATA,901982,b2:1f:e7:2b:79:66,-36,11,1,7,0,1,1,0,1,0,1,-97,0,1,0,-100267256,0,83,0,128,1,"[83,-80,4,0,-15,-9,-15,-9,-14,-9,-14,-8,-14,-8,-13,-8,-12,-8,-11,-8,-10,-8,-8,-8,-7,-8,-6,-9,-4,-9,-3,-10,-1,-10,0,-11,1,-11,2,-11,3,-11,4,-11,5,-11,5,-10,5,-10,5,-9,5,-9,1,-3,0,0,0,0,0,0,0,0,0,0,0,0,0,0,0,0,0,0,-1,-1,-2,-3,-1,-3,1,-3,2,-3,3,-3,4,-3,6,-3,6,-4,7,-4,8,-4,9,-4,9,-4,8,-5,8,-5,7,-6,6,-6,5,-7,4,-7,2,-8,0,-8,-2,-9,-4,-9,-5,-10,-8,-10,-10,-10,-11,-10]",giovani,unknown,unknown
CSI_DATA,901984,b2:1f:e7:2b:79:66,-36,11,1,7,0,1,1,0,1,0,1,-97,0,1,0,-100259786,0,83,0,128,1,"[83,-80,4,0,9,13,10,13,10,12,10,12,9,11,9,11,8,10,7,10,6,10,4,9,3,9,1,9,0,9,-2,9,-3,9,-5,9,-6,9,-7,8,-8,8,-9,8,-9,7,-9,7,-9,6,-9,6,-9,5,-3,1,0,0,0,0,0,0,0,0,0,0,0,0,0,0,0,0,0,0,0,0,-1,2,-2,2,-3,1,-4,1,-5,0,-6,0,-7,0,-8,0,-9,-1,-10,-1,-10,-1,-11,-1,-10,0,-10,0,-10,1,-9,2,-8,3,-7,4,-5,5,-4,6,-2,7,-1,8,1,10,3,11,5,12,6,12]",giovani,unknown,unknown
CSI_DATA,901986,b2:1f:e7:2b:79:66,-40,11,1,7,0,1,1,0,1,0,1,-97,0,1,0,-100255028,0,83,0,128,1,"[83,-80,4,0,-42,12,-42,14,-41,14,-39,14,-38,14,-37,13,-35,11,-33,9,-31,6,-29,3,-28,-1,-26,-4,-24,-8,-23,-12,-21,-16,-19,-19,-17,-22,-16,-24,-14,-26,-13,-27,-11,-28,-10,-27,-9,-27,-7,-26,-6,-25,-2,-7,0,0,0,0,0,0,0,0,0,0,0,0,0,0,0,0,0,0,-2,-1,-7,-3,-6,-5,-4,-8,-2,-10,0,-13,2,-16,4,-18,6,-20,7,-22,8,-23,8,-25,7,-25,6,-25,4,-24,2,-24,-1,-23,-4,-21,-7,-19,-11,-18,-16,-15,-20,-12,-24,-9,-28,-5,-32,-1,-36,2,-38,5]",giovani,unknown,unknown
CSI_DATA,901988,b2:1f:e7:2b:79:66,-40,11,1,7,0,1,1,0,1,0,1,-97,0,1,0,-100249223,0,83,0,128,1,"[83,-80,4,0,-39,-7,-39,-7,-39,-6,-38,-5,-36,-5,-35,-5,-32,-6,-30,-7,-28,-8,-25,-10,-22,-12,-20,-14,-17,-16,-14,-19,-11,-21,-8,-23,-5,-24,-3,-26,-1,-27,0,-27,2,-27,3,-26,4,-25,4,-23,5,-23,1,-6,0,0,0,0,0,0,0,0,0,0,0,0,0,0,0,0,0,0,-2,-2,-5,-6,-3,-6,0,-7,3,-9,5,-10,8,-11,10,-13,12,-14,14,-14,15,-15,16,-16,16,-17,15,-17,14,-18,11,-18,9,-19,6,-19,2,-18,-2,-18,-7,-18,-11,-17,-16,-16,-20,-15,-25,-14,-30,-13,-33,-12]",giovani,unknown,unknown
CSI_DATA,901990,b2:1f:e7:2b:79:66,-36,11,1,7,0,1,1,0,1,0,1,-97,0,1,0,-100242674,0,83,0,128,1,"[83,-80,4,0,7,-15,7,-15,6,-15,6,-15,6,-14,6,-13,6,-12,6,-12,6,-10,6,-9,6,-8,7,-7,8,-5,9,-4,9,-2,10,-1,10,1,10,1,10,2,10,3,10,4,9,4,9,4,8,4,8,4,2,1,0,0,0,0,0,0,0,0,0,0,0,0,0,0,0,0,0,0,0,-1,2,-1,2,-1,2,1,2,2,2,3,3,4,3,5,3,6,3,7,3,8,4,8,4,8,4,8,5,8,5,7,5,6,6,5,6,3,7,2,7,0,8,-2,8,-4,8,-6,8,-8,8,-10,8,-12]",giovani,unknown,unknown
CSI_DATA,901992,b2:1f:e7:2b:79:66,-36,11,1,7,0,1,1,0,1,0,1,-97,0,1,0,-100237823,0,83,0,128,1,"[83,-80,4,0,10,12,10,12,10,11,10,11,10,10,9,10,8,10,8,9,6,9,5,9,3,9,2,9,0,9,-1,9,-3,9,-4,9,-5,9,-6,9,-7,8,-8,8,-8,8,-8,7,-8,7,-8,6,-8,6,-2,1,0,0,0,0,0,0,0,0,0,0,0,0,0,0,0,0,0,0,0,0,0,2,-1,2,-3,2,-4,1,-5,1,-6,1,-7,0,-8,0,-9,0,-10,0,-10,0,-10,0,-10,0,-10,1,-10,2,-9,3,-8,3,-7,4,-5,5,-4,6,-2,8,0,9,2,10,3,11,5,11,6,12]",giovani,unknown,unknown
CSI_DATA,901994,b2:1f:e7:2b:79:66,-36,11,1,7,0,1,1,0,1,0,1,-97,0,1,0,-100232595,0,83,0,128,1,"[83,-80,4,0,13,-9,13,-10,13,-10,12,-10,12,-9,11,-9,11,-8,10,-7,10,-6,9,-5,9,-3,9,-2,9,0,9,1,9,3,9,4,8,6,8,7,7,7,7,8,7,8,6,8,5,8,5,8,4,8,1,2,0,0,0,0,0,0,0,0,0,0,0,0,0,0,0,0,0,0,0,0,2,0,2,1,1,2,1,3,1,4,0,5,-1,6,-1,7,-1,8,-1,9,-1,9,-1,10,-1,9,0,9,1,9,1,8,2,7,4,6,5,5,6,3,7,2,9,0,10,-1,11,-3,12,-5,12,-7]",giovani,unknown,unknown
CSI_DATA,901996,b2:1f:e7:2b:79:66,-36,11,1,7,0,1,1,0,1,0,1,-97,0,1,0,-100228048,0,83,0,128,1,"[83,-80,4,0,-9,-15,-9,-15,-9,-15,-9,-14,-9,-13,-8,-13,-7,-12,-7,-12,-6,-11,-4,-11,-3,-11,-2,-10,0,-10,2,-10,3,-10,5,-9,6,-9,7,-9,8,-8,8,-8,8,-8,8,-7,8,-7,8,-6,8,-6,2,-2,0,0,0,0,0,0,0,0,0,0,0,0,0,0,0,0,0,0,0,-1,0,-3,1,-3,2,-2,3,-1,4,-1,5,0,6,1,7,1,8,2,9,2,9,2,9,2,9,1,9,1,9,0,8,-1,8,-3,7,-4,5,-5,4,-6,3,-8,1,-9,0,-11,-2,-12,-3,-13,-4,-14]",giovani,unknown,unknown
CSI_DATA,901998,b2:1f:e7:2b:79:66,-37,11,1,7,0,1,1,0,1,0,1,-97,0,1,0,-100213713,0,83,0,128,1,"[83,-80,4,0,15,-10,14,-10,14,-10,14,-10,13,-10,12,-9,12,-8,11,-7,11,-6,10,-5,10,-3,10,-2,10,0,9,2,9,4,9,5,8,7,8,8,8,8,7,9,7,9,6,9,5,9,5,9,4,9,1,2,0,0,0,0,0,0,0,0,0,0,0,0,0,0,0,0,0,0,0,0,2,0,2,1,1,2,1,3,0,4,0,6,-1,7,-1,8,-1,9,-2,9,-2,10,-2,10,-1,10,0,10,0,9,1,9,2,8,4,7,5,6,6,4,8,2,9,1,10,-1,12,-3,13,-5,14,-6]",giovani,unknown,unknown
CSI_DATA,902000,b2:1f:e7:2b:79:66,-36,11,1,7,0,1,1,0,1,0,1,-97,0,1,0,-100208972,0,83,0,128,1,"[83,-80,4,0,-10,-14,-10,-14,-10,-13,-10,-13,-10,-12,-9,-12,-9,-12,-8,-11,-7,-11,-5,-10,-4,-10,-2,-10,-1,-10,1,-10,2,-10,4,-10,5,-10,6,-10,7,-9,7,-9,8,-9,8,-8,8,-8,7,-7,7,-6,1,-2,0,0,0,0,0,0,0,0,0,0,0,0,0,0,0,0,0,0,0,-1,0,-3,1,-3,2,-2,3,-2,4,-1,5,-1,6,0,7,0,8,1,9,1,9,1,10,0,9,0,9,-1,9,-1,8,-2,7,-4,6,-5,5,-6,3,-7,2,-8,0,-10,-1,-11,-3,-12,-5,-13,-6,-14]",giovani,unknown,unknown
CSI_DATA,902002,b2:1f:e7:2b:79:66,-36,11,1,7,0,1,1,0,1,0,1,-97,0,1,0,-100203673,0,83,0,128,1,"[83,-80,4,0,-17,4,-17,5,-16,5,-15,5,-15,5,-14,5,-13,4,-13,3,-12,2,-11,1,-11,0,-10,-2,-10,-3,-9,-5,-9,-6,-8,-8,-8,-9,-7,-10,-6,-10,-6,-11,-5,-11,-5,-11,-4,-11,-4,-10,-4,-10,-1,-3,0,0,0,0,0,0,0,0,0,0,0,0,0,0,0,0,0,0,-1,-1,-3,-1,-2,-2,-2,-3,-1,-4,0,-5,1,-6,2,-7,2,-8,3,-9,3,-9,3,-10,3,-10,2,-10,1,-10,1,-10,0,-10,-2,-9,-3,-8,-5,-7,-6,-6,-8,-5,-9,-4,-11,-2,-12,-1,-14,0,-15,1]",giovani,unknown,unknown
CSI_DATA,902004,b2:1f:e7:2b:79:66,-36,11,1,7,0,1,1,0,1,0,1,-97,0,1,0,-100198393,0,83,0,128,1,"[83,-80,4,0,11,11,12,11,12,11,12,10,11,10,10,9,9,9,8,9,7,9,6,9,4,9,2,9,1,9,-1,9,-2,9,-4,9,-5,9,-6,9,-7,9,-8,8,-8,8,-8,7,-8,7,-8,6,-8,6,-2,1,0,0,0,0,0,0,0,0,0,0,0,0,0,0,0,0,0,0,0,0,0,2,-1,2,-2,2,-4,2,-5,2,-6,1,-7,1,-8,1,-9,1,-10,1,-11,1,-11,2,-10,2,-10,2,-10,3,-9,4,-8,5,-6,5,-5,6,-3,7,-1,8,1,9,3,10,5,10,7,11,9,11]",giovani,unknown,unknown
CSI_DATA,902006,b2:1f:e7:2b:79:66,-36,11,1,7,0,1,1,0,1,0,1,-97,0,1,0,-100193562,0,83,0,128,1,"[83,-80,4,0,2,16,2,16,3,16,3,15,3,15,2,14,2,13,1,13,1,12,-1,11,-2,10,-3,9,-5,8,-6,7,-7,7,-9,6,-10,5,-10,4,-11,4,-11,3,-12,3,-12,2,-11,2,-11,1,-10,1,-3,0,0,0,0,0,0,0,0,0,0,0,0,0,0,0,0,0,0,0,-1,0,-2,2,-3,1,-4,0,-4,-1,-5,-2,-6,-3,-7,-4,-7,-5,-8,-6,-9,-6,-9,-6,-9,-6,-10,-6,-10,-5,-10,-4,-9,-3,-9,-1,-9,0,-8,2,-7,4,-6,5,-5,7,-4,9,-3,11,-2,13,-1,14]",giovani,unknown,unknown
CSI_DATA,902008,b2:1f:e7:2b:79:66,-36,11,1,7,0,1,1,0,1,0,1,-97,0,1,0,-100188488,0,83,0,128,1,"[83,-80,4,0,-10,14,-10,14,-9,14,-8,13,-8,13,-8,12,-8,11,-8,10,-8,9,-8,7,-8,6,-9,5,-10,3,-10,2,-10,0,-11,-1,-11,-2,-11,-3,-11,-4,-11,-5,-11,-5,-10,-6,-10,-6,-9,-6,-9,-6,-3,-2,0,0,0,0,0,0,0,0,0,0,0,0,0,0,0,0,0,0,-1,0,-3,0,-3,-1,-3,-2,-3,-3,-3,-5,-3,-6,-3,-7,-3,-8,-3,-9,-3,-10,-4,-10,-4,-10,-4,-10,-5,-9,-5,-9,-6,-8,-7,-6,-7,-5,-8,-3,-8,-2,-9,0,-9,2,-10,4,-10,6,-10,9,-10,10]",giovani,unknown,unknown
CSI_DATA,902010,b2:1f:e7:2b:79:66,-36,11,1,7,0,1,1,0,1,0,1,-97,0,1,0,-100183162,0,83,0,128,1,"[83,-80,4,0,13,9,13,9,13,8,13,8,12,8,12,7,11,7,10,7,9,7,7,8,6,8,4,8,2,9,1,9,0,10,-2,10,-3,10,-4,10,-5,10,-6,10,-6,9,-7,9,-7,8,-7,8,-7,7,-2,1,0,0,0,0,0,0,0,0,0,0,0,0,0,0,0,0,0,0,0,0,0,2,-1,2,-2,2,-3,2,-5,2,-6,2,-7,2,-8,2,-9,2,-10,2,-10,2,-10,2,-10,3,-10,3,-9,4,-8,5,-7,5,-5,6,-4,6,-2,7,0,8,2,8,4,9,6,9,8,10,10,10]",giovani,unknown,unknown
CSI_DATA,902012,b2:1f:e7:2b:79:66,-36,11,1,7,0,1,1,0,1,0,1,-97,0,1,0,-100178484,0,83,0,128,1,"[83,-80,4,0,-17,-5,-17,-4,-17,-4,-16,-4,-16,-4,-15,-3,-14,-3,-13,-4,-12,-4,-11,-5,-10,-6,-8,-7,-7,-8,-6,-9,-5,-10,-3,-10,-2,-11,-1,-12,-1,-12,0,-12,1,-12,1,-11,1,-11,2,-11,2,-10,0,-3,0,0,0,0,0,0,0,0,0,0,0,0,0,0,0,0,0,0,-1,-1,-2,-3,-1,-3,0,-4,2,-4,3,-4,4,-5,5,-5,6,-5,7,-5,8,-6,8,-6,8,-6,8,-6,7,-7,6,-7,5,-7,4,-8,2,-8,0,-8,-2,-8,-4,-8,-6,-8,-8,-8,-10,-8,-12,-7,-13,-7]",giovani,unknown,unknown
CSI_DATA,902014,b2:1f:e7:2b:79:66,-36,11,1,7,0,1,1,0,1,0,1,-97,0,1,0,-100173194,0,83,0,128,1,"[83,-80,4,0,4,-16,3,-16,3,-16,3,-16,3,-15,3,-15,3,-14,3,-13,4,-12,4,-11,5,-9,6,-8,7,-7,8,-5,9,-4,10,-3,10,-2,10,-1,11,0,11,1,11,1,10,2,10,2,9,2,9,3,2,0,0,0,0,0,0,0,0,0,0,0,0,0,0,0,0,0,0,0,0,-1,2,-2,2,-1,3,0,3,1,3,2,4,3,4,4,4,5,5,6,5,7,6,7,6,7,6,7,6,6,7,6,7,5,7,3,7,2,7,0,7,-2,7,-4,7,-6,6,-8,6,-10,6,-12,5,-14]",giovani,unknown,unknown
CSI_DATA,902016,b2:1f:e7:2b:79:66,-40,11,1,7,0,1,1,0,1,0,1,-97,0,1,0,-100167742,0,83,0,128,1,"[83,-80,4,0,-40,5,-39,6,-38,7,-37,7,-36,7,-34,7,-32,5,-30,4,-28,1,-26,-1,-25,-4,-23,-7,-21,-10,-19,-13,-17,-17,-15,-19,-13,-21,-12,-23,-10,-25,-9,-26,-7,-26,-6,-25,-5,-25,-4,-24,-3,-23,-1,-6,0,0,0,0,0,0,0,0,0,0,0,0,0,0,0,0,0,0,-2,-1,-6,-4,-4,-6,-2,-7,0,-9,3,-11,5,-13,7,-15,9,-17,10,-18,11,-19,11,-20,11,-21,10,-21,8,-21,6,-21,3,-20,0,-20,-3,-18,-7,-17,-11,-16,-15,-14,-20,-11,-24,-9,-28,-6,-32,-4,-34,-1]",giovani,unknown,unknown
CSI_DATA,902018,b2:1f:e7:2b:79:66,-36,11,1,7,0,1,1,0,1,0,1,-97,0,1,0,-100159359,0,83,0,128,1,"[83,-80,4,0,-3,16,-3,16,-2,16,-2,15,-2,15,-2,14,-2,13,-2,12,-3,11,-4,10,-5,9,-6,8,-7,7,-8,5,-9,4,-10,3,-11,2,-11,1,-12,0,-12,0,-12,-1,-12,-2,-11,-2,-11,-2,-10,-2,-3,-1,0,0,0,0,0,0,0,0,0,0,0,0,0,0,0,0,0,0,-1,0,-2,1,-3,0,-4,-1,-4,-2,-5,-3,-5,-4,-6,-5,-6,-6,-7,-7,-7,-7,-8,-8,-8,-8,-8,-7,-8,-7,-8,-6,-8,-5,-9,-3,-8,-2,-8,0,-8,2,-7,4,-7,6,-6,8,-6,10,-5,12,-5,13]",giovani,unknown,unknown
CSI_DATA,902020,b2:1f:e7:2b:79:66,-37,11,1,7,0,1,1,0,1,0,1,-97,0,1,0,-100154213,0,83,0,128,1,"[83,-80,4,0,-29,12,-28,13,-28,13,-27,13,-26,13,-25,12,-23,11,-22,9,-21,7,-20,5,-19,2,-19,0,-18,-3,-17,-6,-17,-9,-16,-11,-15,-13,-14,-15,-14,-17,-13,-17,-12,-18,-11,-18,-10,-18,-9,-17,-8,-17,-2,-5,0,0,0,0,0,0,0,0,0,0,0,0,0,0,0,0,0,0,-2,-1,-5,-2,-4,-4,-3,-6,-2,-7,0,-9,1,-11,3,-13,4,-14,5,-16,5,-17,5,-18,5,-18,4,-18,3,-18,1,-17,-1,-16,-3,-15,-5,-14,-8,-12,-11,-10,-14,-8,-17,-5,-19,-2,-22,0,-24,3,-26,5]",giovani,unknown,unknown
CSI_DATA,902022,b2:1f:e7:2b:79:66,-36,11,1,7,0,1,1,0,1,0,1,-97,0,1,0,-100148470,0,83,0,128,1,"[83,-80,4,0,13,8,14,8,14,7,13,7,13,7,12,7,11,6,10,6,9,6,8,7,6,7,5,8,4,8,2,9,1,9,-1,10,-2,10,-3,10,-3,10,-4,10,-5,10,-5,10,-5,9,-5,9,-5,8,-2,2,0,0,0,0,0,0,0,0,0,0,0,0,0,0,0,0,0,0,0,0,0,2,-1,2,-2,2,-3,2,-5,2,-6,2,-7,2,-8,2,-9,2,-9,2,-10,2,-10,2,-10,3,-10,3,-9,4,-8,5,-7,5,-5,6,-4,6,-2,7,0,8,2,8,4,9,6,9,8,9,10,9]",giovani,unknown,unknown
CSI_DATA,902024,b2:1f:e7:2b:79:66,-36,11,1,7,0,1,1,0,1,0,1,-97,0,1,0,-100143762,0,83,0,128,1,"[83,-80,4,0,-3,16,-2,16,-2,16,-2,15,-2,15,-2,14,-2,13,-2,12,-3,11,-4,10,-5,9,-6,8,-7,7,-8,6,-9,5,-10,4,-11,2,-11,1,-12,1,-12,0,-12,-1,-12,-1,-11,-1,-11,-2,-10,-2,-3,-1,0,0,0,0,0,0,0,0,0,0,0,0,0,0,0,0,0,0,-1,0,-3,1,-3,1,-3,-1,-4,-2,-5,-3,-5,-4,-6,-5,-6,-6,-7,-7,-7,-7,-7,-7,-8,-7,-8,-7,-8,-7,-8,-6,-9,-5,-9,-3,-9,-2,-8,0,-8,2,-7,4,-7,6,-7,8,-6,10,-5,12,-5,13]",giovani,unknown,unknown
CSI_DATA,902026,b2:1f:e7:2b:79:66,-36,11,1,7,0,1,1,0,1,0,1,-97,0,1,0,-100138562,0,83,0,128,1,"[83,-80,4,0,0,16,1,16,1,16,2,15,1,14,1,14,1,13,0,12,-1,11,-2,10,-3,9,-4,9,-6,8,-7,7,-8,6,-9,5,-10,4,-11,3,-11,3,-12,2,-12,1,-11,1,-11,0,-11,0,-10,0,-3,0,0,0,0,0,0,0,0,0,0,0,0,0,0,0,0,0,0,0,-1,0,-2,2,-3,1,-4,0,-4,-1,-5,-2,-6,-3,-7,-4,-7,-5,-8,-5,-8,-6,-9,-6,-9,-6,-9,-6,-9,-5,-9,-4,-9,-3,-9,-1,-8,0,-8,2,-7,3,-6,5,-6,7,-5,9,-4,11,-3,12,-2,14]",giovani,unknown,unknown
CSI_DATA,902028,b2:1f:e7:2b:79:66,-36,11,1,7,0,1,1,0,1,0,1,-97,0,1,0,-100133524,0,83,0,128,1,"[83,-80,4,0,10,-13,9,-14,9,-14,9,-14,8,-13,8,-12,8,-11,7,-10,7,-9,7,-8,8,-7,8,-5,9,-3,9,-2,10,-1,10,1,10,2,10,3,10,4,9,5,9,5,9,6,8,6,8,6,7,6,1,1,0,0,0,0,0,0,0,0,0,0,0,0,0,0,0,0,0,0,0,-1,2,-1,2,0,2,1,2,2,2,4,1,5,1,6,1,7,2,8,2,9,2,9,2,9,2,9,3,9,3,8,4,7,5,6,6,4,6,3,7,1,8,0,8,-3,9,-5,9,-6,10,-8,10,-10]",giovani,unknown,unknown
CSI_DATA,902030,b2:1f:e7:2b:79:66,-36,11,1,7,0,1,1,0,1,0,1,-97,0,1,0,-100127394,0,83,0,128,1,"[83,-80,4,0,-7,15,-6,15,-5,15,-5,14,-5,14,-5,13,-5,12,-5,11,-5,10,-6,9,-7,8,-8,6,-8,5,-9,4,-10,2,-11,1,-11,0,-11,-1,-11,-2,-12,-2,-12,-3,-11,-3,-11,-4,-10,-4,-10,-4,-3,-1,0,0,0,0,0,0,0,0,0,0,0,0,0,0,0,0,0,0,-1,0,-3,1,-3,0,-3,-2,-4,-3,-4,-4,-4,-5,-4,-6,-5,-7,-5,-8,-5,-9,-5,-9,-5,-9,-6,-9,-6,-9,-7,-8,-7,-7,-8,-5,-8,-4,-8,-2,-8,0,-8,2,-8,4,-8,6,-8,8,-8,10,-8,11]",giovani,unknown,unknown
CSI_DATA,902032,b2:1f:e7:2b:79:66,-37,11,1,7,0,1,1,0,1,0,1,-97,0,1,0,-100110566,0,83,0,128,1,"[83,-80,4,0,-7,14,-6,15,-6,14,-5,14,-5,13,-5,13,-5,12,-5,11,-5,10,-6,8,-7,7,-8,6,-8,5,-9,3,-10,2,-10,1,-11,0,-11,-1,-11,-2,-11,-2,-11,-3,-11,-3,-10,-3,-10,-4,-9,-4,-3,-1,0,0,0,0,0,0,0,0,0,0,0,0,0,0,0,0,0,0,-1,0,-3,1,-3,0,-3,-1,-4,-3,-4,-4,-4,-5,-4,-6,-4,-7,-4,-8,-5,-9,-5,-9,-5,-9,-5,-9,-6,-8,-6,-8,-7,-6,-7,-5,-8,-4,-8,-2,-8,0,-8,2,-8,4,-8,6,-8,8,-8,9,-8,11]",giovani,unknown,unknown
CSI_DATA,902034,b2:1f:e7:2b:79:66,-36,11,1,7,0,1,1,0,1,0,1,-97,0,1,0,-100104691,0,83,0,128,1,"[83,-80,4,0,-8,14,-8,14,-8,14,-7,14,-7,13,-6,12,-6,12,-6,11,-7,9,-7,8,-8,7,-8,5,-9,4,-10,2,-10,1,-11,0,-11,-2,-11,-3,-11,-4,-11,-4,-11,-5,-11,-5,-10,-5,-10,-5,-9,-6,-3,-2,0,0,0,0,0,0,0,0,0,0,0,0,0,0,0,0,0,0,-1,0,-3,1,-3,0,-3,-2,-4,-3,-4,-4,-4,-5,-4,-7,-4,-8,-4,-8,-4,-9,-5,-10,-5,-10,-5,-10,-6,-9,-6,-8,-7,-7,-7,-6,-8,-4,-8,-3,-9,-1,-9,1,-9,3,-9,5,-9,7,-9,9,-9,10]",giovani,unknown,unknown
CSI_DATA,902036,b2:1f:e7:2b:79:66,-36,11,1,7,0,1,1,0,1,0,1,-97,0,1,0,-100099107,0,83,0,128,1,"[83,-80,4,0,-15,8,-15,9,-14,9,-14,9,-13,9,-13,8,-12,7,-12,6,-11,5,-11,4,-11,2,-11,1,-11,-1,-10,-2,-10,-4,-10,-5,-9,-6,-9,-8,-9,-8,-8,-9,-8,-9,-8,-9,-7,-9,-6,-9,-6,-9,-2,-3,0,0,0,0,0,0,0,0,0,0,0,0,0,0,0,0,0,0,-1,-1,-3,-1,-3,-2,-2,-3,-2,-4,-1,-6,0,-7,0,-8,0,-9,1,-9,1,-10,1,-11,1,-11,0,-11,0,-11,-1,-10,-2,-10,-3,-9,-5,-8,-6,-6,-7,-5,-8,-3,-10,-2,-11,0,-12,2,-13,4,-14,5]",giovani,unknown,unknown
CSI_DATA,902038,b2:1f:e7:2b:79:66,-36,11,1,7,0,1,1,0,1,0,1,-97,0,1,0,-100093467,0,83,0,128,1,"[83,-80,4,0,3,16,3,16,4,16,4,15,3,14,3,14,2,13,2,13,1,12,0,11,-2,10,-4,9,-5,8,-6,8,-8,7,-9,6,-10,5,-11,4,-11,3,-12,3,-12,2,-12,2,-12,1,-11,1,-11,0,-3,0,0,0,0,0,0,0,0,0,0,0,0,0,0,0,0,0,0,0,-1,0,-2,2,-2,1,-3,0,-5,-1,-6,-1,-6,-2,-7,-3,-8,-3,-9,-4,-9,-4,-10,-5,-10,-4,-10,-4,-10,-4,-10,-3,-10,-1,-9,0,-9,1,-8,3,-7,5,-6,6,-5,8,-3,10,-2,11,-1,13,1,14]",giovani,unknown,unknown
CSI_DATA,902040,b2:1f:e7:2b:79:66,-36,11,1,7,0,1,1,0,1,0,1,-97,0,1,0,-100088339,0,83,0,128,1,"[83,-80,4,0,11,11,12,11,12,11,11,10,11,10,10,9,10,9,9,9,7,8,6,8,4,9,3,9,1,9,0,10,-1,10,-3,10,-4,10,-5,10,-6,9,-7,9,-7,9,-8,8,-8,8,-8,7,-7,7,-2,1,0,0,0,0,0,0,0,0,0,0,0,0,0,0,0,0,0,0,0,0,0,2,-1,2,-3,2,-4,1,-5,1,-6,1,-7,1,-8,1,-9,0,-10,0,-11,0,-11,1,-11,1,-10,1,-10,2,-9,3,-8,4,-6,5,-5,6,-3,7,-1,8,0,9,2,9,4,10,6,11,8,11]",giovani,unknown,unknown
CSI_DATA,902042,b2:1f:e7:2b:79:66,-36,11,1,7,0,1,1,0,1,0,1,-97,0,1,0,-100083108,0,83,0,128,1,"[83,-80,4,0,-16,-8,-16,-7,-15,-7,-15,-7,-15,-6,-14,-6,-13,-6,-12,-7,-11,-7,-9,-7,-8,-8,-7,-8,-5,-9,-4,-10,-2,-10,-1,-11,0,-11,1,-11,2,-11,3,-11,3,-11,4,-11,4,-10,4,-10,4,-9,1,-3,0,0,0,0,0,0,0,0,0,0,0,0,0,0,0,0,0,0,-1,-1,-2,-3,-1,-3,1,-3,2,-3,3,-4,5,-4,6,-4,7,-4,8,-4,8,-4,9,-5,9,-5,9,-5,8,-6,7,-6,6,-7,5,-7,3,-8,2,-8,0,-8,-2,-9,-4,-9,-6,-9,-8,-9,-10,-9,-12,-9]",giovani,unknown,unknown
CSI_DATA,902044,b2:1f:e7:2b:79:66,-36,11,1,7,0,1,1,0,1,0,1,-97,0,1,0,-100077638,0,83,0,128,1,"[83,-80,4,0,-12,12,-12,12,-11,12,-10,12,-10,11,-10,11,-9,10,-9,9,-9,8,-9,6,-10,5,-10,3,-10,2,-10,0,-11,-1,-11,-3,-11,-4,-11,-5,-11,-6,-10,-7,-10,-7,-10,-7,-9,-7,-8,-7,-8,-7,-2,-2,0,0,0,0,0,0,0,0,0,0,0,0,0,0,0,0,0,0,-1,0,-3,0,-3,-1,-3,-3,-3,-4,-2,-5,-2,-6,-2,-7,-1,-8,-2,-9,-2,-10,-2,-11,-2,-11,-2,-11,-3,-10,-4,-10,-4,-9,-5,-8,-6,-6,-7,-5,-8,-3,-9,-1,-9,1,-10,3,-11,5,-12,6,-12,8]",giovani,unknown,unknown
CSI_DATA,902046,b2:1f:e7:2b:79:66,-36,11,1,7,0,1,1,0,1,0,1,-97,0,1,0,-100072186,0,83,0,128,1,"[83,-80,4,0,14,-9,14,-10,13,-10,13,-10,12,-9,12,-9,11,-8,11,-7,10,-6,10,-5,10,-3,9,-2,9,0,9,1,9,3,9,4,8,6,8,7,8,7,8,8,7,8,6,8,6,8,5,8,5,8,1,2,0,0,0,0,0,0,0,0,0,0,0,0,0,0,0,0,0,0,0,0,2,0,2,1,1,2,0,3,0,4,-1,6,-1,7,-2,8,-2,8,-2,9,-3,10,-2,10,-2,10,-1,9,0,9,1,9,2,8,3,7,5,5,6,4,7,3,9,1,10,-1,11,-2,12,-4,13,-5]",giovani,unknown,unknown
CSI_DATA,902048,b2:1f:e7:2b:79:66,-36,11,1,7,0,1,1,0,1,0,1,-97,0,1,0,-100067539,0,83,0,128,1,"[83,-80,4,0,-13,-11,-13,-11,-13,-11,-13,-10,-13,-9,-12,-9,-11,-9,-11,-9,-9,-9,-8,-9,-7,-9,-5,-9,-4,-10,-2,-10,-1,-11,0,-11,2,-11,3,-11,3,-11,4,-11,5,-11,5,-10,5,-10,5,-9,5,-9,1,-3,0,0,0,0,0,0,0,0,0,0,0,0,0,0,0,0,0,0,-1,-1,0,-3,0,-3,2,-3,3,-2,4,-2,5,-2,7,-2,7,-1,8,-1,9,-1,10,-1,10,-2,9,-2,9,-3,9,-4,8,-4,7,-5,5,-6,4,-7,2,-8,0,-9,-2,-9,-4,-10,-6,-11,-7,-11,-9,-12]",giovani,unknown,unknown
CSI_DATA,902050,b2:1f:e7:2b:79:66,-36,11,1,7,0,1,1,0,1,0,1,-97,0,1,0,-100062357,0,83,0,128,1,"[83,-80,4,0,-9,14,-8,14,-8,14,-7,14,-7,13,-7,12,-7,12,-7,11,-7,9,-7,8,-8,7,-9,6,-9,4,-10,3,-10,1,-11,0,-11,-1,-11,-3,-11,-3,-11,-4,-11,-5,-11,-5,-10,-5,-10,-5,-9,-5,-3,-2,0,0,0,0,0,0,0,0,0,0,0,0,0,0,0,0,0,0,-1,0,-3,0,-3,-1,-3,-2,-4,-3,-4,-5,-4,-6,-4,-7,-4,-8,-4,-9,-4,-9,-4,-10,-5,-10,-5,-10,-5,-9,-6,-9,-6,-8,-7,-6,-7,-5,-8,-3,-8,-1,-8,1,-9,3,-9,5,-9,7,-9,9,-9,10]",giovani,unknown,unknown
CSI_DATA,902052,b2:1f:e7:2b:79:66,-36,11,1,7,0,1,1,0,1,0,1,-97,0,1,0,-100056859,0,83,0,128,1,"[83,-80,4,0,16,1,16,1,16,0,15,0,15,0,14,0,13,1,12,1,11,2,10,2,9,3,8,5,7,6,6,7,5,8,3,9,2,10,1,10,1,11,0,11,0,11,-1,10,-1,10,-2,10,-2,9,-1,2,0,0,0,0,0,0,0,0,0,0,0,0,0,0,0,0,0,0,0,0,1,2,1,2,-1,3,-2,3,-3,4,-4,4,-5,5,-6,5,-7,6,-7,6,-8,7,-8,7,-7,7,-7,7,-6,7,-5,7,-4,7,-2,7,0,7,2,7,4,6,6,6,8,5,10,5,12,4,13,4]",giovani,unknown,unknown
CSI_DATA,902054,b2:1f:e7:2b:79:66,-36,11,1,7,0,1,1,0,1,0,1,-97,0,1,0,-100052035,0,83,0,128,1,"[83,-80,4,0,-5,15,-5,15,-4,15,-4,15,-4,14,-4,13,-4,12,-4,11,-4,10,-5,9,-6,8,-7,7,-8,6,-9,4,-10,3,-10,2,-11,1,-11,0,-11,-1,-12,-2,-12,-2,-11,-3,-11,-3,-10,-3,-10,-4,-3,-1,0,0,0,0,0,0,0,0,0,0,0,0,0,0,0,0,0,0,-1,0,-3,1,-3,0,-4,-1,-4,-2,-5,-4,-5,-5,-5,-6,-5,-6,-6,-7,-6,-8,-7,-8,-7,-8,-7,-8,-7,-8,-8,-7,-8,-6,-8,-4,-8,-3,-8,-1,-8,1,-8,3,-8,5,-7,7,-7,9,-7,11,-6,12]",giovani,unknown,unknown
CSI_DATA,902056,b2:1f:e7:2b:79:66,-36,11,1,7,0,1,1,0,1,0,1,-97,0,1,0,-100046368,0,83,0,128,1,"[83,-80,4,0,15,-4,15,-4,15,-5,15,-5,14,-5,13,-4,13,-4,12,-3,11,-2,10,-1,10,0,9,2,8,3,8,5,7,6,6,7,5,8,5,9,4,10,4,10,3,10,2,10,2,10,2,10,1,9,0,2,0,0,0,0,0,0,0,0,0,0,0,0,0,0,0,0,0,0,0,0,2,1,1,1,0,2,-1,3,-1,4,-2,5,-3,6,-4,7,-4,8,-5,8,-5,9,-5,9,-5,9,-4,9,-3,9,-2,8,-1,8,1,7,2,6,4,6,6,5,7,3,9,2,11,1,13,0,14,-1]",giovani,unknown,unknown
CSI_DATA,902058,b2:1f:e7:2b:79:66,-36,11,1,7,0,1,1,0,1,0,1,-97,0,1,0,-100041227,0,83,0,128,1,"[83,-80,4,0,2,16,2,16,3,16,3,15,3,14,2,13,2,13,1,12,1,11,0,10,-2,10,-3,9,-4,8,-6,8,-7,7,-8,6,-9,6,-10,5,-11,4,-11,4,-11,3,-11,3,-11,2,-11,1,-10,1,-3,0,0,0,0,0,0,0,0,0,0,0,0,0,0,0,0,0,0,0,-1,0,-2,2,-3,1,-4,0,-5,-1,-5,-2,-6,-3,-7,-4,-7,-5,-8,-6,-8,-6,-9,-6,-9,-6,-9,-6,-9,-5,-9,-4,-9,-3,-9,-2,-8,0,-8,1,-7,3,-6,5,-5,7,-4,9,-3,11,-2,12,-1,13]",giovani,unknown,unknown
CSI_DATA,902060,b2:1f:e7:2b:79:66,-36,11,1,7,0,1,1,0,1,0,1,-97,0,1,0,-100035283,0,83,0,128,1,"[83,-80,4,0,-17,1,-17,1,-17,2,-16,2,-16,2,-15,1,-14,1,-13,0,-12,-1,-11,-2,-11,-3,-10,-4,-9,-5,-8,-7,-7,-8,-7,-9,-6,-10,-5,-11,-4,-11,-4,-12,-3,-12,-3,-11,-2,-11,-2,-11,-1,-10,-1,-3,0,0,0,0,0,0,0,0,0,0,0,0,0,0,0,0,0,0,-1,-1,-3,-2,-2,-3,-1,-4,0,-4,1,-5,2,-6,3,-7,4,-7,5,-8,5,-8,6,-9,6,-9,5,-9,5,-9,4,-9,3,-9,1,-9,0,-8,-2,-8,-4,-7,-6,-7,-8,-6,-9,-5,-11,-4,-13,-3,-14,-2]",giovani,unknown,unknown
CSI_DATA,902062,b2:1f:e7:2b:79:66,-36,11,1,7,0,1,1,0,1,0,1,-97,0,1,0,-100029938,0,83,0,128,1,"[83,-80,4,0,-17,0,-17,1,-17,1,-16,1,-16,1,-15,1,-14,1,-13,0,-12,-1,-12,-2,-11,-3,-10,-4,-9,-6,-8,-7,-7,-8,-6,-9,-5,-10,-4,-11,-4,-11,-3,-12,-3,-12,-2,-12,-1,-11,-1,-11,-1,-10,-1,-3,0,0,0,0,0,0,0,0,0,0,0,0,0,0,0,0,0,0,-1,-1,-3,-2,-2,-3,-1,-4,0,-4,1,-5,2,-6,3,-7,4,-7,5,-8,5,-8,6,-9,6,-9,5,-9,4,-9,3,-9,2,-9,1,-9,0,-8,-2,-8,-4,-7,-6,-7,-7,-6,-10,-5,-12,-4,-13,-3,-14,-2]",giovani,unknown,unknown
CSI_DATA,902064,b2:1f:e7:2b:79:66,-36,11,1,7,0,1,1,0,1,0,1,-97,0,1,0,-100024702,0,83,0,128,1,"[83,-80,4,0,16,-2,16,-3,16,-3,15,-4,14,-3,14,-3,13,-3,12,-2,11,-2,11,0,10,1,9,2,8,3,8,5,7,6,6,7,5,8,5,9,4,10,4,10,3,10,3,10,2,10,2,9,1,9,0,2,0,0,0,0,0,0,0,0,0,0,0,0,0,0,0,0,0,0,0,0,2,2,1,2,0,3,-1,3,-2,4,-4,5,-4,6,-5,6,-6,7,-6,7,-7,8,-7,8,-6,8,-5,8,-4,8,-3,8,-2,8,0,7,1,7,3,6,5,5,7,4,9,3,11,3,12,2,14,1]",giovani,unknown,unknown
CSI_DATA,902066,b2:1f:e7:2b:79:66,-36,11,1,7,0,1,1,0,1,0,1,-97,0,1,0,-100009743,0,83,0,128,1,"[83,-80,4,0,-6,-16,-6,-16,-6,-15,-6,-15,-6,-14,-6,-14,-5,-13,-4,-13,-3,-12,-2,-11,-1,-11,0,-10,2,-10,3,-9,5,-9,6,-8,7,-8,8,-7,8,-7,9,-6,9,-6,9,-5,9,-5,9,-4,9,-4,2,-1,0,0,0,0,0,0,0,0,0,0,0,0,0,0,0,0,0,0,0,-1,0,-3,1,-2,2,-2,3,-1,4,0,5,1,6,1,6,2,7,3,8,3,9,3,9,3,9,2,9,2,9,1,8,0,8,-2,7,-3,6,-4,5,-5,4,-7,3,-9,1,-10,0,-12,-1,-13,-2,-14]",giovani,unknown,unknown
CSI_DATA,902068,b2:1f:e7:2b:79:66,-36,11,1,7,0,1,1,0,1,0,1,-97,0,1,0,-100004336,0,83,0,128,1,"[83,-80,4,0,16,-3,16,-4,15,-4,15,-4,14,-4,14,-3,13,-3,12,-2,11,-1,11,0,10,1,9,2,8,4,8,5,7,7,6,8,5,9,4,10,4,10,3,10,2,10,2,10,1,10,1,10,1,9,0,2,0,0,0,0,0,0,0,0,0,0,0,0,0,0,0,0,0,0,0,0,2,1,1,1,0,2,-1,3,-1,4,-2,5,-3,6,-4,7,-4,7,-5,8,-5,8,-5,9,-5,9,-4,9,-3,9,-2,9,-1,8,1,7,2,7,4,6,6,5,7,4,9,3,11,2,13,1,14,-1]",giovani,unknown,unknown
CSI_DATA,902070,b2:1f:e7:2b:79:66,-36,11,1,7,0,1,1,0,1,0,1,-97,0,1,0,-99999507,0,83,0,128,1,"[83,-80,4,0,13,9,13,9,13,9,13,8,12,8,12,8,11,7,10,7,9,7,7,7,6,8,4,8,3,9,1,9,0,10,-2,10,-3,10,-4,10,-5,10,-5,10,-6,10,-6,9,-7,9,-7,8,-7,8,-2,2,0,0,0,0,0,0,0,0,0,0,0,0,0,0,0,0,0,0,0,0,0,2,-1,2,-3,2,-4,2,-5,2,-6,1,-8,1,-9,1,-10,1,-10,1,-11,1,-11,2,-11,2,-10,2,-10,3,-9,4,-8,5,-6,5,-4,6,-2,7,-1,8,1,8,4,9,6,9,7,10,9,10]",giovani,unknown,unknown
CSI_DATA,902072,b2:1f:e7:2b:79:66,-36,11,1,7,0,1,1,0,1,0,1,-97,0,1,0,-99994489,0,83,0,128,1,"[83,-80,4,0,-17,1,-17,2,-17,2,-16,3,-16,3,-15,2,-14,2,-13,1,-13,0,-12,-1,-11,-2,-11,-3,-10,-5,-9,-6,-8,-7,-8,-8,-7,-9,-6,-10,-6,-11,-5,-11,-5,-11,-4,-11,-4,-11,-3,-11,-3,-10,-1,-3,0,0,0,0,0,0,0,0,0,0,0,0,0,0,0,0,0,0,-1,-1,-2,-3,-2,-3,0,-4,0,-4,2,-5,3,-6,4,-6,5,-7,5,-7,6,-8,6,-8,6,-9,6,-9,5,-9,4,-9,3,-9,2,-9,0,-8,-2,-8,-4,-7,-6,-6,-8,-5,-10,-5,-11,-4,-13,-3,-14,-2]",giovani,unknown,unknown
CSI_DATA,902074,b2:1f:e7:2b:79:66,-36,11,1,7,0,1,1,0,1,0,1,-97,0,1,0,-99989234,0,83,0,128,1,"[83,-80,4,0,6,15,6,14,7,14,7,14,6,13,6,12,5,12,4,11,3,11,2,10,0,10,-1,9,-3,9,-4,8,-5,8,-7,8,-8,7,-9,6,-10,6,-10,5,-11,5,-11,4,-10,4,-10,3,-10,3,-3,0,0,0,0,0,0,0,0,0,0,0,0,0,0,0,0,0,0,0,-1,0,-1,2,-2,2,-3,1,-5,0,-6,0,-7,-1,-8,-1,-9,-2,-9,-3,-10,-3,-11,-3,-11,-2,-11,-2,-10,-2,-10,-1,-10,0,-9,1,-8,2,-7,4,-6,5,-4,7,-3,8,-1,10,0,11,2,12,3,13]",giovani,unknown,unknown
CSI_DATA,902076,b2:1f:e7:2b:79:66,-36,11,1,7,0,1,1,0,1,0,1,-97,0,1,0,-99984223,0,83,0,128,1,"[83,-80,4,0,11,-12,11,-12,11,-12,10,-12,10,-12,9,-11,9,-10,9,-9,8,-8,8,-7,8,-6,9,-4,9,-2,9,-1,9,1,9,2,9,4,9,5,9,5,9,6,8,7,8,7,7,7,7,7,6,7,1,1,0,0,0,0,0,0,0,0,0,0,0,0,0,0,0,0,0,0,0,-1,2,-1,2,0,2,1,1,3,1,4,1,5,1,6,1,8,1,8,1,9,1,10,1,10,1,10,2,9,2,9,3,8,4,7,5,5,6,4,7,2,8,1,8,-1,9,-3,10,-5,11,-7,11,-9]",giovani,unknown,unknown
CSI_DATA,902078,b2:1f:e7:2b:79:66,-36,11,1,7,0,1,1,0,1,0,1,-97,0,1,0,-99979734,0,83,0,128,1,"[83,-80,4,0,13,9,13,8,14,8,13,8,13,7,12,7,11,7,10,7,9,7,7,7,6,7,4,8,3,9,2,9,0,10,-1,10,-2,10,-3,10,-4,10,-5,10,-5,10,-6,9,-6,9,-6,8,-6,8,-2,2,0,0,0,0,0,0,0,0,0,0,0,0,0,0,0,0,0,0,0,0,0,2,-1,2,-2,2,-3,2,-5,2,-6,2,-7,2,-8,2,-9,2,-10,2,-10,2,-10,2,-10,3,-10,3,-9,4,-8,5,-7,5,-6,6,-4,6,-2,7,0,8,2,8,4,9,6,9,8,9,10,9]",giovani,unknown,unknown
CSI_DATA,902080,b2:1f:e7:2b:79:66,-36,11,1,7,0,1,1,0,1,0,1,-97,0,1,0,-99973173,0,83,0,128,1,"[83,-80,4,0,15,-4,15,-4,15,-5,15,-5,14,-5,14,-4,13,-4,12,-3,11,-2,11,-1,10,0,9,2,9,3,8,5,7,6,6,7,6,8,5,9,4,10,4,10,3,10,2,10,2,10,1,10,1,9,0,2,0,0,0,0,0,0,0,0,0,0,0,0,0,0,0,0,0,0,0,0,2,1,2,1,1,2,0,3,-1,4,-2,5,-3,6,-4,7,-4,8,-4,8,-5,9,-5,9,-4,9,-4,9,-3,9,-2,8,-1,8,1,7,3,7,4,6,6,5,8,4,9,2,11,1,13,0,14,-1]",giovani,unknown,unknown
CSI_DATA,902082,b2:1f:e7:2b:79:66,-36,11,1,7,0,1,1,0,1,0,1,-97,0,1,0,-99968522,0,83,0,128,1,"[83,-80,4,0,-16,5,-16,5,-16,5,-15,5,-14,5,-14,5,-13,4,-13,3,-12,2,-11,1,-11,0,-11,-1,-10,-3,-9,-4,-9,-6,-8,-7,-8,-8,-7,-9,-7,-10,-6,-10,-6,-11,-5,-11,-5,-10,-4,-10,-4,-10,-1,-3,0,0,0,0,0,0,0,0,0,0,0,0,0,0,0,0,0,0,-1,-1,-3,-2,-3,-3,-2,-3,-1,-4,0,-5,1,-6,2,-7,2,-8,3,-9,3,-9,3,-10,3,-10,3,-10,2,-10,1,-10,0,-10,-1,-9,-3,-8,-4,-7,-6,-6,-7,-5,-9,-4,-10,-3,-12,-1,-14,0,-14,1]",giovani,unknown,unknown
CSI_DATA,902084,b2:1f:e7:2b:79:66,-36,11,1,7,0,1,1,0,1,0,1,-97,0,1,0,-99963283,0,83,0,128,1,"[83,-80,4,0,5,-16,4,-16,4,-16,4,-16,4,-15,3,-14,3,-13,4,-12,4,-11,5,-10,5,-9,6,-8,7,-6,8,-5,9,-4,10,-3,10,-1,10,0,11,0,11,1,11,1,10,2,10,2,9,2,9,2,2,0,0,0,0,0,0,0,0,0,0,0,0,0,0,0,0,0,0,0,0,-1,2,-1,2,-1,2,0,3,2,3,3,3,4,3,5,3,6,4,7,4,8,4,8,5,8,5,8,5,7,6,7,6,6,6,4,7,3,7,1,7,-1,7,-3,7,-5,7,-7,7,-9,7,-11,7,-12]",giovani,unknown,unknown
CSI_DATA,902086,b2:1f:e7:2b:79:66,-36,11,1,7,0,1,1,0,1,0,1,-97,0,1,0,-99954503,0,83,0,128,1,"[83,-80,4,0,-16,-7,-16,-7,-16,-6,-15,-6,-15,-5,-14,-5,-13,-5,-12,-6,-11,-6,-10,-6,-8,-7,-7,-8,-6,-9,-5,-9,-3,-10,-2,-11,-1,-11,0,-11,1,-12,1,-12,2,-12,3,-11,3,-11,3,-10,3,-10,0,-3,0,0,0,0,0,0,0,0,0,0,0,0,0,0,0,0,0,0,-1,-1,-1,-3,-1,-3,1,-3,2,-3,3,-4,5,-4,6,-4,7,-4,8,-4,8,-4,9,-5,9,-5,9,-5,8,-6,7,-6,6,-7,5,-7,3,-8,1,-8,0,-8,-2,-8,-4,-9,-6,-9,-8,-9,-10,-9,-11,-9]",giovani,unknown,unknown
CSI_DATA,902088,b2:1f:e7:2b:79:66,-36,11,1,7,0,1,1,0,1,0,1,-97,0,1,0,-99947798,0,83,0,128,1,"[83,-80,4,0,-13,-11,-14,-10,-14,-10,-13,-10,-13,-9,-12,-9,-11,-9,-10,-9,-9,-9,-8,-9,-7,-9,-5,-9,-4,-9,-2,-10,-1,-10,1,-10,2,-11,3,-11,4,-11,5,-10,5,-10,6,-10,6,-9,6,-8,6,-8,1,-2,0,0,0,0,0,0,0,0,0,0,0,0,0,0,0,0,0,0,-1,-1,-1,-3,0,-3,1,-3,3,-3,4,-3,5,-2,6,-2,7,-2,8,-2,9,-2,9,-2,10,-3,9,-3,9,-3,8,-4,7,-5,6,-6,5,-6,3,-7,2,-8,0,-8,-2,-9,-4,-10,-6,-10,-8,-11,-9,-11]",giovani,unknown,unknown
CSI_DATA,902090,b2:1f:e7:2b:79:66,-40,11,1,7,0,1,1,0,1,0,1,-97,0,1,0,-99942625,0,83,0,128,1,"[83,-80,4,0,2,-38,1,-38,0,-38,-1,-37,-1,-35,0,-34,0,-32,1,-30,3,-28,5,-26,8,-23,10,-21,13,-19,15,-16,18,-13,20,-11,22,-9,23,-7,24,-5,25,-3,25,-2,24,-1,23,0,22,1,22,2,5,0,0,0,0,0,0,0,0,0,0,0,0,0,0,0,0,0,0,0,0,-2,4,-5,5,-3,6,-1,8,2,9,4,11,7,12,9,13,10,15,12,16,14,17,14,17,14,18,13,18,12,18,10,18,7,18,4,17,0,17,-3,16,-7,15,-12,13,-16,12,-21,10,-25,8,-29,7,-32]",giovani,unknown,unknown
CSI_DATA,902092,b2:1f:e7:2b:79:66,-36,11,1,7,0,1,1,0,1,0,1,-97,0,1,0,-99937434,0,83,0,128,1,"[83,-80,4,0,13,-8,13,-8,13,-8,13,-8,12,-8,12,-8,11,-7,11,-6,10,-5,10,-4,9,-3,9,-1,9,0,9,2,8,4,8,5,8,6,7,7,7,8,7,8,6,8,5,8,5,8,4,8,4,8,1,2,0,0,0,0,0,0,0,0,0,0,0,0,0,0,0,0,0,0,0,0,2,0,2,1,1,2,0,3,0,4,-1,5,-1,6,-2,7,-2,8,-2,9,-3,9,-3,9,-2,9,-1,9,-1,9,0,8,1,7,2,6,4,6,5,4,7,3,8,1,9,0,10,-1,12,-3,13,-4]",giovani,unknown,unknown
CSI_DATA,902094,b2:1f:e7:2b:79:66,-36,11,1,7,0,1,1,0,1,0,1,-97,0,1,0,-99932393,0,83,0,128,1,"[83,-80,4,0,-9,14,-8,14,-8,14,-8,14,-7,13,-7,12,-7,12,-7,11,-7,9,-8,8,-8,6,-9,5,-9,4,-10,3,-10,1,-11,0,-11,-1,-11,-3,-11,-3,-11,-4,-11,-5,-11,-5,-10,-5,-10,-5,-9,-6,-3,-2,0,0,0,0,0,0,0,0,0,0,0,0,0,0,0,0,0,0,-1,0,-3,0,-3,-1,-3,-2,-3,-4,-3,-5,-3,-6,-3,-7,-3,-8,-3,-9,-3,-10,-4,-10,-4,-10,-4,-10,-5,-10,-5,-9,-6,-8,-6,-7,-7,-5,-7,-4,-8,-2,-8,0,-9,2,-9,4,-9,6,-9,8,-9,10]",giovani,unknown,unknown
CSI_DATA,902096,b2:1f:e7:2b:79:66,-36,11,1,7,0,1,1,0,1,0,1,-97,0,1,0,-99927102,0,83,0,128,1,"[83,-80,4,0,-17,4,-16,4,-16,5,-15,5,-15,5,-14,4,-14,4,-13,3,-12,2,-11,1,-11,0,-11,-2,-10,-3,-10,-5,-9,-6,-8,-7,-8,-8,-7,-9,-7,-10,-6,-11,-6,-11,-5,-11,-5,-11,-4,-10,-4,-10,-1,-3,0,0,0,0,0,0,0,0,0,0,0,0,0,0,0,0,0,0,-1,-1,-3,-2,-2,-3,-1,-4,0,-5,1,-5,2,-6,2,-7,3,-8,3,-8,4,-9,4,-9,4,-10,4,-10,3,-10,2,-10,1,-9,0,-9,-2,-8,-3,-8,-5,-7,-7,-6,-9,-4,-10,-3,-12,-2,-13,-1,-14,0]",giovani,unknown,unknown
CSI_DATA,902098,b2:1f:e7:2b:79:66,-40,11,1,7,0,1,1,0,1,0,1,-97,0,1,0,-99921822,0,83,0,128,1,"[83,-80,4,0,9,38,10,37,11,37,11,35,11,34,10,33,9,31,7,30,5,28,2,26,-2,25,-5,23,-8,21,-11,20,-15,18,-18,17,-20,15,-22,13,-23,12,-25,11,-25,9,-25,8,-25,6,-24,5,-23,4,-6,1,0,0,0,0,0,0,0,0,0,0,0,0,0,0,0,0,0,0,-1,1,-4,5,-5,4,-8,1,-10,-1,-12,-3,-14,-4,-16,-6,-18,-8,-20,-9,-21,-11,-22,-11,-22,-10,-22,-9,-22,-8,-22,-6,-21,-3,-21,0,-19,4,-17,7,-14,11,-12,15,-9,19,-7,24,-4,27,0,31,2,33]",giovani,unknown,unknown
CSI_DATA,902100,b2:1f:e7:2b:79:66,-37,11,1,7,0,1,1,0,1,0,1,-97,0,1,0,-99906570,0,83,0,128,1,"[83,-80,4,0,-16,-10,-16,-9,-16,-9,-16,-8,-15,-8,-14,-7,-13,-8,-12,-7,-11,-8,-10,-8,-9,-9,-7,-9,-6,-10,-4,-10,-3,-11,-1,-12,0,-12,1,-12,2,-12,3,-12,4,-12,4,-12,4,-11,4,-11,4,-10,1,-3,0,0,0,0,0,0,0,0,0,0,0,0,0,0,0,0,0,0,-1,-1,-1,-4,0,-3,1,-3,3,-3,4,-3,5,-3,6,-3,8,-3,9,-3,9,-4,10,-4,10,-4,10,-4,9,-5,8,-6,7,-6,6,-7,4,-8,3,-8,1,-9,-1,-9,-3,-10,-6,-10,-8,-11,-10,-11,-11,-11]",giovani,unknown,unknown
CSI_DATA,902102,b2:1f:e7:2b:79:66,-36,11,1,7,0,1,1,0,1,0,1,-97,0,1,0,-99900736,0,83,0,128,1,"[83,-80,4,0,-5,15,-5,15,-4,15,-4,15,-4,14,-4,13,-4,13,-4,12,-5,11,-5,9,-6,8,-7,6,-8,5,-9,4,-10,3,-10,1,-11,0,-11,-1,-11,-2,-11,-2,-11,-3,-11,-3,-11,-4,-10,-4,-10,-4,-3,-1,0,0,0,0,0,0,0,0,0,0,0,0,0,0,0,0,0,0,-1,0,-3,1,-3,0,-4,-1,-4,-2,-5,-4,-5,-5,-5,-6,-6,-7,-6,-7,-7,-8,-7,-8,-7,-8,-8,-8,-8,-8,-8,-7,-8,-6,-8,-4,-8,-3,-8,-1,-8,1,-8,3,-8,5,-8,7,-8,9,-7,11,-7,12]",giovani,unknown,unknown
CSI_DATA,902104,b2:1f:e7:2b:79:66,-36,11,1,7,0,1,1,0,1,0,1,-97,0,1,0,-99892640,0,83,0,128,1,"[83,-80,4,0,7,15,7,15,8,14,8,14,7,13,7,12,6,12,5,11,4,11,3,10,1,10,-1,10,-2,9,-4,9,-5,9,-6,8,-8,8,-9,7,-10,7,-10,6,-11,6,-11,5,-11,5,-10,4,-10,4,-3,1,0,0,0,0,0,0,0,0,0,0,0,0,0,0,0,0,0,0,-1,0,-1,2,-2,2,-4,1,-5,0,-6,-1,-7,-1,-8,-2,-9,-2,-9,-3,-10,-3,-11,-3,-11,-3,-11,-3,-11,-2,-10,-1,-10,0,-9,1,-8,2,-7,4,-6,5,-4,7,-2,8,-1,10,1,11,2,13,3,13]",giovani,unknown,unknown
CSI_DATA,902106,b2:1f:e7:2b:79:66,-36,11,1,7,0,1,1,0,1,0,1,-97,0,1,0,-99887728,0,83,0,128,1,"[83,-80,4,0,16,-3,16,-3,16,-4,15,-4,15,-4,14,-3,14,-3,13,-2,12,-1,11,0,10,1,9,3,8,4,8,6,7,7,6,8,5,9,4,10,4,10,3,11,2,11,2,11,1,10,1,10,0,10,0,2,0,0,0,0,0,0,0,0,0,0,0,0,0,0,0,0,0,0,0,0,2,1,1,2,0,2,-1,3,-2,4,-3,5,-4,6,-5,7,-6,7,-6,8,-7,8,-7,9,-6,9,-5,9,-4,9,-3,9,-2,8,0,8,2,7,3,6,5,5,7,4,9,3,11,3,13,2,14,1]",giovani,unknown,unknown
CSI_DATA,902108,b2:1f:e7:2b:79:66,-40,11,1,7,0,1,1,0,1,0,1,-97,0,1,0,-99883083,0,83,0,128,1,"[83,-80,4,0,34,-19,34,-20,33,-21,32,-21,31,-20,30,-19,28,-17,27,-15,26,-12,25,-9,24,-6,23,-2,23,1,22,6,21,9,20,12,19,15,18,18,17,20,16,21,15,22,13,22,12,21,10,21,9,21,2,5,0,0,0,0,0,0,0,0,0,0,0,0,0,0,0,0,0,0,1,0,6,0,5,2,4,5,3,8,2,11,0,14,-1,16,-2,19,-3,20,-3,22,-3,23,-3,23,-2,23,0,23,1,22,3,20,6,18,9,16,12,13,15,10,18,7,21,3,24,-1,27,-5,30,-9,32,-12]",giovani,unknown,unknown
CSI_DATA,902110,b2:1f:e7:2b:79:66,-36,11,1,7,0,1,1,0,1,0,1,-97,0,1,0,-99877454,0,83,0,128,1,"[83,-80,4,0,8,-15,8,-15,7,-15,7,-15,7,-14,6,-14,6,-13,6,-11,6,-10,7,-9,7,-8,8,-6,8,-5,9,-3,10,-2,10,0,10,1,10,2,10,3,10,4,10,5,9,5,9,5,8,5,8,5,2,1,0,0,0,0,0,0,0,0,0,0,0,0,0,0,0,0,0,0,0,-1,2,-2,2,-1,2,1,3,2,3,4,3,5,3,6,3,7,3,8,3,9,3,9,4,9,4,9,4,8,5,8,5,7,6,5,6,4,7,2,7,1,7,-1,8,-3,8,-6,9,-8,9,-10,9,-11]",giovani,unknown,unknown
CSI_DATA,902112,b2:1f:e7:2b:79:66,-36,11,1,7,0,1,1,0,1,0,1,-97,0,1,0,-99872793,0,83,0,128,1,"[83,-80,4,0,15,-7,15,-7,14,-7,14,-7,14,-7,13,-7,12,-6,12,-5,11,-4,10,-3,10,-2,9,0,9,1,9,3,8,4,8,6,7,7,7,8,6,9,6,9,5,9,5,9,4,9,4,9,3,9,0,2,0,0,0,0,0,0,0,0,0,0,0,0,0,0,0,0,0,0,0,0,2,1,1,2,1,2,0,3,-1,5,-2,6,-3,7,-3,7,-4,8,-4,9,-4,9,-4,9,-3,9,-3,9,-2,9,-1,9,0,8,2,7,3,6,5,5,6,4,8,2,9,1,11,0,12,-2,13,-3]",giovani,unknown,unknown
CSI_DATA,902114,b2:1f:e7:2b:79:66,-36,11,1,7,0,1,1,0,1,0,1,-97,0,1,0,-99868259,0,83,0,128,1,"[83,-80,4,0,-2,16,-1,16,-1,16,0,15,0,15,0,14,-1,13,-1,12,-2,11,-3,10,-4,9,-5,8,-6,8,-7,7,-9,6,-10,5,-10,4,-11,3,-11,2,-12,1,-12,1,-12,0,-11,0,-11,0,-10,-1,-3,-1,0,0,0,0,0,0,0,0,0,0,0,0,0,0,0,0,0,0,-1,0,-3,1,-3,0,-4,-1,-4,-2,-5,-3,-5,-4,-6,-5,-6,-6,-7,-7,-7,-7,-8,-8,-8,-8,-8,-8,-8,-7,-9,-6,-9,-5,-9,-3,-9,-2,-8,0,-8,2,-7,4,-7,6,-6,8,-6,10,-5,11,-4,13]",giovani,unknown,unknown
CSI_DATA,902116,b2:1f:e7:2b:79:66,-36,11,1,7,0,1,1,0,1,0,1,-97,0,1,0,-99862698,0,83,0,128,1,"[83,-80,4,0,-6,15,-5,15,-5,15,-4,15,-4,14,-4,14,-4,13,-5,12,-5,10,-6,9,-7,8,-8,7,-8,6,-9,4,-10,3,-11,2,-11,1,-11,-1,-12,-1,-12,-2,-12,-2,-11,-3,-11,-3,-10,-4,-10,-4,-3,-1,0,0,0,0,0,0,0,0,0,0,0,0,0,0,0,0,0,0,-1,0,-3,1,-3,0,-4,-2,-4,-3,-4,-4,-5,-5,-5,-6,-5,-7,-5,-8,-6,-9,-6,-9,-6,-9,-6,-9,-7,-9,-7,-8,-7,-6,-8,-5,-8,-4,-8,-2,-8,0,-8,2,-8,4,-8,6,-8,8,-7,10,-7,12]",giovani,unknown,unknown
CSI_DATA,902118,b2:1f:e7:2b:79:66,-36,11,1,7,0,1,1,0,1,0,1,-97,0,1,0,-99857273,0,83,0,128,1,"[83,-80,4,0,15,4,15,4,15,3,15,3,14,3,14,3,13,3,12,3,11,4,10,4,8,5,7,6,6,7,5,8,4,9,3,9,2,10,1,10,0,11,-1,11,-2,11,-2,10,-3,10,-3,9,-3,9,-1,2,0,0,0,0,0,0,0,0,0,0,0,0,0,0,0,0,0,0,0,0,1,2,0,2,-2,2,-3,3,-4,3,-5,3,-6,4,-7,4,-8,4,-9,5,-9,5,-9,5,-9,5,-8,6,-8,6,-7,6,-5,7,-4,7,-2,7,0,7,2,7,4,7,6,7,8,7,10,6,12,6]",giovani,unknown,unknown
CSI_DATA,902120,b2:1f:e7:2b:79:66,-40,11,1,7,0,1,1,0,1,0,1,-97,0,1,0,-99851801,0,83,0,128,1,"[83,-80,4,0,42,-5,42,-6,42,-7,41,-7,39,-7,38,-6,36,-5,33,-3,31,-1,28,2,26,5,24,8,21,12,19,15,17,19,14,21,12,24,10,26,8,27,6,28,4,28,3,28,2,27,1,26,0,25,0,6,0,0,0,0,0,0,0,0,0,0,0,0,0,0,0,0,0,0,1,0,6,4,4,5,1,7,-1,10,-4,12,-6,15,-9,17,-11,18,-12,20,-13,21,-14,22,-14,23,-12,23,-11,23,-9,23,-6,22,-3,21,1,20,6,19,11,17,15,15,20,12,24,9,29,7,34,4,37,1]",giovani,unknown,unknown
CSI_DATA,902122,b2:1f:e7:2b:79:66,-40,11,1,7,0,1,1,0,1,0,1,-97,0,1,0,-99846826,0,83,0,128,1,"[83,-80,4,0,10,37,11,37,12,36,12,35,12,33,12,32,11,30,9,29,6,27,3,26,-1,24,-4,23,-7,21,-10,20,-14,19,-17,17,-19,16,-21,15,-22,13,-24,12,-24,11,-24,9,-24,8,-23,7,-23,6,-6,1,0,0,0,0,0,0,0,0,0,0,0,0,0,0,0,0,0,0,-1,1,-4,5,-6,4,-8,1,-10,-1,-12,-3,-14,-5,-16,-6,-18,-8,-20,-9,-21,-11,-22,-11,-23,-11,-23,-10,-22,-8,-22,-6,-22,-3,-21,0,-19,3,-16,7,-14,11,-11,15,-9,19,-6,23,-3,27,0,30,3,33]",giovani,unknown,unknown
CSI_DATA,902124,b2:1f:e7:2b:79:66,-36,11,1,7,0,1,1,0,1,0,1,-97,0,1,0,-99841242,0,83,0,128,1,"[83,-80,4,0,5,15,6,15,6,14,6,14,6,13,5,12,5,12,4,11,4,11,2,10,1,10,-1,10,-2,9,-4,9,-5,9,-7,8,-8,8,-9,7,-9,7,-10,6,-10,6,-10,5,-10,5,-10,4,-9,4,-3,1,0,0,0,0,0,0,0,0,0,0,0,0,0,0,0,0,0,0,-1,0,-2,2,-3,1,-4,0,-5,-1,-6,-1,-7,-2,-7,-3,-8,-3,-9,-4,-10,-4,-10,-4,-10,-4,-11,-4,-10,-3,-10,-2,-10,-1,-9,0,-8,1,-7,3,-6,4,-5,6,-3,8,-2,9,0,11,1,12,2,14]",giovani,unknown,unknown
CSI_DATA,902126,b2:1f:e7:2b:79:66,-36,11,1,7,0,1,1,0,1,0,1,-97,0,1,0,-99836078,0,83,0,128,1,"[83,-80,4,0,-14,-11,-14,-10,-14,-10,-13,-10,-13,-9,-12,-9,-11,-9,-11,-9,-9,-9,-8,-9,-7,-9,-5,-9,-4,-10,-2,-10,-1,-11,1,-11,2,-11,3,-11,4,-11,5,-11,6,-10,6,-10,6,-9,6,-9,6,-8,1,-2,0,0,0,0,0,0,0,0,0,0,0,0,0,0,0,0,0,0,-1,-1,-1,-3,0,-3,1,-3,2,-3,4,-3,5,-3,6,-3,7,-3,8,-3,9,-3,9,-3,10,-3,9,-3,9,-4,8,-4,7,-5,6,-6,5,-6,3,-7,1,-8,0,-8,-2,-9,-4,-10,-6,-10,-8,-11,-9,-11]",giovani,unknown,unknown
CSI_DATA,902128,b2:1f:e7:2b:79:66,-40,11,1,7,0,1,1,0,1,0,1,-97,0,1,0,-99830945,0,83,0,128,1,"[83,-80,4,0,-39,-9,-39,-8,-38,-7,-38,-6,-36,-6,-35,-6,-33,-6,-30,-7,-28,-8,-25,-10,-22,-12,-20,-14,-17,-16,-14,-19,-11,-21,-8,-23,-6,-25,-3,-26,-2,-27,0,-27,1,-27,2,-26,3,-25,4,-24,5,-23,1,-6,0,0,0,0,0,0,0,0,0,0,0,0,0,0,0,0,0,0,-2,-2,-4,-6,-2,-7,1,-8,3,-9,6,-10,10,-11,12,-12,14,-13,16,-14,18,-14,18,-15,18,-16,18,-16,16,-17,14,-18,11,-18,8,-18,4,-19,0,-19,-4,-19,-9,-19,-14,-18,-19,-17,-24,-16,-28,-14,-31,-13]",giovani,unknown,unknown
CSI_DATA,902130,b2:1f:e7:2b:79:66,-36,11,1,7,0,1,1,0,1,0,1,-97,0,1,0,-99824629,0,83,0,128,1,"[83,-80,4,0,-8,14,-8,14,-7,14,-7,14,-6,13,-6,13,-6,12,-6,11,-7,10,-7,8,-8,7,-8,6,-9,5,-10,3,-10,2,-11,0,-11,-1,-12,-2,-12,-3,-12,-3,-11,-4,-11,-4,-11,-5,-10,-5,-10,-5,-3,-2,0,0,0,0,0,0,0,0,0,0,0,0,0,0,0,0,0,0,-1,0,-3,0,-3,-1,-3,-2,-4,-3,-4,-5,-4,-6,-4,-7,-4,-8,-4,-9,-4,-10,-4,-10,-4,-10,-5,-10,-5,-10,-6,-9,-6,-8,-7,-6,-7,-5,-8,-3,-8,-1,-8,1,-9,3,-9,5,-9,7,-9,9,-9,10]",giovani,unknown,unknown
CSI_DATA,902132,b2:1f:e7:2b:79:66,-40,11,1,7,0,1,1,0,1,0,1,-97,0,1,0,-99819347,0,83,0,128,1,"[83,-80,4,0,34,16,35,15,35,14,34,13,33,13,31,12,29,12,27,13,24,14,21,15,18,16,14,17,11,19,8,21,5,22,1,23,-1,24,-4,25,-6,25,-8,25,-9,24,-10,23,-11,22,-11,21,-12,20,-3,4,0,0,0,0,0,0,0,0,0,0,0,0,0,0,0,0,0,0,0,1,2,6,0,6,-3,6,-6,7,-9,7,-12,8,-15,8,-17,9,-19,9,-21,9,-22,10,-22,11,-21,11,-20,12,-18,13,-16,14,-13,15,-9,16,-5,17,0,18,4,18,9,19,14,19,19,19,23,19,27,19]",giovani,unknown,unknown
CSI_DATA,902134,b2:1f:e7:2b:79:66,-36,11,1,7,0,1,1,0,1,0,1,-97,0,1,0,-99803774,0,83,0,128,1,"[83,-80,4,0,-1,15,0,15,0,15,0,15,0,14,0,14,0,13,0,12,-1,11,-2,10,-3,9,-5,8,-6,7,-7,7,-8,6,-9,5,-10,4,-10,3,-11,2,-12,2,-12,1,-11,1,-11,0,-11,0,-10,-1,-3,-1,0,0,0,0,0,0,0,0,0,0,0,0,0,0,0,0,0,0,-1,0,-3,1,-3,0,-4,-1,-4,-2,-5,-3,-5,-4,-6,-5,-6,-6,-7,-6,-7,-7,-8,-8,-8,-8,-8,-7,-8,-7,-8,-6,-8,-5,-9,-3,-8,-2,-8,0,-7,2,-7,4,-6,6,-5,8,-5,10,-4,12,-3,13]",giovani,unknown,unknown
CSI_DATA,902136,b2:1f:e7:2b:79:66,-36,11,1,7,0,1,1,0,1,0,1,-97,0,1,0,-99798277,0,83,0,128,1,"[83,-80,4,0,0,-17,0,-17,-1,-17,-1,-16,-1,-16,-1,-15,-1,-14,0,-13,1,-12,2,-12,3,-11,4,-10,5,-9,6,-8,8,-7,9,-6,9,-5,10,-4,10,-3,11,-3,11,-2,11,-2,10,-1,10,-1,10,-1,2,0,0,0,0,0,0,0,0,0,0,0,0,0,0,0,0,0,0,0,0,-1,2,-2,2,-2,3,0,3,1,4,2,4,3,5,4,5,5,6,6,6,6,7,7,7,7,7,7,7,6,8,5,8,4,8,2,7,1,7,-1,7,-3,6,-5,6,-7,5,-9,4,-11,4,-13,3,-14]",giovani,unknown,unknown
CSI_DATA,902138,b2:1f:e7:2b:79:66,-36,11,1,7,0,1,1,0,1,0,1,-97,0,1,0,-99793455,0,83,0,128,1,"[83,-80,4,0,2,16,2,16,3,16,3,15,3,15,3,14,2,13,2,13,1,11,0,11,-2,10,-3,10,-5,9,-6,8,-7,7,-9,6,-10,6,-10,5,-11,4,-11,4,-12,3,-11,3,-11,2,-11,2,-11,1,-3,0,0,0,0,0,0,0,0,0,0,0,0,0,0,0,0,0,0,0,-1,0,-2,2,-3,1,-4,0,-5,-1,-5,-2,-6,-3,-7,-4,-7,-5,-8,-5,-9,-6,-9,-6,-10,-6,-10,-6,-10,-5,-10,-4,-9,-3,-9,-2,-9,0,-8,1,-7,3,-6,5,-5,7,-4,9,-3,11,-2,12,-1,14]",giovani,unknown,unknown
CSI_DATA,902140,b2:1f:e7:2b:79:66,-36,11,1,7,0,1,1,0,1,0,1,-97,0,1,0,-99788457,0,83,0,128,1,"[83,-80,4,0,-17,-1,-18,-1,-17,-1,-17,0,-16,0,-15,0,-14,-1,-14,-1,-13,-2,-12,-3,-11,-4,-10,-5,-9,-6,-8,-7,-7,-9,-6,-10,-5,-10,-4,-11,-4,-12,-3,-12,-2,-12,-2,-12,-1,-11,-1,-11,-1,-11,0,-3,0,0,0,0,0,0,0,0,0,0,0,0,0,0,0,0,0,0,-1,-1,-3,-3,-2,-3,-1,-4,1,-4,2,-5,3,-6,4,-6,5,-7,6,-7,6,-7,7,-8,7,-8,6,-8,6,-9,5,-9,4,-9,2,-9,1,-9,-1,-8,-3,-8,-5,-7,-7,-7,-9,-6,-11,-5,-13,-5,-14,-4]",giovani,unknown,unknown
CSI_DATA,902142,b2:1f:e7:2b:79:66,-36,11,1,7,0,1,1,0,1,0,1,-97,0,1,0,-99782996,0,83,0,128,1,"[83,-80,4,0,-2,-17,-3,-17,-3,-17,-3,-16,-3,-16,-3,-15,-2,-14,-2,-13,-1,-13,0,-12,1,-11,2,-10,4,-10,5,-9,6,-8,8,-7,9,-6,9,-6,10,-5,10,-5,10,-4,10,-4,10,-3,10,-3,9,-2,2,-1,0,0,0,0,0,0,0,0,0,0,0,0,0,0,0,0,0,0,0,-1,1,-3,2,-2,3,-1,4,0,4,2,5,3,5,4,6,4,7,5,7,6,8,6,8,6,8,6,8,5,8,4,8,3,8,1,8,0,7,-2,6,-4,6,-6,5,-8,4,-10,3,-11,2,-13,1,-14]",giovani,unknown,unknown
CSI_DATA,902144,b2:1f:e7:2b:79:66,-36,11,1,7,0,1,1,0,1,0,1,-97,0,1,0,-99778093,0,83,0,128,1,"[83,-80,4,0,10,-13,10,-14,9,-14,9,-13,8,-13,8,-12,8,-12,8,-11,8,-9,8,-8,8,-7,8,-5,9,-4,9,-2,10,-1,10,1,10,2,10,3,10,4,10,5,9,5,9,5,9,5,8,6,8,6,1,1,0,0,0,0,0,0,0,0,0,0,0,0,0,0,0,0,0,0,0,-1,2,-1,2,0,2,2,2,3,2,4,1,6,1,7,1,8,1,9,1,9,1,10,1,10,2,10,2,9,3,9,3,8,4,7,5,5,6,4,7,2,8,0,8,-2,9,-4,10,-6,10,-8,11,-9]",giovani,unknown,unknown
CSI_DATA,902146,b2:1f:e7:2b:79:66,-36,11,1,7,0,1,1,0,1,0,1,-97,0,1,0,-99772695,0,83,0,128,1,"[83,-80,4,0,-11,-14,-11,-13,-11,-13,-11,-12,-11,-12,-10,-11,-10,-11,-9,-11,-8,-11,-6,-10,-5,-10,-3,-10,-2,-10,0,-10,1,-11,3,-10,4,-10,5,-10,6,-10,7,-10,7,-9,7,-9,7,-8,7,-7,7,-7,1,-2,0,0,0,0,0,0,0,0,0,0,0,0,0,0,0,0,0,0,0,-1,0,-4,1,-3,2,-3,3,-2,5,-1,6,-1,7,-1,8,0,9,0,9,0,10,0,10,0,10,0,10,-1,9,-2,8,-3,8,-4,6,-5,5,-6,3,-7,2,-8,0,-9,-2,-10,-4,-11,-5,-12,-6,-13]",giovani,unknown,unknown
CSI_DATA,902148,b2:1f:e7:2b:79:66,-36,11,1,7,0,1,1,0,1,0,1,-97,0,1,0,-99767477,0,83,0,128,1,"[83,-80,4,0,11,-12,11,-12,11,-12,10,-12,10,-12,9,-11,9,-11,9,-9,9,-8,8,-7,8,-6,9,-4,9,-3,9,-1,10,1,10,2,10,3,10,4,9,5,9,5,9,6,9,6,8,6,7,6,7,6,1,1,0,0,0,0,0,0,0,0,0,0,0,0,0,0,0,0,0,0,0,0,2,0,2,1,2,2,1,3,1,4,1,6,0,7,0,8,0,9,0,9,0,10,0,10,0,10,1,9,2,9,2,8,3,7,4,6,5,5,7,3,8,1,9,-1,9,-3,10,-5,11,-6,11,-8]",giovani,unknown,unknown
CSI_DATA,902150,b2:1f:e7:2b:79:66,-36,11,1,7,0,1,1,0,1,0,1,-97,0,1,0,-99762513,0,83,0,128,1,"[83,-80,4,0,-17,1,-17,2,-17,2,-16,2,-16,2,-15,2,-14,1,-13,1,-13,0,-12,-1,-11,-2,-10,-4,-9,-5,-9,-6,-8,-8,-7,-9,-6,-10,-5,-11,-5,-11,-4,-12,-4,-12,-3,-12,-3,-11,-2,-11,-2,-10,-1,-3,0,0,0,0,0,0,0,0,0,0,0,0,0,0,0,0,0,0,-1,-1,-3,-2,-2,-3,-1,-4,0,-4,1,-5,2,-6,3,-7,4,-7,5,-8,5,-8,6,-9,6,-9,5,-9,4,-9,4,-9,2,-9,1,-9,0,-8,-2,-8,-4,-7,-6,-7,-8,-6,-10,-5,-11,-4,-13,-3,-14,-2]",giovani,unknown,unknown
CSI_DATA,902152,b2:1f:e7:2b:79:66,-36,11,1,7,0,1,1,0,1,0,1,-97,0,1,0,-99756908,0,83,0,128,1,"[83,-80,4,0,1,-17,1,-17,0,-17,0,-16,0,-16,0,-15,0,-14,1,-14,1,-13,2,-11,3,-10,4,-9,5,-8,7,-7,8,-6,9,-5,10,-4,10,-3,11,-2,11,-2,11,-1,11,-1,10,0,10,0,9,0,2,0,0,0,0,0,0,0,0,0,0,0,0,0,0,0,0,0,0,0,0,-1,2,-2,2,-1,3,0,3,1,4,2,4,3,5,4,5,5,6,6,6,7,6,7,7,7,7,7,7,6,8,5,7,4,7,3,7,1,7,-1,7,-2,6,-4,6,-6,5,-8,5,-10,4,-12,4,-14]",giovani,unknown,unknown
CSI_DATA,902154,b2:1f:e7:2b:79:66,-36,11,1,7,0,1,1,0,1,0,1,-97,0,1,0,-99747191,0,83,0,128,1,"[83,-80,4,0,15,-6,15,-7,15,-7,14,-7,13,-7,13,-7,12,-6,12,-5,11,-4,10,-3,10,-2,9,0,9,1,9,3,9,4,8,6,7,7,7,8,6,9,6,9,5,9,5,9,4,9,4,9,3,9,0,2,0,0,0,0,0,0,0,0,0,0,0,0,0,0,0,0,0,0,0,0,2,1,1,1,1,2,0,3,-1,5,-2,6,-3,7,-3,7,-4,8,-4,9,-4,9,-4,9,-4,9,-3,9,-2,9,-1,9,0,8,1,7,3,6,4,5,6,4,8,3,9,1,11,0,12,-2,13,-3]",giovani,unknown,unknown
CSI_DATA,902156,b2:1f:e7:2b:79:66,-36,11,1,7,0,1,1,0,1,0,1,-97,0,1,0,-99742702,0,83,0,128,1,"[83,-80,4,0,10,12,10,12,11,12,11,11,10,11,10,10,9,10,8,9,7,9,5,9,4,9,2,9,1,9,-1,9,-2,9,-4,9,-5,9,-6,9,-7,9,-7,9,-8,8,-8,8,-8,7,-8,7,-8,6,-2,1,0,0,0,0,0,0,0,0,0,0,0,0,0,0,0,0,0,0,0,0,-1,2,-2,2,-3,1,-4,1,-5,1,-7,0,-8,0,-9,0,-9,-1,-10,-1,-11,-1,-11,0,-11,0,-11,0,-10,1,-9,2,-9,3,-7,4,-6,5,-4,6,-2,7,-1,9,1,10,3,10,5,11,6,12]",giovani,unknown,unknown
CSI_DATA,902158,b2:1f:e7:2b:79:66,-36,11,1,7,0,1,1,0,1,0,1,-97,0,1,0,-99737848,0,83,0,128,1,"[83,-80,4,0,-6,15,-5,15,-5,15,-4,15,-4,14,-4,14,-4,13,-4,12,-5,11,-5,9,-6,8,-7,7,-8,6,-9,5,-10,4,-11,2,-11,1,-12,0,-12,-1,-12,-2,-12,-2,-12,-3,-11,-3,-11,-3,-10,-3,-3,-1,0,0,0,0,0,0,0,0,0,0,0,0,0,0,0,0,0,0,-1,0,-3,1,-3,0,-4,-2,-4,-3,-4,-4,-5,-5,-5,-6,-5,-7,-5,-8,-6,-9,-6,-9,-6,-9,-6,-9,-7,-9,-7,-8,-8,-7,-8,-5,-8,-4,-8,-2,-8,0,-8,2,-8,4,-8,6,-8,8,-7,10,-7,12]",giovani,unknown,unknown
CSI_DATA,902160,b2:1f:e7:2b:79:66,-36,11,1,7,0,1,1,0,1,0,1,-97,0,1,0,-99731743,0,83,0,128,1,"[83,-80,4,0,16,2,16,1,16,1,16,1,15,0,14,1,13,1,12,1,11,2,10,3,9,4,8,5,7,6,6,7,5,8,4,9,3,10,2,10,1,11,1,11,0,11,-1,11,-1,10,-1,10,-2,9,-1,2,0,0,0,0,0,0,0,0,0,0,0,0,0,0,0,0,0,0,0,0,1,2,0,2,-1,3,-2,3,-3,4,-5,4,-6,5,-7,5,-7,6,-8,6,-8,6,-8,7,-8,7,-7,7,-7,7,-6,7,-4,7,-3,7,-1,7,1,7,3,7,5,6,7,6,9,5,11,5,13,4]",giovani,unknown,unknown
CSI_DATA,902162,b2:1f:e7:2b:79:66,-40,11,1,7,0,1,1,0,1,0,1,-97,0,1,0,-99726939,0,83,0,128,1,"[83,-80,4,0,-40,19,-39,20,-38,21,-37,21,-35,20,-34,19,-33,17,-31,15,-30,12,-29,8,-28,5,-27,1,-26,-3,-25,-7,-24,-12,-23,-15,-22,-18,-21,-21,-20,-23,-19,-24,-17,-25,-16,-25,-14,-25,-13,-24,-11,-24,-3,-6,0,0,0,0,0,0,0,0,0,0,0,0,0,0,0,0,0,0,-2,-1,-8,-3,-6,-5,-5,-8,-3,-11,-1,-14,1,-17,3,-19,4,-22,5,-24,6,-25,6,-26,6,-27,4,-27,3,-27,0,-26,-2,-24,-5,-22,-8,-19,-12,-17,-16,-14,-20,-10,-24,-6,-27,-2,-31,3,-34,7,-36,10]",giovani,unknown,unknown
CSI_DATA,902164,b2:1f:e7:2b:79:66,-40,11,1,7,0,1,1,0,1,0,1,-97,0,1,0,-99721213,0,83,0,128,1,"[83,-80,4,0,9,-38,7,-39,7,-39,6,-38,5,-36,5,-35,6,-33,6,-31,7,-28,9,-25,11,-23,14,-20,16,-17,18,-14,21,-11,22,-8,24,-5,25,-3,26,-1,26,0,26,2,25,3,24,4,23,4,22,5,5,1,0,0,0,0,0,0,0,0,0,0,0,0,0,0,0,0,0,0,1,-2,5,-4,6,-2,7,1,8,4,9,7,10,10,10,12,11,14,12,17,13,18,14,19,14,19,15,18,16,17,16,15,17,12,17,8,17,5,17,1,17,-4,17,-8,17,-13,16,-18,15,-23,14,-28,13,-31]",giovani,unknown,unknown
CSI_DATA,902166,b2:1f:e7:2b:79:66,-36,11,1,7,0,1,1,0,1,0,1,-97,0,1,0,-99716174,0,83,0,128,1,"[83,-80,4,0,4,15,4,15,5,15,5,14,5,14,5,13,4,12,3,12,2,11,1,10,-1,10,-2,9,-4,9,-5,8,-6,8,-8,7,-9,7,-9,6,-10,5,-10,5,-11,4,-11,4,-11,3,-10,2,-10,2,-3,0,0,0,0,0,0,0,0,0,0,0,0,0,0,0,0,0,0,0,-1,0,-2,2,-2,2,-4,1,-5,0,-6,-1,-7,-2,-7,-3,-8,-3,-9,-4,-10,-4,-10,-5,-10,-5,-10,-4,-10,-4,-10,-3,-10,-2,-9,0,-9,1,-7,3,-6,4,-5,6,-4,8,-3,9,-2,11,0,12,1,13]",giovani,unknown,unknown
CSI_DATA,902168,b2:1f:e7:2b:79:66,-37,11,1,7,0,1,1,0,1,0,1,-97,0,1,0,-99700150,0,83,0,128,1,"[83,-80,4,0,11,10,12,10,12,9,12,9,11,9,10,8,10,8,9,8,8,8,6,8,5,8,3,8,2,9,0,9,-1,9,-3,9,-4,9,-5,9,-6,9,-6,9,-7,8,-7,8,-7,8,-7,7,-7,7,-2,1,0,0,0,0,0,0,0,0,0,0,0,0,0,0,0,0,0,0,0,0,0,2,-1,2,-3,2,-4,1,-5,1,-6,1,-7,1,-8,1,-9,1,-10,1,-10,1,-11,1,-11,1,-10,1,-10,2,-9,3,-8,4,-6,5,-5,5,-3,6,-1,7,1,8,3,8,5,9,6,10,8,10]",giovani,unknown,unknown
CSI_DATA,902170,b2:1f:e7:2b:79:66,-36,11,1,7,0,1,1,0,1,0,1,-97,0,1,0,-99694466,0,83,0,128,1,"[83,-80,4,0,16,-2,16,-2,16,-3,15,-3,15,-3,14,-2,13,-2,13,-1,11,0,10,1,10,2,9,3,8,4,7,6,6,7,6,8,5,9,4,10,3,10,2,11,2,11,1,11,1,10,0,10,0,10,0,2,0,0,0,0,0,0,0,0,0,0,0,0,0,0,0,0,0,0,0,0,2,1,1,2,0,3,-1,3,-2,4,-3,5,-4,6,-5,7,-5,7,-6,8,-6,8,-6,8,-6,8,-5,8,-4,8,-3,8,-2,8,-1,7,1,7,3,6,5,6,7,5,9,4,11,3,13,2,14,0]",giovani,unknown,unknown
CSI_DATA,902172,b2:1f:e7:2b:79:66,-37,11,1,7,0,1,1,0,1,0,1,-97,0,1,0,-99689690,0,83,0,128,1,"[83,-80,4,0,-14,27,-13,28,-12,28,-11,27,-11,26,-11,25,-10,23,-10,21,-11,19,-12,17,-13,14,-15,12,-16,9,-17,6,-19,4,-20,2,-20,-1,-21,-3,-21,-5,-21,-6,-21,-7,-21,-8,-20,-8,-19,-8,-18,-9,-5,-3,0,0,0,0,0,0,0,0,0,0,0,0,0,0,0,0,0,0,-2,0,-6,2,-6,0,-6,-3,-7,-6,-7,-8,-7,-10,-7,-12,-7,-14,-7,-16,-8,-18,-9,-18,-9,-18,-9,-18,-10,-17,-11,-16,-12,-13,-13,-11,-14,-8,-14,-5,-15,-2,-15,2,-16,6,-16,10,-16,14,-16,18,-15,21]",giovani,unknown,unknown
CSI_DATA,902174,b2:1f:e7:2b:79:66,-36,11,1,7,0,1,1,0,1,0,1,-97,0,1,0,-99683977,0,83,0,128,1,"[83,-80,4,0,7,14,8,14,8,14,8,13,8,13,7,12,7,12,6,11,5,10,3,10,2,10,0,10,-1,9,-3,9,-4,9,-6,9,-7,8,-8,8,-9,7,-10,7,-10,6,-10,6,-10,5,-10,5,-10,4,-3,1,0,0,0,0,0,0,0,0,0,0,0,0,0,0,0,0,0,0,-1,0,-1,2,-2,2,-4,1,-5,0,-6,0,-7,-1,-8,-1,-9,-2,-10,-2,-10,-3,-11,-3,-11,-3,-11,-2,-11,-2,-10,-1,-10,0,-9,1,-8,3,-7,4,-6,5,-4,7,-3,8,-1,10,1,11,3,12,4,13]",giovani,unknown,unknown
CSI_DATA,902176,b2:1f:e7:2b:79:66,-36,11,1,7,0,1,1,0,1,0,1,-97,0,1,0,-99678504,0,83,0,128,1,"[83,-80,4,0,8,-15,8,-15,7,-15,7,-15,7,-14,6,-14,6,-13,6,-12,6,-11,7,-10,7,-8,8,-7,8,-5,9,-4,10,-2,10,-1,10,0,11,1,11,2,11,3,10,3,10,4,9,4,9,4,8,4,2,1,0,0,0,0,0,0,0,0,0,0,0,0,0,0,0,0,0,0,0,-1,2,-1,2,0,2,1,2,3,2,4,2,5,2,6,2,7,2,9,2,9,2,10,2,10,3,10,3,9,4,8,4,7,5,6,5,5,6,3,7,1,7,-1,8,-3,8,-5,9,-7,9,-9,9,-11]",giovani,unknown,unknown
CSI_DATA,902178,b2:1f:e7:2b:79:66,-36,11,1,7,0,1,1,0,1,0,1,-97,0,1,0,-99673817,0,83,0,128,1,"[83,-80,4,0,9,-14,9,-14,9,-14,8,-14,8,-13,8,-13,7,-12,7,-11,7,-10,7,-9,8,-7,8,-6,9,-4,9,-2,10,-1,10,0,10,2,10,3,10,4,10,4,10,5,9,5,9,5,8,5,8,5,2,1,0,0,0,0,0,0,0,0,0,0,0,0,0,0,0,0,0,0,0,-1,2,-1,2,0,2,1,2,3,2,4,2,5,2,6,2,7,1,9,1,9,2,10,2,10,2,10,3,9,3,9,4,7,5,6,5,5,6,3,7,2,8,0,8,-2,9,-4,9,-6,10,-8,10,-10]",giovani,unknown,unknown
CSI_DATA,902180,b2:1f:e7:2b:79:66,-36,11,1,7,0,1,1,0,1,0,1,-97,0,1,0,-99669166,0,83,0,128,1,"[83,-80,4,0,-12,11,-12,12,-11,12,-11,12,-10,11,-10,11,-10,10,-9,9,-9,8,-9,6,-10,5,-10,3,-10,2,-10,0,-11,-1,-11,-3,-11,-4,-11,-5,-10,-6,-10,-7,-10,-7,-9,-8,-9,-8,-8,-8,-8,-8,-2,-2,0,0,0,0,0,0,0,0,0,0,0,0,0,0,0,0,0,0,-1,0,-3,0,-3,-1,-3,-3,-3,-4,-3,-5,-2,-6,-2,-8,-2,-9,-2,-10,-2,-10,-2,-11,-2,-11,-2,-11,-3,-10,-4,-10,-4,-9,-5,-8,-6,-7,-7,-5,-8,-3,-9,-2,-9,0,-10,3,-11,4,-11,6,-12,8]",giovani,unknown,unknown
CSI_DATA,902182,b2:1f:e7:2b:79:66,-40,11,1,7,0,1,1,0,1,0,1,-97,0,1,0,-99663705,0,83,0,128,1,"[83,-80,4,0,2,-39,1,-40,0,-39,0,-38,-1,-37,0,-35,0,-34,1,-32,3,-29,5,-27,7,-25,10,-23,13,-20,16,-17,18,-15,21,-12,23,-10,24,-8,25,-7,26,-5,26,-4,25,-3,25,-2,24,-1,23,0,5,0,0,0,0,0,0,0,0,0,0,0,0,0,0,0,0,0,0,0,1,-2,5,-5,6,-3,7,0,9,3,10,6,11,8,12,11,13,13,14,15,15,16,16,17,17,17,17,16,18,15,18,12,18,9,18,6,18,2,17,-2,17,-6,16,-11,15,-16,13,-21,11,-25,9,-30,8,-33]",giovani,unknown,unknown
CSI_DATA,902184,b2:1f:e7:2b:79:66,-36,11,1,7,0,1,1,0,1,0,1,-97,0,1,0,-99658513,0,83,0,128,1,"[83,-80,4,0,10,-13,9,-14,9,-14,9,-13,8,-13,8,-12,8,-12,8,-11,8,-9,8,-8,8,-7,8,-5,9,-4,9,-2,10,-1,10,1,10,2,10,3,10,4,10,5,10,5,9,5,8,6,8,6,8,6,1,1,0,0,0,0,0,0,0,0,0,0,0,0,0,0,0,0,0,0,0,-1,2,0,2,0,2,2,2,3,1,4,1,6,1,7,1,8,1,9,1,9,1,10,1,10,1,10,2,9,3,9,3,8,4,7,5,5,6,4,7,2,7,0,8,-2,9,-4,9,-6,10,-7,11,-9]",giovani,unknown,unknown
CSI_DATA,902186,b2:1f:e7:2b:79:66,-36,11,1,7,0,1,1,0,1,0,1,-97,0,1,0,-99653955,0,83,0,128,1,"[83,-80,4,0,0,16,1,16,1,16,1,15,1,15,1,14,1,13,0,12,-1,11,-2,11,-3,10,-4,9,-6,8,-7,7,-8,6,-9,5,-10,4,-11,4,-11,3,-12,2,-12,2,-12,1,-11,1,-11,0,-11,0,-3,0,0,0,0,0,0,0,0,0,0,0,0,0,0,0,0,0,0,0,-1,0,-2,2,-3,1,-4,0,-5,-1,-5,-3,-6,-4,-7,-5,-7,-5,-8,-6,-8,-7,-9,-7,-9,-7,-9,-7,-9,-6,-9,-5,-9,-4,-9,-2,-9,-1,-8,0,-7,2,-7,4,-6,6,-5,8,-4,10,-3,12,-2,13]",giovani,unknown,unknown
CSI_DATA,902188,b2:1f:e7:2b:79:66,-36,11,1,7,0,1,1,0,1,0,1,-97,0,1,0,-99647321,0,83,0,128,1,"[83,-80,4,0,6,15,6,15,6,14,6,14,6,13,6,13,5,12,4,12,4,11,2,10,1,10,-1,10,-2,9,-4,9,-5,8,-6,8,-8,8,-9,7,-9,6,-10,6,-10,6,-10,5,-10,4,-10,4,-10,3,-3,0,0,0,0,0,0,0,0,0,0,0,0,0,0,0,0,0,0,0,-1,0,-1,2,-2,2,-3,1,-5,0,-6,-1,-7,-1,-8,-2,-8,-3,-9,-3,-10,-4,-10,-4,-11,-4,-11,-3,-11,-3,-10,-2,-10,-1,-9,1,-8,2,-7,3,-6,5,-5,6,-3,8,-2,10,0,11,1,12,2,13]",giovani,unknown,unknown
CSI_DATA,902190,b2:1f:e7:2b:79:66,-36,11,1,7,0,1,1,0,1,0,1,-97,0,1,0,-99642265,0,83,0,128,1,"[83,-80,4,0,15,5,15,4,15,4,15,4,14,4,14,4,13,4,12,4,11,4,9,5,8,6,7,6,5,7,4,8,3,9,1,10,0,10,-1,11,-2,11,-2,11,-3,11,-4,10,-4,10,-4,9,-4,9,-1,2,0,0,0,0,0,0,0,0,0,0,0,0,0,0,0,0,0,0,0,0,1,2,0,2,-1,2,-3,3,-4,3,-5,4,-6,4,-7,4,-8,5,-9,5,-9,5,-9,5,-9,5,-8,6,-8,6,-7,7,-5,7,-4,7,-2,7,0,7,2,7,4,7,6,7,8,7,10,7,12,6]",giovani,unknown,unknown
CSI_DATA,902192,b2:1f:e7:2b:79:66,-36,11,1,7,0,1,1,0,1,0,1,-97,0,1,0,-99637232,0,83,0,128,1,"[83,-80,4,0,10,-14,9,-14,9,-14,9,-14,8,-13,8,-13,8,-12,7,-11,7,-10,7,-8,8,-7,8,-6,9,-4,9,-3,10,-1,10,1,10,2,10,3,10,4,10,4,10,5,9,5,9,5,8,5,8,6,1,1,0,0,0,0,0,0,0,0,0,0,0,0,0,0,0,0,0,0,0,-1,2,-1,2,0,2,1,2,3,2,4,2,5,1,6,1,8,1,8,1,9,1,10,2,10,2,10,2,9,3,9,4,8,4,6,5,5,6,4,7,2,7,0,8,-2,9,-4,9,-6,10,-8,10,-10]",giovani,unknown,unknown
CSI_DATA,902194,b2:1f:e7:2b:79:66,-36,11,1,7,0,1,1,0,1,0,1,-97,0,1,0,-99629691,0,83,0,128,1,"[83,-80,4,0,-16,6,-16,7,-15,7,-14,7,-14,7,-13,6,-13,6,-12,5,-12,4,-11,3,-11,1,-11,0,-10,-2,-10,-3,-10,-5,-9,-6,-9,-7,-9,-8,-8,-9,-8,-10,-7,-10,-7,-10,-6,-10,-6,-10,-5,-9,-2,-3,0,0,0,0,0,0,0,0,0,0,0,0,0,0,0,0,0,0,-1,-1,-3,-2,-3,-2,-2,-4,-1,-5,0,-6,1,-7,1,-8,2,-8,2,-9,2,-10,3,-10,3,-11,2,-11,2,-10,1,-10,0,-10,-2,-9,-3,-8,-4,-7,-6,-6,-7,-4,-9,-3,-10,-1,-12,0,-13,2,-13,3]",giovani,unknown,unknown
CSI_DATA,902196,b2:1f:e7:2b:79:66,-36,11,1,7,0,1,1,0,1,0,1,-97,0,1,0,-99624266,0,83,0,128,1,"[83,-80,4,0,11,11,11,11,12,10,12,10,11,9,11,9,10,9,9,8,8,8,6,8,5,8,3,9,2,9,0,9,-1,10,-2,10,-4,10,-5,10,-6,9,-6,9,-7,9,-7,9,-7,8,-7,7,-7,7,-2,1,0,0,0,0,0,0,0,0,0,0,0,0,0,0,0,0,0,0,0,0,-1,2,-2,2,-3,2,-4,1,-5,1,-7,1,-8,1,-9,0,-10,0,-10,0,-11,0,-11,0,-11,0,-11,1,-10,2,-9,3,-8,4,-7,4,-5,5,-4,6,-2,7,0,8,2,9,4,10,6,11,7,11]",giovani,unknown,unknown
CSI_DATA,902198,b2:1f:e7:2b:79:66,-36,11,1,7,0,1,1,0,1,0,1,-97,0,1,0,-99619507,0,83,0,128,1,"[83,-80,4,0,2,16,3,16,3,15,3,15,3,14,3,14,3,13,2,12,1,12,0,11,-2,10,-3,9,-4,9,-6,8,-7,7,-8,6,-9,6,-10,5,-11,4,-11,4,-11,3,-11,3,-11,2,-11,1,-11,1,-3,0,0,0,0,0,0,0,0,0,0,0,0,0,0,0,0,0,0,0,-1,0,-2,2,-3,1,-4,0,-5,-1,-6,-2,-6,-3,-7,-3,-8,-4,-8,-5,-9,-5,-10,-6,-10,-5,-10,-5,-10,-5,-10,-4,-10,-2,-9,-1,-9,0,-8,2,-7,3,-6,5,-5,7,-4,9,-3,11,-1,12,0,13]",giovani,unknown,unknown
CSI_DATA,902200,b2:1f:e7:2b:79:66,-40,11,1,7,0,1,1,0,1,0,1,-97,0,1,0,-99614467,0,83,0,128,1,"[83,-80,4,0,35,-15,35,-17,34,-17,33,-17,32,-16,31,-16,30,-14,28,-12,27,-10,26,-7,24,-4,23,0,22,3,21,7,20,11,19,14,17,16,16,19,15,21,14,22,13,23,12,23,10,22,9,21,8,21,1,5,0,0,0,0,0,0,0,0,0,0,0,0,0,0,0,0,0,0,1,0,6,2,4,4,3,6,1,9,-1,12,-3,14,-4,16,-6,18,-7,20,-7,22,-8,23,-7,23,-6,23,-5,22,-3,22,0,21,2,19,6,17,9,15,13,13,16,10,20,6,24,2,27,-1,30,-5,32,-8]",giovani,unknown,unknown
CSI_DATA,902202,b2:1f:e7:2b:79:66,-40,11,1,7,0,1,1,0,1,0,1,-97,0,1,0,-99598694,0,83,0,128,1,"[83,-80,4,0,37,18,38,17,38,16,37,15,36,14,34,14,32,14,29,14,26,15,23,16,20,18,16,19,12,21,9,23,5,25,2,26,-1,27,-4,27,-6,28,-8,27,-10,27,-11,25,-11,24,-12,23,-12,22,-3,5,0,0,0,0,0,0,0,0,0,0,0,0,0,0,0,0,0,0,1,1,3,6,0,7,-3,7,-6,8,-9,9,-13,9,-16,10,-18,11,-20,11,-22,11,-23,12,-23,13,-23,13,-21,14,-19,15,-17,16,-14,17,-10,18,-5,19,0,20,5,21,10,21,15,21,20,21,26,21,29,20]",giovani,unknown,unknown
CSI_DATA,902204,b2:1f:e7:2b:79:66,-36,11,1,7,0,1,1,0,1,0,1,-97,0,1,0,-99591210,0,83,0,128,1,"[83,-80,4,0,0,-17,0,-17,-1,-17,-1,-17,-1,-16,-1,-15,0,-14,0,-14,1,-13,2,-11,3,-10,4,-10,5,-8,6,-7,8,-6,9,-5,10,-4,10,-3,11,-2,11,-2,11,-1,11,-1,10,0,10,0,10,0,2,0,0,0,0,0,0,0,0,0,0,0,0,0,0,0,0,0,0,0,0,-1,1,-3,2,-2,2,-1,3,1,4,2,5,3,5,4,6,4,7,5,7,6,8,6,8,6,8,6,8,5,8,4,8,3,8,2,8,0,8,-2,7,-3,6,-5,6,-7,5,-9,4,-11,4,-13,3,-14]",giovani,unknown,unknown
CSI_DATA,902206,b2:1f:e7:2b:79:66,-40,11,1,7,0,1,1,0,1,0,1,-97,0,1,0,-99590906,0,83,0,128,1,"[83,-80,4,0,-34,21,-34,22,-33,23,-32,23,-31,22,-29,21,-28,19,-27,17,-26,14,-25,10,-25,7,-25,3,-24,0,-24,-4,-23,-8,-23,-12,-22,-15,-21,-17,-20,-19,-19,-21,-18,-22,-16,-22,-15,-22,-14,-21,-13,-21,-3,-6,0,0,0,0,0,0,0,0,0,0,0,0,0,0,0,0,0,0,-2,-1,-7,-2,-6,-4,-5,-7,-4,-10,-2,-13,0,-16,1,-18,2,-21,3,-23,3,-24,4,-25,3,-26,2,-26,1,-25,-1,-24,-4,-22,-6,-20,-9,-17,-12,-15,-16,-12,-19,-8,-22,-4,-25,1,-28,5,-30,9,-32,13]",giovani,unknown,unknown
CSI_DATA,902208,b2:1f:e7:2b:79:66,-36,11,1,7,0,1,1,0,1,0,1,-97,0,1,0,-99580460,0,83,0,128,1,"[83,-80,4,0,-17,-4,-18,-3,-17,-3,-17,-3,-16,-2,-15,-2,-15,-2,-14,-3,-13,-3,-11,-4,-10,-5,-9,-6,-8,-7,-7,-8,-6,-9,-5,-10,-4,-11,-3,-12,-2,-12,-1,-13,-1,-12,0,-12,0,-12,1,-11,1,-11,0,-3,0,0,0,0,0,0,0,0,0,0,0,0,0,0,0,0,0,0,-1,-1,-2,-3,-1,-3,1,-4,2,-4,3,-4,4,-5,6,-5,7,-5,8,-6,8,-6,9,-6,9,-7,8,-7,8,-7,7,-8,6,-8,4,-8,3,-8,1,-8,-1,-8,-3,-8,-6,-8,-8,-7,-10,-7,-12,-7,-13,-7]",giovani,unknown,unknown
CSI_DATA,902210,b2:1f:e7:2b:79:66,-36,11,1,7,0,1,1,0,1,0,1,-97,0,1,0,-99574609,0,83,0,128,1,"[83,-80,4,0,-6,-16,-6,-16,-6,-16,-6,-16,-6,-15,-6,-14,-5,-14,-5,-13,-4,-12,-3,-12,-1,-11,0,-11,2,-10,3,-10,5,-10,6,-9,7,-8,8,-8,9,-7,9,-7,10,-7,10,-6,9,-5,9,-5,9,-4,2,-1,0,0,0,0,0,0,0,0,0,0,0,0,0,0,0,0,0,0,0,-1,1,-3,2,-2,3,-1,4,0,5,1,6,1,6,2,7,3,8,4,8,4,9,4,9,4,9,4,9,3,9,2,9,1,8,0,8,-2,7,-3,6,-5,4,-7,3,-9,2,-10,1,-12,-1,-13,-2,-14]",giovani,unknown,unknown
CSI_DATA,902212,b2:1f:e7:2b:79:66,-36,11,1,7,0,1,1,0,1,0,1,-97,0,1,0,-99569621,0,83,0,128,1,"[83,-80,4,0,-9,14,-9,14,-8,14,-8,14,-7,13,-7,13,-7,12,-7,11,-7,10,-7,8,-8,7,-9,6,-9,4,-10,3,-11,2,-11,0,-11,-1,-12,-2,-12,-3,-12,-4,-12,-4,-11,-5,-11,-5,-10,-5,-9,-5,-3,-2,0,0,0,0,0,0,0,0,0,0,0,0,0,0,0,0,0,0,-1,0,-3,0,-3,-1,-3,-2,-3,-4,-3,-5,-3,-6,-3,-7,-3,-8,-3,-9,-3,-10,-3,-11,-4,-11,-4,-11,-4,-10,-5,-9,-6,-8,-6,-7,-7,-6,-7,-4,-8,-2,-8,0,-9,2,-9,4,-10,6,-10,8,-10,10]",giovani,unknown,unknown
CSI_DATA,902214,b2:1f:e7:2b:79:66,-36,11,1,7,0,1,1,0,1,0,1,-97,0,1,0,-99564160,0,83,0,128,1,"[83,-80,4,0,-15,-8,-16,-8,-15,-7,-15,-7,-15,-7,-14,-6,-13,-6,-12,-6,-11,-7,-10,-7,-8,-8,-7,-8,-6,-9,-4,-10,-3,-10,-1,-11,0,-11,1,-11,2,-12,2,-12,3,-12,4,-11,4,-11,4,-10,4,-10,1,-3,0,0,0,0,0,0,0,0,0,0,0,0,0,0,0,0,0,0,-1,-1,-2,-3,0,-3,1,-3,2,-4,4,-4,5,-4,6,-4,7,-4,8,-4,9,-4,9,-4,9,-5,9,-5,9,-5,8,-6,7,-6,6,-7,4,-7,2,-8,0,-8,-2,-9,-4,-9,-6,-9,-8,-9,-10,-9,-11,-9]",giovani,unknown,unknown
CSI_DATA,902216,b2:1f:e7:2b:79:66,-40,11,1,7,0,1,1,0,1,0,1,-97,0,1,0,-99558960,0,83,0,128,1,"[83,-80,4,0,-10,-43,-11,-43,-12,-42,-12,-41,-12,-40,-11,-38,-10,-36,-8,-34,-6,-32,-3,-30,0,-29,4,-27,8,-25,12,-23,16,-21,19,-19,22,-17,24,-15,26,-14,27,-12,27,-11,27,-10,26,-9,26,-7,25,-6,6,-2,0,0,0,0,0,0,0,0,0,0,0,0,0,0,0,0,0,0,0,-2,3,-7,5,-5,8,-2,10,1,13,3,15,5,17,8,19,10,21,11,22,13,23,13,24,12,24,12,24,10,24,7,23,4,22,1,21,-3,18,-7,16,-12,14,-16,11,-21,8,-26,4,-31,0,-35,-2,-38]",giovani,unknown,unknown
CSI_DATA,902218,b2:1f:e7:2b:79:66,-36,11,1,7,0,1,1,0,1,0,1,-97,0,1,0,-99553436,0,83,0,128,1,"[83,-80,4,0,9,13,9,13,9,12,9,12,9,11,9,11,8,11,7,10,6,10,5,9,3,9,1,9,0,9,-2,9,-3,9,-4,9,-5,9,-6,9,-7,8,-8,8,-9,8,-9,7,-9,7,-8,6,-8,6,-2,1,0,0,0,0,0,0,0,0,0,0,0,0,0,0,0,0,0,0,-1,0,-1,2,-2,2,-3,1,-5,0,-6,0,-7,-1,-8,-1,-9,-2,-10,-2,-10,-2,-11,-2,-11,-2,-11,-2,-11,-1,-10,-1,-10,1,-9,2,-8,3,-6,4,-5,5,-3,7,-2,8,0,9,2,10,4,11,5,12]",giovani,unknown,unknown
CSI_DATA,902220,b2:1f:e7:2b:79:66,-36,11,1,7,0,1,1,0,1,0,1,-97,0,1,0,-99544385,0,83,0,128,1,"[83,-80,4,0,6,-15,6,-16,5,-16,5,-15,5,-15,5,-14,5,-13,5,-13,5,-11,5,-10,6,-9,7,-8,8,-6,8,-5,9,-4,10,-2,10,-1,11,0,11,1,11,1,11,2,10,2,10,2,9,3,9,3,2,0,0,0,0,0,0,0,0,0,0,0,0,0,0,0,0,0,0,0,0,-1,2,-1,2,0,2,1,3,2,3,4,3,5,3,6,3,7,3,8,3,9,3,9,4,9,4,9,4,8,5,8,5,6,6,5,6,4,7,2,7,0,7,-2,8,-4,8,-6,8,-8,8,-10,8,-12]",giovani,unknown,unknown
CSI_DATA,902222,b2:1f:e7:2b:79:66,-36,11,1,7,0,1,1,0,1,0,1,-97,0,1,0,-99539833,0,83,0,128,1,"[83,-80,4,0,-8,14,-7,15,-7,15,-6,14,-6,14,-6,13,-6,12,-6,11,-6,10,-7,9,-8,7,-9,6,-9,5,-10,3,-10,2,-11,1,-11,-1,-12,-2,-12,-3,-12,-3,-11,-4,-11,-4,-11,-4,-10,-5,-9,-5,-3,-2,0,0,0,0,0,0,0,0,0,0,0,0,0,0,0,0,0,0,-1,0,-3,1,-3,0,-4,-2,-4,-3,-4,-5,-4,-6,-4,-7,-4,-8,-5,-9,-5,-9,-5,-10,-5,-10,-6,-10,-6,-9,-6,-9,-7,-7,-7,-6,-8,-4,-8,-3,-8,-1,-8,1,-9,3,-9,5,-9,7,-9,9,-9,11]",giovani,unknown,unknown
CSI_DATA,902224,b2:1f:e7:2b:79:66,-36,11,1,7,0,1,1,0,1,0,1,-97,0,1,0,-99534498,0,83,0,128,1,"[83,-80,4,0,-1,-17,-2,-17,-2,-17,-2,-16,-2,-16,-2,-15,-2,-14,-1,-14,-1,-13,0,-12,2,-11,3,-10,4,-9,6,-8,7,-8,8,-7,9,-6,10,-5,10,-4,11,-4,11,-3,11,-3,10,-2,10,-2,10,-1,2,-1,0,0,0,0,0,0,0,0,0,0,0,0,0,0,0,0,0,0,0,-1,1,-3,2,-2,3,-1,4,0,4,2,5,3,6,4,6,4,7,5,7,6,7,6,8,6,8,6,8,5,8,4,8,3,8,1,8,0,7,-2,6,-3,6,-5,5,-7,4,-9,3,-11,2,-13,2,-14]",giovani,unknown,unknown
CSI_DATA,902226,b2:1f:e7:2b:79:66,-36,11,1,7,0,1,1,0,1,0,1,-97,0,1,0,-99529640,0,83,0,128,1,"[83,-80,4,0,5,-16,5,-16,5,-16,4,-16,4,-15,4,-15,4,-14,4,-13,4,-12,5,-10,5,-9,6,-8,7,-7,8,-5,9,-4,10,-3,10,-1,11,0,11,0,11,1,11,2,10,2,10,3,9,3,9,3,2,0,0,0,0,0,0,0,0,0,0,0,0,0,0,0,0,0,0,0,0,-1,2,-2,2,-1,3,1,3,2,3,3,3,5,3,6,4,7,4,8,4,9,4,9,4,9,5,9,5,8,5,7,6,6,6,5,7,3,7,2,7,0,7,-2,7,-5,7,-7,7,-9,7,-11,7,-12]",giovani,unknown,unknown
